index_no,port_name,country,latitude,longitude,harbor_size,harbor_type,provenance
61090,SHAKOTAN,RU,43.866667,146.833333,V,CN,real
61110,MOMBETSU KO,JP,44.35,143.35,V,CB,real
61120,ABASHIRI KO,JP,44.016667,144.283333,S,CB,real
61130,NEMURO KO,JP,43.333333,145.583333,S,CB,real
61140,HANASAKI KO,JP,43.283333,145.583333,V,CB,real
61160,KUSHIRO KO,JP,42.983333,144.366667,M,CB,real
61165,TOMAKOMAI KO,JP,42.633333,141.633333,S,CB,real
61170,MURORAN KO,JP,42.35,140.966667,M,CN,real
61180,MORI,JP,42.116667,140.583333,V,OR,real
61190,HAKODATE KO,JP,41.783333,140.716667,M,CB,real
61205,ESASI KO,JP,41.866667,140.116667,V,CB,real
61230,OTARU KO,JP,43.2,141.016667,M,CB,real
61250,RUMOI KO,JP,43.95,141.633333,V,CB,real
61260,WAKKANAI,JP,43.416667,141.683333,S,CB,real
61270,AOMORI KO,JP,40.833333,140.75,S,CB,real
61280,HACHINOHE KO,JP,40.533333,141.55,S,CB,real
61290,MIYAKO,JP,39.633333,141.983333,S,CB,real
61310,KAMAISHI KO,JP,39.266667,141.9,S,CN,real
61320,OFUNATO,JP,39.05,141.733333,S,CN,real
61325,KESENNUMA KO,JP,38.866667,141.6,V,CN,real
61330,ONAGAWA,JP,38.45,141.45,V,CB,real
61340,ISHINOMAKI KO,JP,38.4,141.316667,V,CN,real
61350,SENDAI-SHIOGAMA,JP,38.316667,141.033333,S,CN,real
61355,ONAHAMA KO,JP,36.933333,140.9,S,CB,real
61356,HITACHI,JP,36.5,140.633333,V,RB,real
61357,KASHIMA KO,JP,35.933333,140.7,S,CB,real
61360,CHOSHI,JP,35.733333,140.85,V,RN,real
61370,TATEYAMA KO,JP,35.0,139.8,V,CN,real
61372,KISARAZU KO,JP,35.366667,139.883333,V,CB,real
61375,CHIBA KO,JP,35.583333,140.066667,S,CB,real
61378,KATSUNAN KO,JP,35.666667,139.983333,S,CB,real
61385,KAWASAKI KO,JP,35.5,139.766667,L,CB,real
61390,YOKOHAMA KO,JP,35.45,139.583333,L,CB,real
61020,MYS ROGATYY OKTYABRSKIY,RU,50.733333,142.1,V,OR,real
60410,POHANG,KR,36.05,129.383333,S,OR,real
60430,MUKHO,KR,37.566667,129.116667,V,CB,real
60435,SOKCH'O HANG,KR,38.2,128.6,V,CB,real
46855,RICHARDS BAY,ZA,-28.816667,32.083333,M,CB,real
46870,MAPUTO,MZ,-25.966667,32.583333,M,LC,real
46900,CHINDE,MZ,-18.566667,36.5,S,RN,real
46910,QUELIMANE,MZ,-17.883333,36.883333,V,RN,real
46930,MOCAMBIQUE,MZ,-15.033333,40.733333,S,CN,real
46935,NACALA,MZ,-14.533333,40.666667,V,CN,real
46970,MIKINDANI,TZ,-10.266667,40.133333,V,CN,real
46975,MTWARA,TZ,-10.266667,40.2,V,CB,real
47010,DAR ES SALAAM,TZ,-6.816667,39.3,M,CN,real
47020,CHAKE CHAKE,TZ,-5.25,39.766667,S,CN,real
47100,MOMBASA,KE,-4.066667,39.666667,M,CT,real
47105,KILIFI,KE,-3.633333,39.866667,V,OR,real
47107,MALINDI,KE,-3.216667,40.133333,S,CN,real
47150,MARKA,SO,1.716667,44.783333,V,OR,real
47160,MUQDISHO,SO,2.033333,45.35,L,CB,real
47310,FOMBONI,KM,-12.266667,43.75,V,OR,real
47320,MOUTSAMOUDU,KM,-12.15,44.4,V,OR,real
47400,MAHAJANGA,MG,-15.716667,46.3,V,CN,real
46750,SALDANHA BAY,ZA,-33.033333,17.966667,M,CB,real
46770,CAPE TOWN,ZA,-33.916667,18.416667,L,CB,real
46207,OKRIKA,NG,4.716667,7.083333,V,RN,real
46210,PORT HARCOURT,NG,4.766667,7.0,V,RN,real
46225,ANTAN OIL TERMINAL,NG,4.216667,8.333333,S,OR,real
46230,CALABAR,NG,4.966667,8.316667,V,RN,real
32950,UIG,GB,57.583333,-6.35,V,CN,real
32955,LOCHMADDY,GB,57.6,-7.166667,V,CN,real
32980,CASTLE BAY,GB,56.95,-7.483333,V,CN,real
32990,LOCHBOISDALE,GB,57.15,-7.3,V,CN,real
33020,STORNOWAY HARBOR,GB,58.183333,-6.366667,V,CN,real
33030,TARBERT,GB,57.9,-6.816667,V,CN,real
32250,MACDUFF,GB,57.666667,-2.5,V,CB,real
31750,SEAHAM,GB,54.833333,-1.316667,S,CT,real
31760,SUNDERLAND,GB,54.916667,-1.366667,M,RT,real
31765,TYNEMOUTH,GB,55.0,-1.4,M,RT,real
31820,BLYTH,GB,55.116667,-1.5,M,RN,real
31830,WARKWORTH HARBOUR,GB,55.333333,-1.583333,V,RN,real
31860,BERWICK-UPON-TWEED,GB,55.766667,-2.0,V,RT,real
31880,EYEMOUTH,GB,55.866667,-2.083333,V,RN,real
31890,DUNBAR,GB,56.0,-2.516667,V,CB,real
31930,LEITH,GB,55.983333,-3.183333,M,RT,real
31940,GRANTON,GB,55.983333,-3.216667,V,CB,real
31945,BRAEFOOT BAY TERMINAL,GB,56.033333,-3.316667,S,OR,real
31972,HOUND POINT TERMINAL,GB,56.0,-3.366667,S,OR,real
31980,ROSYTH,GB,56.016667,-3.433333,S,RT,real
32010,GRANGEMOUTH,GB,56.016667,-3.716667,S,RT,real
32030,BURNTISLAND,GB,56.05,-3.233333,S,CT,real
32070,METHIL,GB,56.183333,-3.0,S,CT,real
32170,DUNDEE,GB,56.466667,-2.95,L,RB,real
32180,PERTH,GB,56.4,-3.45,S,RB,real
32200,MONTROSE,GB,56.7,-2.466667,V,RN,real
32220,ABERDEEN,GB,57.15,-2.083333,M,RB,real
32230,PETERHEAD,GB,57.5,-1.783333,M,CB,real
32240,FRASERBURGH HARBOR,GB,57.683333,-2.0,S,CB,real
31720,TEESPORT,GB,54.65,-1.133333,L,RT,real
31740,HARTLEPOOL,GB,54.7,-1.183333,S,CT,real
31150,DORDRECHT,NL,51.816667,4.65,M,RN,real
31210,VLISSINGEN,NL,51.45,3.6,M,RN,real
31220,TERNEUZEN,NL,51.35,3.816667,M,RT,real
31250,ANTWERPEN,BE,51.216667,4.4,L,RT,real
31260,BRUXELLES,BE,50.866667,4.35,S,RT,real
31270,GHENT,BE,51.066667,3.733333,M,LC,real
31280,ZEEBRUGGE,BE,51.333333,3.2,M,CB,real
31290,BRUGES,BE,51.233333,3.216667,V,LC,real
31310,OOSTENDE,BE,51.233333,2.916667,S,RT,real
31320,NIEUWPOORT,BE,51.133333,2.75,V,LC,real
60440,WONSAN,KP,39.166667,127.45,S,CN,real
60450,HUNGNAM,KP,39.833333,127.616667,S,CB,real
60470,CH'AHO,KP,40.2,128.65,V,CB,real
60500,CH'ONGJIN,KP,41.766667,129.816667,S,CN,real
60540,POS'YET,RU,42.65,130.8,V,CN,real
60610,VLADIVOSTOK,RU,43.116667,131.9,L,CN,real
60720,BUKHTA GAYDAMAK,RU,42.866667,132.683333,V,CN,real
60730,NAKHODKA,RU,42.8,132.883333,S,CN,real
60795,SOVETSKAYA GAVAN,RU,48.966667,140.283333,S,CN,real
60800,BUKHTA VANINO,RU,49.083333,140.283333,V,CN,real
60810,DE KASTRI,RU,51.466667,140.783333,M,CN,real
60820,NIKOLAYEVSK NA AMUR,RU,53.133333,140.733333,V,RN,real
60860,OKHA,RU,53.55,143.0,V,CN,real
60880,PORONAYSK,RU,49.216667,143.133333,V,OR,real
60920,KORSAKOV,RU,46.616667,142.766667,S,CB,real
60930,NEVELSK,RU,46.666667,141.866667,V,CB,real
60940,KHOLMSK,RU,47.05,142.05,S,CB,real
60980,UGLEGORSK,RU,49.083333,142.033333,V,OR,real
60990,LESOGORSK,RU,49.45,142.133333,V,OR,real
60380,MASAN,KR,35.183333,128.566667,M,CN,real
60390,PUSAN,KR,35.1,129.033333,L,CB,real
60400,ULSAN,KR,35.45,129.4,M,RN,real
59910,WENZHOU,CN,28.016667,120.65,M,RN,real
59950,ZHEN HAI,CN,29.95,121.7,V,RN,real
59960,ZHOUSHAN,CN,30.0,122.1,S,CN,real
59985,JIANGYIN,CN,31.916667,120.233333,S,RN,real
59987,GAOGANG,CN,32.283333,119.85,S,RN,real
59988,YANGZHOU,CN,32.266667,119.433333,S,RN,real
59995,ZHENJIANG,CN,32.216667,119.433333,S,RN,real
60000,NANJING,CN,32.083333,118.75,V,RN,real
60010,WU HU,CN,31.333333,118.366667,S,RN,real
60030,ANKINGCHENG,CN,30.516667,117.033333,V,RN,real
60060,HANKOW,CN,30.583333,114.283333,M,RN,real
60110,WANXIAN,CN,30.816667,108.433333,V,RN,real
60120,CHUNG CHING,CN,29.566667,106.633333,V,RN,real
60130,LIANYUNGANG,CN,34.733333,119.45,S,CB,real
60140,QINGDAO GANG,CN,36.033333,120.266667,L,OR,real
46280,DOUALA,CM,4.05,9.683333,M,RN,real
46285,KOLE OIL TERMINAL,CM,4.25,8.55,V,OR,real
46305,BATA,GQ,1.866667,9.766667,V,OR,real
46430,LIBREVILLE,GA,0.383333,9.45,M,OR,real
46435,PORT OWENDO,GA,0.283333,9.5,S,OR,real
46440,PORT GENTIL,GA,-0.7,8.8,M,CN,real
46445,CAP LOPEZ,GA,-0.633333,8.716667,V,OR,real
46446,OGUENDJO TERMINAL,GA,-1.466667,8.916667,S,OR,real
46453,GAMBA OIL TERMINAL,GA,-2.833333,10.0,V,OR,real
46470,POINTE NOIRE,CG,-4.783333,11.833333,S,CB,real
46487,MALONGO OIL TERMINAL,AO,-5.433333,12.083333,S,OR,real
46490,CABINDA,AO,-5.533333,12.2,S,OR,real
46510,BANANA,CD,-5.983333,12.383333,V,RN,real
46520,BOMA,CD,-5.85,13.05,S,RN,real
46547,PALANCA TERMINAL,AO,-6.95,12.4,S,OR,real
46550,PORTO DO AMBRIZ,AO,-7.833333,13.1,V,CB,real
46560,LUANDA,AO,-8.8,13.25,S,CN,real
46590,LOBITO,AO,-12.333333,13.566667,S,CN,real
46610,NAMIBE,AO,-15.2,12.15,S,OR,real
46670,GEORGETOWN,SH,-7.933333,-14.416667,M,OR,real
46205,BONNY,NG,4.45,7.166667,M,RN,real
45825,BANJUL,GM,13.45,-16.566667,V,RN,real
45835,RIO CACHEU,GW,12.283333,-16.233333,V,RN,real
45838,BISSAU,GW,11.866667,-15.633333,V,RN,real
45845,VICTORIA,GN,10.816667,-14.566667,V,RN,real
45850,KAMSAR,GN,10.633333,-14.616667,V,RN,real
45855,CONAKRY,GN,9.516667,-13.716667,M,CB,real
45857,BENTI,GN,9.166667,-13.2,V,RN,real
60150,WEIHAI,CN,37.5,122.1,M,CN,real
60160,YANTAI,CN,37.55,121.45,S,CB,real
60170,LONGKOU GANG,CN,37.633333,120.283333,S,CN,real
60180,DAGU TANGGU,CN,38.966667,117.666667,V,RN,real
60190,TIANJIN XIN GANG,CN,38.966667,117.833333,L,RN,real
60210,HULUDAO GANG,CN,40.7,120.983333,V,CB,real
60220,YINGKOU,CN,40.683333,122.233333,S,CB,real
60240,LUSHUN,CN,38.783333,121.25,V,CB,real
60250,DALIAN,CN,38.916667,121.666667,L,CB,real
60280,NAMPO,KP,38.716667,125.4,S,RN,real
60290,KYOMIP'O,KP,38.733333,125.616667,V,RN,real
60310,HAEJU HANG,KP,38.0,125.7,S,CB,real
60320,INCHON,KR,37.466667,126.616667,L,RB,real
60330,KUNSAN,KR,35.983333,126.616667,S,RN,real
60340,MOKPO,KR,34.783333,126.383333,M,RN,real
60350,CHEJU HANG,KR,33.516667,126.533333,S,CB,real
60370,YOSU,KR,34.733333,127.75,S,CB,real
59340,SURIGAO CITY,PH,9.783333,125.5,V,OR,real
59345,NASIPIT PORT,PH,8.983333,125.333333,V,RN,real
59380,HINATUAN,PH,8.366667,126.333333,V,CN,real
59385,MANGAGOY,PH,8.233333,126.316667,S,CN,real
59400,MATI,PH,6.95,126.216667,V,OR,real
59430,DAVAO,PH,7.066667,125.616667,S,CN,real
59485,GENERAL SANTOS,PH,6.116667,125.183333,V,CN,real
59500,POLLOC (COTABATO),PH,7.35,124.216667,V,OR,real
59530,PAGADIAN,PH,7.833333,123.433333,V,CN,real
59550,MARGOSATUBIG,PH,7.583333,123.166667,V,CN,real
59575,SANTA CLARA,PH,7.783333,122.683333,V,CN,real
59580,ZAMBOANGA,PH,6.9,122.066667,S,OR,real
59670,JIMENEZ,PH,8.333333,123.866667,V,CN,real
59680,PORT OZAMIS,PH,8.133333,123.85,V,OR,real
59700,ILIGAN,PH,8.233333,124.233333,V,OR,real
59710,CAGAYAN DE ORO,PH,8.5,124.666667,M,CN,real
59720,BUGO,PH,8.516667,124.75,V,CN,real
59725,VILLANUEVA,PH,8.583333,124.766667,V,OR,real
59760,BUTUAN CITY,PH,8.95,125.533333,V,RN,real
59770,BASILIAN CITY (ISABELA),PH,6.716667,121.966667,V,OR,real
59780,PORT HOLLAND,PH,6.55,121.866667,V,CN,real
59800,JOLO,PH,6.05,121.0,V,OR,real
59820,SIASI,PH,5.55,120.816667,V,CN,real
45862,FREETOWN,SL,8.5,-13.233333,S,CN,real
45865,PEPEL,SL,8.583333,-13.05,V,RN,real
45867,BONTHE,SL,7.533333,-12.5,V,RN,real
45880,PORTO GRANDE,CV,16.883333,-25.0,V,CN,real
45910,PORTO DA PRAIA,CV,14.916667,-23.516667,S,CB,real
45940,MONROVIA,LR,6.316667,-10.816667,S,CB,real
45950,BUCHANAN,LR,5.866667,-10.066667,V,CB,real
45952,GREENVILLE,LR,4.983333,-9.05,V,CN,real
45955,CAPE PALMAS,LR,4.366667,-7.716667,V,OR,real
45963,SAN PEDRO,CI,4.733333,-6.616667,V,OR,real
45990,PORT BOUET,CI,5.233333,-3.966667,V,OR,real
46000,ABIDJAN,CI,5.25,-4.016667,L,LC,real
46040,TAKORADI,GH,4.883333,-1.733333,M,CB,real
46045,SEKONDI,GH,4.95,-1.7,V,CB,real
46063,SALTPOND,GH,5.2,-1.05,V,OR,real
46070,TEMA,GH,5.616667,0.016667,S,CB,real
46090,LOME,TG,6.133333,1.283333,M,CB,real
46095,KPEME,TG,6.2,1.516667,V,OR,real
46110,COTONOU,BJ,6.35,2.433333,M,CB,real
46130,LAGOS,NG,6.4,3.4,L,RN,real
46135,ESCRAVOS OIL TERMINAL,NG,5.5,5.0,V,OR,real
46140,KOKO,NG,6.0,5.466667,V,RN,real
46160,FORCADOS,NG,5.366667,5.433333,V,RN,real
46165,BURUTU,NG,5.35,5.5,V,RN,real
46190,BRASS OIL TERMINAL,NG,4.066667,6.283333,V,OR,real
45821,RUFISQUE,SN,14.7,-17.283333,V,OR,real
45822,KARABANE,SN,12.566667,-16.666667,V,RN,real
45420,LA GOULETTE,TN,36.8,10.3,M,CB,real
45430,TUNIS,TN,36.8,10.25,M,LC,real
45435,TAZERKA OIL TERMINAL,TN,36.6,11.683333,M,OR,real
45440,BANZART,TN,37.283333,9.883333,S,CB,real
59860,FUZHOU,CN,26.083333,119.3,V,RN,real
58770,ORMOC,PH,11.0,124.6,V,OR,real
58800,PALOMPON,PH,11.05,124.383333,V,CN,real
58870,TAGBILARAN,PH,9.65,123.85,S,OR,real
58890,TUBIGAN,PH,9.95,123.966667,V,OR,real
58960,CEBU,PH,10.3,123.9,L,CB,real
59015,TOLEDO,PH,10.366667,123.633333,S,OR,real
59070,SAN CARLOS,PH,10.483333,123.416667,V,CB,real
59080,BAIS,PH,9.6,123.116667,V,OR,real
59090,DUMAGUETE,PH,9.316667,123.3,V,OR,real
59100,LAZI,PH,9.133333,123.633333,V,CN,real
59120,PULUPANDAN,PH,10.516667,122.8,V,OR,real
59150,PORT CAPIZ,PH,11.6,122.716667,V,CB,real
59180,JORDAN,PH,10.666667,122.583333,V,OR,real
59190,ILOILO,PH,10.7,122.583333,V,OR,real
59270,PUERTO PRINCESA,PH,9.733333,118.733333,S,CN,real
58740,MAASIN,PH,10.133333,124.833333,V,OR,real
58750,BAYBAY,PH,10.683333,124.8,V,OR,real
58205,SORSOGON,PH,12.966667,124.0,V,CN,real
58315,SANTA CRUZ (MARINDUQUE ISL),PH,13.5,122.066667,V,CB,real
58320,BATANGAS CITY,PH,13.75,121.05,M,OR,real
58350,NASUGBU,PH,14.083333,120.616667,V,CN,real
58370,MANILA,PH,14.583333,120.966667,L,CB,real
58390,MARIVELES,PH,14.433333,120.483333,V,CN,real
58410,MASINLOC,PH,15.55,119.95,V,CN,real
58460,SAN FERNANDO HARBOR,PH,16.616667,120.316667,M,OR,real
58540,CALAPAN,PH,13.416667,121.183333,V,OR,real
58590,PORT ROMBLON,PH,12.583333,122.266667,V,CN,real
58620,MASBATE,PH,12.366667,123.616667,S,CN,real
58630,LAOANG,PH,12.566667,125.016667,V,RN,real
58640,PORT BORONGAN,PH,11.6,125.433333,V,OR,real
58655,GUIUAN,PH,11.033333,125.716667,V,CN,real
58670,CATBALOGAN,PH,11.766667,124.883333,V,OR,real
58690,TACLOBAN,PH,11.25,125.0,S,CN,real
57745,FANG-CHENG,CN,21.75,108.35,M,RN,real
57750,BEIHAI,CN,21.483333,109.066667,V,OR,real
57760,HAIKOU,CN,20.05,110.283333,V,CN,real
57768,BASUO,CN,19.1,108.616667,S,CB,real
57770,ZHANJIANG,CN,21.2,110.4,S,RN,real
57775,LON SHUI TERMINAL,CN,20.833333,115.683333,L,OR,real
57810,MACAU,MO,22.183333,113.566667,M,CB,real
57825,HUANGPUXINGANG,CN,23.05,113.5,S,RN,real
57830,GUANGZHOU,CN,23.116667,113.233333,M,RN,real
45490,ANNABA,DZ,36.916667,7.766667,M,CB,real
45510,SKIKDA,DZ,36.883333,6.916667,S,CB,real
45520,COLLO,DZ,37.0,6.583333,V,CN,real
45550,BEJAIA,DZ,36.75,5.083333,S,CB,real
45560,DELLYS,DZ,36.916667,3.916667,V,CB,real
45570,ALGER,DZ,36.766667,3.066667,L,CB,real
45610,TENES,DZ,36.533333,1.316667,V,OR,real
45620,MOSTAGANEM,DZ,35.933333,0.083333,V,CB,real
45630,ARZEW,DZ,35.85,-0.3,S,CB,real
45635,ARZEW EL DJEDID,DZ,35.816667,-0.25,S,CB,real
45640,ORAN,DZ,35.7,-0.633333,L,CB,real
45650,MERS EL KEBIR,DZ,35.733333,-0.7,S,CB,real
45660,BENI SAF,DZ,35.3,-1.383333,V,CB,real
45670,GHAZAOUET,DZ,35.1,-1.866667,V,CB,real
45755,TANGER,MA,35.783333,-5.816667,M,CB,real
45762,PORT NADOR,MA,35.283333,-2.933333,V,CB,real
45785,KENITRA,MA,34.3,-6.6,S,RN,real
45790,MOHAMMEDIA,MA,33.716667,-7.4,V,CB,real
45793,CASABLANCA,MA,33.6,-7.616667,L,CB,real
45797,SAFI,MA,32.3,-9.25,S,CB,real
45800,ESSAOUIRA,MA,31.5,-9.783333,V,CN,real
45808,AD DAKHLA,EH,23.7,-15.916667,V,RN,real
45812,NOUADHIBOU,MR,20.916667,-17.05,M,CN,real
45818,ST LOUIS,SN,16.016667,-16.516667,S,RN,real
45820,DAKAR,SN,14.683333,-17.433333,M,CB,real
45390,MERSA SFAX,TN,34.733333,10.766667,S,CB,real
45400,MAHDIA,TN,35.5,11.066667,V,CN,real
45410,SOUSSE,TN,35.833333,10.65,S,CB,real
44860,MERSIN,TR,36.8,34.633333,M,CB,real
44870,BOTAS,TR,36.883333,35.933333,V,OR,real
44880,ISKENDERUN,TR,36.6,36.166667,V,CB,real
44900,KYRENIA,CY,35.35,33.333333,V,CB,real
44910,XEROS,CY,35.133333,32.833333,V,OR,real
44950,LIMASSOL,CY,34.666667,33.05,S,CB,real
44960,LARNACA,CY,34.916667,33.65,S,CB,real
44965,DHEKELIA,CY,34.966667,33.716667,V,OR,real
44970,FAMAGUSTA,CY,35.116667,33.933333,S,CB,real
45003,TARTUS,SY,34.9,35.866667,S,CB,real
45005,BANIYAS,SY,35.183333,35.95,L,CB,real
45010,AL LADHIQIYAH,SY,35.533333,35.766667,M,CB,real
57840,HONG KONG,HK,22.266667,114.2,L,CN,real
57860,SHAN T OU,CN,23.366667,116.683333,S,RN,real
57870,XIAMEN,CN,24.45,118.066667,M,RN,real
57890,CHI-LUNG,TW,25.133333,121.766667,L,CB,real
57900,SU-AO,TW,24.6,121.866667,M,CB,real
57910,HUA-LIEN KANG,TW,23.983333,121.6,M,CB,real
57920,KAO-HSIUNG,TW,22.616667,120.25,M,CB,real
57935,TAN-SHUI,TW,25.183333,121.4,V,RN,real
57950,PENG-HU KANG,TW,23.583333,119.533333,S,CN,real
57955,TAI-CHUNG KANG,TW,24.3,120.5,S,LC,real
57970,BASCO,PH,20.45,121.966667,V,CN,real
57990,CLAVERIA,PH,18.616667,121.083333,V,CN,real
57995,PORT SAN VICENTE,PH,18.516667,122.133333,V,CN,real
58000,APARRI,PH,18.366667,121.633333,V,OR,real
58070,HONDAGUA,PH,13.95,122.233333,V,OR,real
58100,JOSE PANGANIBAN,PH,14.283333,122.683333,V,OR,real
58130,VIRAC,PH,13.583333,124.25,V,CN,real
58150,TABACO,PH,13.366667,123.733333,V,OR,real
58170,LEGAZPI PORT,PH,13.15,123.75,V,OR,real
57710,CAM PHA,VN,21.033333,107.366667,V,OR,real
57100,TULAGHI,SB,-9.1,160.15,V,CN,real
57120,HONIARA,SB,-9.416667,159.95,V,OR,real
57200,LUGANVILLE,VU,-15.516667,167.166667,S,CN,real
57230,PORT VILA,VU,-17.733333,168.316667,V,CB,real
57245,FORARI BAY,VU,-17.683333,168.55,V,OR,real
57275,BAIE DE KOUAOUA,NC,-21.383333,165.816667,V,OR,real
57410,KUANTAN NEW PORT,MY,3.966667,103.433333,S,CB,real
57415,KIRTEH OIL TERMINAL,MY,4.566667,103.466667,S,OR,real
57420,KUALA TRENGGANU,MY,5.35,103.133333,V,RB,real
57425,TAPIS MARINE TERMINAL A,MY,5.516667,105.016667,L,OR,real
57450,BANGKOK,TH,13.75,100.5,L,RN,real
57460,SI RACHA TERMINAL,TH,13.116667,100.883333,V,OR,real
57470,KO SI CHANG TERMINAL,TH,13.166667,100.816667,V,OR,real
57485,KAMPONG SAOM,KH,10.633333,103.5,M,CB,real
57490,PHSAR REAM,KH,10.5,103.6,V,CN,real
57520,DUONG DONG,VN,10.216667,103.966667,V,RN,real
57580,THANH HO CHI MINH,VN,10.766667,106.716667,M,RN,real
45025,TARABULUS,LB,34.45,35.833333,M,CB,real
45040,SAYDA,LB,33.5,35.35,V,OR,real
45100,ASHDOD,IL,31.816667,34.65,S,CB,real
45220,MERSA TOBRUQ,LY,32.083333,23.983333,S,CB,real
45240,DARNAH,LY,32.766667,22.65,V,CB,real
45280,BANGHAZI,LY,32.116667,20.05,M,CB,real
45290,EZ ZUEITINA,LY,30.85,20.05,V,OR,real
45295,AL BURAYQAH,LY,30.416667,19.6,S,CB,real
45296,RAS   LANUF,LY,30.516667,18.566667,V,OR,real
45297,AS SIDR,LY,30.633333,18.366667,V,OR,real
45320,MISRATAH,LY,32.366667,15.216667,V,OR,real
45330,MINA TARABULUS (TRIPOLI),LY,32.9,13.183333,M,CB,real
45335,AZ ZAWIYA,LY,32.8,12.716667,S,OR,real
45340,MARSA SABRATAH,LY,32.816667,12.5,V,OR,real
45370,HOUMT SOUK,TN,33.883333,10.85,V,OR,real
45375,GABES,TN,33.9,10.116667,S,CB,real
45380,SKHIRA,TN,34.283333,10.1,V,OR,real
44820,ANTALYA,TR,36.833333,30.616667,S,CB,real
44825,ALANYA,TR,36.533333,32.0,V,OR,real
44850,TASUCU,TR,36.316667,33.883333,V,CB,real
44340,POTI,GE,42.15,41.583333,S,CB,real
44350,BATUMI,GE,41.65,41.65,S,CB,real
44370,HOPA,TR,41.416667,41.4,V,CB,real
44380,RIZE,TR,41.066667,40.516667,V,CB,real
44390,TRABZON,TR,41.016667,39.766667,V,CB,real
44410,GIRESUN,TR,40.933333,38.4,V,CB,real
44420,ORDU,TR,41.0,37.883333,V,OR,real
44450,SAMSUN,TR,41.3,36.35,L,CB,real
44460,SINOP,TR,42.05,35.166667,V,OR,real
44480,INEBOLU,TR,41.983333,33.766667,V,CB,real
44490,ZONGULDAK,TR,41.466667,31.816667,V,CB,real
44500,EREGLI,TR,41.3,31.45,V,CB,real
44540,HAYDARPASA,TR,41.0,29.016667,M,CB,real
44605,KABA BURNU,TR,40.766667,29.533333,V,CN,real
44610,DERINCE BURNU,TR,40.75,29.816667,S,CB,real
44620,IZMIT,TR,40.766667,29.916667,S,CN,real
44625,GOLCUK BURNU,TR,40.733333,29.816667,V,CB,real
44640,MUDANYA,TR,40.383333,28.883333,V,OR,real
44650,BANDIRMA,TR,40.35,27.966667,V,CB,real
44660,ERDEK,TR,40.383333,27.8,V,CN,real
44670,KARABIGA,TR,40.4,27.316667,V,CN,real
44690,CANAKKALE,TR,40.15,26.4,S,LC,real
44730,AYVALIK,TR,39.316667,26.7,V,CN,real
44750,IZMIR,TR,38.433333,27.133333,L,CN,real
57610,VINH CAM RANH,VN,11.883333,109.166667,S,CN,real
57620,NHA TRANG,VN,12.25,109.233333,S,OR,real
57640,QUI NHON,VN,13.766667,109.233333,V,CN,real
57650,DA NANG,VN,16.1,108.216667,S,RN,real
57680,HAI PHONG,VN,20.916667,106.683333,S,RN,real
57700,HON GAI,VN,20.95,107.066667,V,OR,real
57070,YANDINA,SB,-9.083333,159.216667,V,CN,real
56323,TERN ISLAND,US,23.866667,-166.283333,V,CN,real
56325,JOHNSTON ATOLL,XU,16.75,-169.516667,V,CN,real
56328,MIDWAY ISLAND,QM,28.183333,-177.366667,V,CB,real
56330,WAKE ISLAND,QW,19.283333,166.616667,V,CN,real
56400,MAJURO ATOLL,MH,7.083333,171.383333,V,OR,real
56450,TARAWA ATOLL,KI,1.333333,172.933333,V,OR,real
56500,NAURU,NR,-0.533333,166.916667,V,OR,real
56520,SAIPAN,MP,15.2,145.683333,S,CN,real
56530,TINIAN,MP,14.966667,145.616667,V,CB,real
56540,ROTA,MP,14.133333,145.15,V,OR,real
56550,APRA HARBOR,GU,13.45,144.616667,M,CB,real
56570,LELE HARBOR,FM,5.333333,163.033333,V,CN,real
56630,COLONIA,FM,9.516667,138.133333,V,CN,real
56660,MALAKAL HARBOR,PW,7.333333,134.45,V,OR,real
56710,LONGAN ISLAND,PG,-1.216667,144.3,V,CN,real
56730,LORENGAU,PG,-2.016667,147.266667,V,OR,real
56738,WEWAK HARBOR,PG,-3.566667,143.633333,S,OR,real
56740,HAMBURG HARBOR,PG,-1.633333,149.966667,V,CN,real
56820,KOKOPO,PG,-4.333333,152.266667,V,OR,real
56835,KIMBE,PG,-5.133333,150.533333,V,CN,real
56855,KIETA,PG,-6.216667,155.633333,S,CN,real
56970,GIZO HARBOR,SB,-8.1,156.85,V,CN,real
56320,NONOPAPA,US,21.866667,-160.233333,V,OR,real
55670,APIA,WS,-13.816667,-171.766667,V,CN,real
55680,PAGO PAGO HARBOR,AS,-14.283333,-170.666667,S,CN,real
55695,ALOFI,NU,-19.033333,-169.933333,V,CN,real
55740,AVATIU,CK,-21.2,-159.783333,V,CN,real
44752,NEMRUT LIMANI BAY,TR,38.766667,26.916667,M,CB,real
44770,KUSADASI,TR,37.866667,27.25,V,CN,real
44805,MARMARIS,TR,36.85,28.283333,V,CB,real
44810,FETHIYE,TR,36.633333,29.1,V,CB,real
44320,SOKHUMI,GE,42.983333,40.983333,V,OR,real
43745,CHORNOMORS KE,UA,45.516667,32.7,V,CN,real
43750,YEVPATORIYA,UA,45.2,33.383333,V,CN,real
43760,SEVASTOPOL,UA,44.616667,33.533333,L,CN,real
43780,BALAKLAVA,UA,44.5,33.6,V,CN,real
43790,YALTA,UA,44.483333,34.166667,V,CB,real
43810,ALUSHTA,UA,44.683333,34.416667,V,OR,real
43835,SUDAK,UA,44.85,34.983333,V,CN,real
43850,FEODOSIYA,UA,45.016667,35.433333,S,CB,real
43900,KERCH,UA,45.35,36.483333,S,OR,real
43940,HENICHESK,UA,46.166667,34.816667,V,CN,real
43950,KYRYLIVKA,UA,46.35,35.366667,V,OR,real
44000,BERDYANSK,UA,46.75,36.783333,S,CB,real
44010,MARIUPOL,UA,47.083333,37.566667,S,CB,real
44060,TAGANROG,RU,47.2,38.95,V,CB,real
44070,ROSTOV-NA-DONU,RU,47.166667,39.716667,S,RB,real
44080,AZOV,RU,47.1,39.433333,V,RN,real
44090,YEYSK,RU,46.733333,38.266667,V,CB,real
44140,TEMRYUK,RU,45.35,37.35,V,RN,real
44180,ANAPA,RU,44.883333,37.316667,V,OR,real
44200,NOVOROSSIYSK,RU,44.716667,37.783333,L,CB,real
44230,TUAPSE,RU,44.1,39.066667,S,CB,real
44240,SOCHI,RU,43.583333,39.733333,V,CB,real
44270,ADLER,RU,43.433333,39.933333,V,OR,real
43710,SKADOVS'K,UA,46.1,32.916667,V,CB,real
43720,KHORLY,UA,46.083333,33.283333,V,CN,real
43030,MILOS,GR,36.716667,24.45,V,CN,real
43100,SOUDHA,GR,35.483333,24.183333,M,CN,real
43130,IRAKLION,GR,35.35,25.15,M,CB,real
43150,SITIA,GR,35.216667,26.133333,V,CN,real
43165,KALI LIMENES,GR,34.933333,24.833333,V,CN,real
43210,RODHOS,GR,36.45,28.233333,S,CB,real
43250,LIMIN KOS,GR,36.9,27.283333,V,OR,real
43260,KALIMNOS,GR,36.95,26.983333,V,CN,real
43280,LAKKI,GR,37.133333,26.85,V,CN,real
43370,ECEABAT,TR,40.183333,26.366667,V,LC,real
43380,GELIBOLU,TR,40.4,26.666667,V,LC,real
43390,TEKIRDAG,TR,40.983333,27.516667,V,LC,real
43420,ISTANBUL,TR,41.016667,28.966667,L,LC,real
43430,DEFTERDAR BURNU,TR,41.05,29.033333,V,CN,real
43435,ISTINYE,TR,41.116667,29.05,V,CN,real
43500,BURGAS,BG,42.483333,27.483333,S,CB,real
55770,VAITAPE,PF,-16.5,-151.75,V,CB,real
55800,UTUROA,PF,-16.733333,-151.45,V,CN,real
55840,PAPEETE,PF,-17.533333,-149.583333,S,CN,real
55960,PORT RIKITEA,PF,-23.116667,-134.966667,V,CN,real
56010,ATUONA,PF,-9.816667,-139.033333,V,CN,real
56015,BAIE TAIOHAE,PF,-8.933333,-140.083333,V,CN,real
56025,CANTON ISLAND,KI,-2.833333,-171.716667,V,OR,real
56039,ENGLISH HARBOR,KI,3.85,-159.366667,V,CN,real
56070,HONOKAA,US,20.1,-155.466667,V,OR,real
56090,HILO,US,19.733333,-155.066667,M,CB,real
56100,HONUAPO,US,19.083333,-155.55,V,OR,real
56110,MILOLII,US,19.183333,-155.9,V,OR,real
56120,KAUHAKO BAY,US,19.383333,-155.9,V,CN,real
56130,NAPOOPOO,US,19.483333,-155.933333,V,CN,real
56140,KAILUA,US,19.633333,-156.0,V,CN,real
56150,KIHOLO,US,19.866667,-155.95,V,CN,real
56160,KAWAIHAE,US,20.033333,-155.833333,S,CB,real
56170,MAHUKONA,US,20.183333,-155.9,V,CN,real
56180,KAHULUI,US,20.9,-156.466667,V,CB,real
56190,HANA,US,20.75,-155.983333,V,CN,real
56200,LAHAINA,US,20.866667,-156.666667,V,CB,real
56230,KAUMALAPAU HARBOR,US,20.783333,-157.0,V,CB,real
56240,PUKOO,US,21.066667,-156.8,V,TH,real
56250,KAMALO,US,21.05,-156.883333,V,CN,real
56260,KAUNAKAKAI,US,21.083333,-157.033333,V,OR,real
56280,HONOLULU,US,21.3,-157.866667,M,CB,real
56290,PORT ALLEN,US,21.9,-159.583333,S,CB,real
56300,NAWILIWILI BAY,US,21.95,-159.35,S,CB,real
56310,AHUKINI LANDING,US,22.0,-159.333333,V,CB,real
55650,MATA-UTU,WF,-13.283333,-176.133333,V,OR,real
54920,DEVONPORT,AU,-41.183333,146.366667,S,RB,real
54943,BEAUTY POINT,AU,-41.15,146.816667,S,CN,real
54970,LAUNCESTON,AU,-41.45,147.116667,S,RN,real
55000,WHANGAROA,NZ,-35.05,173.766667,V,CN,real
55030,OPUA,NZ,-35.316667,174.116667,V,RN,real
55050,WHANGAREI,NZ,-35.8,174.433333,S,RN,real
55060,AUCKLAND,NZ,-36.85,174.766667,L,RN,real
55080,TAURANGA,NZ,-37.633333,176.166667,S,CN,real
55110,GISBORNE,NZ,-38.666667,178.033333,S,RB,real
55130,NAPIER,NZ,-39.483333,176.916667,S,CB,real
55150,WELLINGTON,NZ,-41.283333,174.783333,L,CN,real
55180,WANGANUI,NZ,-39.95,175.033333,V,RN,real
55210,NEW PLYMOUTH,NZ,-39.066667,174.033333,S,CB,real
43510,VARNA,BG,43.183333,27.966667,L,CB,real
43550,MANGALIA,RO,43.816667,28.583333,V,CB,real
43560,CONSTANTA,RO,44.166667,28.65,M,CB,real
43570,SULINA,RO,45.166667,29.666667,V,RN,real
43590,BRAILA,RO,45.25,27.983333,V,RN,real
43600,GALATI,RO,45.416667,28.083333,S,RN,real
43625,IZMAYIL,UA,45.333333,28.85,V,RN,real
43645,ILLICHIVSK,UA,46.3,30.65,L,CB,real
43650,ODESA,UA,46.483333,30.733333,L,CB,real
43655,YUZHNYY,UA,46.6,31.016667,S,RB,real
43670,MYKOLAYIV,UA,46.95,31.983333,S,RB,real
43680,KHERSON,UA,46.616667,32.6,S,OR,real
42340,ORMOS ALIVERIOU,GR,38.383333,24.05,M,CB,real
42400,PORTHMOS EVRIPOU,GR,38.466667,23.583333,V,CN,real
42415,LARIMNA,GR,38.566667,23.283333,V,CN,real
42440,STILIS,GR,38.916667,22.616667,V,CN,real
42460,TSINGELI,GR,39.166667,22.85,V,CN,real
42470,VOLOS,GR,39.366667,22.95,M,CB,real
42490,MILIANA,GR,39.166667,23.216667,V,CN,real
42530,THESSALONIKI,GR,40.633333,22.933333,M,CN,real
42550,YERAKINI,GR,40.266667,23.466667,V,CN,real
42570,STRATONI,GR,40.516667,23.833333,V,CN,real
42620,LAGOS,GR,41.0,25.133333,V,CN,real
42630,ALEXANDROUPOLI,GR,40.833333,25.883333,M,CB,real
42760,MITILINI,GR,39.1,26.566667,S,CB,real
42780,PLOMARION,GR,38.983333,26.366667,V,CB,real
42790,VRAKHONISIS KALLONIS,GR,39.083333,26.083333,V,CN,real
42820,KHIOS,GR,38.366667,26.133333,V,CB,real
42840,NEON KARLOVAS,GR,37.8,26.683333,S,CB,real
42850,SAMOS,GR,37.75,26.966667,V,CN,real
42860,PITHAGORION,GR,37.683333,26.95,V,CB,real
42880,GAVRIO,GR,37.883333,24.733333,V,CN,real
42890,ANDROS,GR,37.833333,24.95,V,CN,real
42905,MIKONOS,GR,37.45,25.333333,V,CN,real
42920,LIMIN SIROU,GR,37.433333,24.95,V,CB,real
42980,NISOS NAXOS,GR,37.1,25.366667,V,OR,real
42310,DHIAVLOS STENO,GR,38.45,23.6,V,CN,real
41660,SHENGJIN,AL,41.816667,19.6,V,CN,real
41670,DURRES,AL,41.316667,19.45,S,CB,real
41690,VLORES,AL,40.466667,19.5,V,CN,real
41720,KERKIRA,GR,39.616667,19.933333,M,OR,real
41730,PREVEZA,GR,38.95,20.75,V,CN,real
41790,ARGOSTOLION,GR,38.183333,20.516667,V,CN,real
41800,MESOLONGION,GR,38.366667,21.416667,V,CB,real
41820,ITEA,GR,38.433333,22.416667,V,OR,real
55230,MANUKAU HARBOR,NZ,-36.933333,174.783333,M,CN,real
55270,COLLINGWOOD,NZ,-40.683333,172.666667,V,CN,real
55290,NELSON,NZ,-41.266667,173.266667,S,CB,real
55300,PICTON,NZ,-41.283333,174.016667,S,RB,real
55320,PORT LYTTELTON,NZ,-43.6,172.716667,V,CB,real
55330,AKAROA,NZ,-43.8,172.966667,V,CN,real
55350,TIMARU,NZ,-44.4,171.25,S,CB,real
55370,OTAGO HARBOR,NZ,-45.816667,170.633333,S,RB,real
55400,BLUFF HARBOR,NZ,-46.6,168.333333,S,CB,real
55440,GREYMOUTH,NZ,-42.433333,171.216667,V,RN,real
55450,WESTPORT,NZ,-41.75,171.6,V,RN,real
55500,KINGSTON,NF,-29.066667,167.95,V,OR,real
55530,LAUTOKA HARBOR,FJ,-17.6,177.45,V,CB,real
55540,SUVA HARBOR,FJ,-18.133333,178.416667,S,CN,real
55550,LEVUKA,FJ,-17.683333,178.833333,S,CN,real
55556,MALAI,FJ,-16.35,179.366667,V,CB,real
55560,SAVUSAVU BAY,FJ,-16.766667,179.333333,V,OR,real
55590,NUKU ALOFA,TO,-21.133333,-175.2,V,CN,real
55600,PANGAI,TO,-19.8,-174.35,V,CN,real
55610,NEIAFU,TO,-18.65,-173.983333,V,CN,real
55617,FUNAFUTI ATOLL,TV,-8.516667,179.133333,V,CN,real
54325,PORT BONYTHON,AU,-33.016667,137.766667,S,OR,real
54350,PORT LINCOLN,AU,-34.716667,135.85,M,CB,real
54410,THEVENARD,AU,-32.166667,133.65,S,CN,real
54450,ESPERANCE,AU,-33.866667,121.9,V,CB,real
54470,ALBANY,AU,-35.033333,117.883333,S,CN,real
54500,BUNBURY,AU,-33.316667,115.633333,S,CB,real
54520,FREMANTLE,AU,-32.05,115.75,L,CB,real
54540,GERALDTON,AU,-28.783333,114.6,V,CB,real
54575,POINT MURAT,AU,-21.816667,114.183333,V,OR,real
54580,ONSLOW,AU,-21.65,115.1,V,OR,real
54600,PORT WALCOTT,AU,-20.65,117.183333,V,OR,real
54605,DAMPIER,AU,-20.633333,116.716667,M,CB,real
54620,PORT HEDLAND,AU,-20.316667,118.583333,S,RN,real
54630,BROOME,AU,-17.966667,122.233333,S,CN,real
54660,WYNDHAM,AU,-15.466667,128.1,V,RN,real
54670,DARWIN,AU,-12.466667,130.85,M,CN,real
41840,AIYION,GR,38.25,22.083333,V,OR,real
41850,PATRAI,GR,38.25,21.733333,S,CB,real
41880,KATAKOLON,GR,37.65,21.316667,V,CB,real
41910,PILOS,GR,36.9,21.666667,V,CN,real
41940,KALAMATA,GR,37.016667,22.116667,S,CB,real
41950,YITHION,GR,36.75,22.566667,V,OR,real
42050,NAVPLIO,GR,37.566667,22.8,V,CB,real
42160,MEGARA OIL TERMINAL,GR,37.966667,23.4,V,OR,real
42180,AYIOS NIKOLAOS,GR,37.983333,23.533333,V,CB,real
42200,ELEVSIS,GR,38.033333,23.55,S,OR,real
42205,PAKHI OIL TERMINAL,GR,37.966667,23.383333,V,OR,real
42210,PERAMA,GR,37.966667,23.566667,S,OR,real
42230,PIRAIEVS,GR,37.933333,23.65,L,CB,real
42300,ORMOS MIKRO VATHI,GR,38.433333,23.6,V,CN,real
41550,DUBROVNIK,HR,42.666667,18.083333,S,CN,real
40580,PORTO DI BARLETTA,IT,41.316667,16.283333,V,CB,real
40590,MANFREDONIA,IT,41.616667,15.916667,S,CB,real
40615,VASTO,IT,42.116667,14.716667,V,CB,real
40620,ORTONA,IT,42.35,14.416667,S,CB,real
40630,PESCARA,IT,42.466667,14.216667,S,CB,real
40660,ANCONA,IT,43.616667,13.5,S,CB,real
40720,PORTO DI CORSINI,IT,44.5,12.283333,M,LC,real
40750,PORTO DI MALAMOCCO,IT,45.333333,12.316667,V,LC,real
40760,PORTO DI LIDO-VENEZIA,IT,45.416667,12.433333,L,CB,real
40790,MONFALCONE,IT,45.783333,13.55,M,RB,real
40820,TRIESTE,IT,45.65,13.766667,L,CB,real
40830,MUGGIA,IT,45.6,13.766667,V,CB,real
40860,KOPER,SI,45.55,13.733333,S,CN,real
40870,PIRAN,SI,45.533333,13.566667,V,CB,real
40880,UMAG,HR,45.433333,13.516667,V,CB,real
40940,ROVINJ,HR,45.083333,13.633333,S,CB,real
40960,PULA,HR,44.883333,13.8,V,CB,real
40985,BRSICA,HR,45.033333,14.05,V,CN,real
41010,RIJEKA LUKA,HR,45.333333,14.433333,L,RB,real
41030,BAKAR,HR,45.3,14.533333,S,CN,real
41045,OMISALJ,HR,45.216667,14.55,S,CN,real
41090,SENJ,HR,44.983333,14.9,V,CN,real
41220,ZADAR,HR,44.116667,15.216667,S,CN,real
41290,SIBENIK,HR,43.733333,15.883333,S,CN,real
40550,MOLFETTA,IT,41.216667,16.6,S,CB,real
41320,SPLIT,HR,43.5,16.433333,L,CB,real
41410,PLOCE,HR,43.05,17.433333,V,CN,real
39990,TORRE ANNUNZIATA,IT,40.75,14.45,S,CB,real
54671,MILNER BAY,AU,-13.866667,136.416667,V,OR,real
54672,WEIPA,AU,-12.666667,141.866667,V,CN,real
54675,GOVE,AU,-12.2,136.7,V,OR,real
54690,KARUMBA,AU,-17.483333,140.833333,V,RN,real
54760,HOBART,AU,-42.883333,147.333333,M,RN,real
54810,PORT HUON,AU,-43.166667,146.983333,V,RN,real
54830,DOVER,AU,-43.316667,147.033333,V,CN,real
54870,STANLEY,AU,-40.766667,145.283333,V,CB,real
54875,PORT LATTA,AU,-40.833333,145.383333,V,OR,real
54880,BURNIE,AU,-41.05,145.95,S,CB,real
54320,WHYALLA,AU,-33.033333,137.583333,S,CB,real
53520,BALLINA,AU,-28.866667,153.566667,S,RN,real
53610,NEWCASTLE,AU,-32.916667,151.783333,L,CB,real
53650,SYDNEY,AU,-33.866667,151.2,L,CN,real
53655,BOTANY BAY,AU,-34.0,151.233333,S,CN,real
53690,PORT KEMBLA,AU,-34.483333,150.916667,M,CB,real
53710,JERVIS BAY,AU,-35.116667,150.8,V,CN,real
53750,BATEMANS BAY,AU,-35.7,150.166667,V,CN,real
53810,EDEN,AU,-37.066667,149.916667,V,CB,real
53840,WELSHPOOL,AU,-38.7,146.466667,V,CN,real
53930,WESTERN PORT,AU,-38.35,145.233333,V,CN,real
54030,MELBOURNE,AU,-37.833333,144.966667,L,CN,real
54050,GEELONG,AU,-38.15,144.366667,M,CN,real
54120,WARRNAMBOOL,AU,-38.4,142.483333,V,CB,real
54140,PORTLAND,AU,-38.333333,141.6,S,CB,real
54200,KINGSCOTE,AU,-35.633333,137.633333,V,CB,real
54220,PORT ADELAIDE,AU,-34.85,138.5,M,RN,real
54236,ARDROSSAN,AU,-34.433333,137.916667,V,OR,real
54255,PORT GILES,AU,-35.033333,137.766667,V,OR,real
54280,WALLAROO,AU,-33.933333,137.616667,V,OR,real
54290,PORT PIRIE,AU,-33.183333,138.016667,S,RN,real
53100,FAKFAK,ID,-2.933333,132.283333,V,CN,real
53115,AMAMAPARE,ID,-4.816667,136.966667,S,CN,real
53130,MERAUKE,ID,-8.483333,140.383333,V,RN,real
53150,DARU,PG,-9.066667,143.2,V,OR,real
53160,PORT MORESBY,PG,-9.466667,147.133333,S,OR,real
53165,ALOTOA,PG,-10.316667,150.45,V,CN,real
53170,SAMARAI,PG,-10.616667,150.666667,V,CN,real
53190,SULOGA HARBOR,PG,-9.216667,152.766667,V,CN,real
53195,DISCOVERY BAY,PG,-10.416667,150.416667,V,CN,real
53206,ORO BAY,PG,-8.883333,148.483333,V,CN,real
53230,LAE,PG,-6.733333,147.0,V,OR,real
53250,MADANG,PG,-5.216667,145.816667,V,CN,real
40000,CASTELLAMMARE DI STABIA,IT,40.7,14.483333,V,CB,real
40040,SALERNO,IT,40.666667,14.75,S,CB,real
40060,VIBO VALENTIA MARINA,IT,38.716667,16.133333,V,CB,real
40080,REGGIO DI CALABRIA,IT,38.116667,15.65,S,CB,real
40100,MESSINA,IT,38.2,15.566667,S,CB,real
40110,MILAZZO,IT,38.216667,15.25,M,OR,real
40115,GIOIA TAURO,IT,38.416667,15.9,S,LC,real
40130,PORTO DI PALERMO,IT,38.133333,13.366667,S,CB,real
40150,TRAPANI,IT,38.016667,12.5,V,CB,real
40170,MARSALA,IT,37.783333,12.433333,S,CB,real
40180,MAZARA DEL VALLO,IT,37.65,12.583333,V,CT,real
40200,PORTO EMPEDOCLE,IT,37.283333,13.533333,V,CB,real
40210,LICATA,IT,37.1,13.933333,V,CB,real
40220,GELA,IT,37.066667,14.25,V,CB,real
40230,POZZALLO,IT,36.716667,14.85,V,OR,real
40240,SIRACUSA,IT,37.05,15.283333,L,CB,real
40250,AUGUSTA,IT,37.216667,15.233333,S,CB,real
40270,CATANIA,IT,37.5,15.1,S,CB,real
40300,LIPARI,IT,38.483333,14.966667,V,CN,real
40330,VALLETTA HARBORS,MT,35.9,14.516667,M,CN,real
40340,MARSAXLOKK,MT,35.816667,14.55,S,CN,real
40440,CROTONE,IT,39.083333,17.133333,S,CB,real
40470,TARANTO,IT,40.466667,17.2,L,CB,real
40480,GALLIPOLI,IT,40.05,17.983333,M,CB,real
40490,OTRANTO,IT,40.15,18.5,V,CB,real
40510,MONOPOLI,IT,40.95,17.3,S,CB,real
40530,BARI,IT,41.133333,16.866667,M,CB,real
39261,PORTO DI ORISTANO,IT,39.866667,8.55,S,CN,real
39310,PORTO TORRES,IT,40.833333,8.4,S,CB,real
39360,SAN REMO,IT,43.816667,7.783333,V,CT,real
39370,IMPERIA,IT,43.883333,8.033333,S,CB,real
39420,RADA DI VADO,IT,44.266667,8.433333,M,OR,real
39440,SAVONA,IT,44.316667,8.5,S,CB,real
39470,GENOVA,IT,44.4,8.933333,L,CB,real
39520,LA SPEZIA,IT,44.1,9.833333,M,CB,real
39550,MARINA DI CARRARA,IT,44.033333,10.033333,V,CB,real
39590,LIVORNO,IT,43.55,10.316667,S,CB,real
39610,VADA,IT,43.35,10.45,V,OR,real
53282,VANIMO,PG,-2.683333,141.133333,S,CN,real
53300,THURSDAY ISLAND,AU,-10.583333,142.216667,S,CN,real
53340,CAIRNS,AU,-16.916667,145.783333,S,RN,real
53360,MOURILYAN HARBOUR,AU,-17.6,146.133333,S,CN,real
53370,LUCINDA,AU,-18.516667,146.333333,V,OR,real
53380,TOWNSVILLE,AU,-19.266667,146.816667,S,CB,real
53400,MACKAY,AU,-21.116667,149.216667,S,CB,real
53405,HAY POINT,AU,-21.283333,149.3,S,OR,real
53440,PORT ALMA,AU,-23.583333,150.85,V,RN,real
53450,GLADSTONE,AU,-23.85,151.25,S,RN,real
53460,BUNDABERG,AU,-24.866667,152.35,V,RN,real
53490,BRISBANE,AU,-27.466667,153.033333,L,RN,real
53050,SAILOLOF,ID,-1.25,130.75,V,CN,real
52260,BAUBAU,ID,-5.466667,122.616667,V,CN,real
52270,RAHA ROADSTEAD,ID,-4.85,122.733333,V,OR,real
52295,POMALAA,ID,-4.166667,121.6,V,CN,real
52320,UJUNG PANDANG,ID,-5.133333,119.4,M,CB,real
52350,DONGGALA,ID,-0.65,119.733333,V,OR,real
52440,TAHUNA,ID,3.616667,125.483333,V,CN,real
52510,TERNATE,ID,0.783333,127.383333,V,OR,real
52523,LABUHA,ID,-0.633333,127.466667,V,OR,real
52680,BULA,ID,-3.1,130.5,V,OR,real
52695,SALAWATI,ID,-1.35,130.983333,S,RN,real
52720,AMBON,ID,-3.683333,128.166667,S,CN,real
52760,NAMLEA,ID,-3.283333,127.083333,V,CN,real
52870,SAUMLAKI,ID,-7.983333,131.3,V,CN,real
52940,SERUI,ID,-1.9,136.25,V,CN,real
53010,MANOKWARI ROAD,ID,-0.866667,134.083333,V,CN,real
52235,MANGKASA OIL TERMINAL,ID,-2.733333,121.066667,S,OR,real
52240,KENDARI,ID,-3.966667,122.583333,V,CN,real
53045,KASIM TERMINAL,ID,-1.3,131.016667,L,OR,real
51585,BINTULU PORT,MY,3.266667,113.066667,S,CB,real
51590,MIRI,MY,4.383333,113.966667,S,RN,real
51600,LUTONG,MY,4.466667,114.0,S,OR,real
51620,MUARA HARBOR,BN,5.033333,115.066667,S,CN,real
51630,BANDAR SERI BEGAWAN,BN,4.883333,114.883333,S,RN,real
51645,SERIA OIL LOADING TERMINAL,BN,4.616667,114.316667,V,OR,real
39740,PORTOVECCHIO DI PIOMBINO,IT,42.933333,10.55,V,CB,real
39790,PORTO SANTO STEFANO,IT,42.433333,11.116667,V,CB,real
39810,CIVITAVECCHIA,IT,42.1,11.783333,M,CB,real
39820,FIUMICINO,IT,41.766667,12.233333,V,LC,real
39830,ANZIO,IT,41.45,12.633333,V,CB,real
39860,GAETA,IT,41.2,13.583333,S,CB,real
39940,POZZUOLI,IT,40.816667,14.116667,V,CB,real
39950,BAGNOLI,IT,40.816667,14.166667,S,OR,real
39960,NAPOLI,IT,40.85,14.266667,L,CB,real
39250,CARLOFORTE,IT,39.15,8.316667,V,CB,real
39260,PORTO VESME,IT,39.2,8.4,V,CB,real
38670,PUERTO DE ALCUDIA,ES,39.833333,3.133333,V,CB,real
38690,MAHON,ES,39.883333,4.266667,V,RB,real
38590,ROSAS,ES,42.266667,3.183333,V,CN,real
38720,PORT-VENDRES,FR,42.516667,3.116667,S,CB,real
38730,PORT-LA-NOUVELLE,FR,43.016667,3.066667,S,LC,real
38750,SETE,FR,43.4,3.7,S,CB,real
38770,PORT SAINT LOUIS DU RHONE,FR,43.383333,4.816667,S,LC,real
38775,FOS,FR,43.416667,4.883333,V,CB,real
38780,PORT-DE-BOUC,FR,43.4,4.983333,S,CB,real
38810,MARSEILLE,FR,43.316667,5.366667,S,CB,real
38920,SAINT-TROPEZ,FR,43.266667,6.633333,V,CB,real
38940,SAINT-RAPHAEL,FR,43.416667,6.766667,V,CB,real
38960,CANNES,FR,43.55,7.016667,S,CN,real
38980,ANTIBES,FR,43.583333,7.133333,V,CB,real
38990,NICE,FR,43.7,7.283333,S,CB,real
39000,VILLEFRANCHE,FR,43.7,7.316667,V,CB,real
39025,MONACO,MC,43.733333,7.416667,V,CB,real
39060,BASTIA,FR,42.7,9.45,V,CB,real
39080,BONIFACIO,FR,41.383333,9.166667,V,CN,real
39090,PORT DE PROPRIANO,FR,41.683333,8.9,V,CB,real
39100,PORT D' AJACCIO,FR,41.916667,8.75,S,CB,real
39110,CALVI,FR,42.566667,8.75,V,CN,real
39120,L'ILE ROUSSE,FR,42.633333,8.933333,V,CB,real
39140,LA MADDALENA,IT,41.2,9.416667,S,CN,real
39180,OLBIA,IT,40.916667,9.5,S,CN,real
39190,ARBATAX,IT,39.933333,9.7,V,CB,real
39210,CAGLIARI,IT,39.216667,9.116667,S,CB,real
39215,SARROCH OIL TERMINAL,IT,39.083333,9.033333,M,OR,real
51680,VICTORIA,MY,5.283333,115.233333,S,CN,real
51690,KOTA KINABALU,MY,5.983333,116.066667,M,CN,real
51710,KUDAT,MY,6.883333,116.85,V,OR,real
51720,PELABUHAN SANDAKAN,MY,5.833333,118.116667,S,CN,real
51730,LAHAD DATU,MY,5.016667,118.316667,V,CN,real
51770,TANJUNG ARANG  (BUNYU),ID,3.466667,117.833333,V,CN,real
51780,LINGKAS,ID,3.283333,117.6,S,OR,real
51800,TANJUNGREDEB,ID,2.15,117.483333,S,RN,real
51810,BENOA,ID,0.983333,117.966667,V,RN,real
51811,BONTANG LNG TERMINAL,ID,0.1,117.483333,V,CN,real
51815,TANJUNG SANTAN,ID,-0.1,117.533333,V,CN,real
51820,SAMARINDA,ID,-0.516667,117.116667,V,RN,real
51830,SENIPAH OIL TERMINAL,ID,-0.95,117.166667,V,OR,real
51840,BALIKPAPAN,ID,-1.25,116.816667,S,CN,real
51845,LAWI LAWI OIL TERMINAL,ID,-1.45,116.766667,S,OR,real
51850,GUNUNG BATU BESAR,ID,-2.616667,116.3,V,RN,real
51860,KOTA BARU,ID,-3.233333,116.216667,V,CN,real
51890,BANJARMASIN,ID,-3.333333,114.583333,V,RN,real
51920,KUMAI,ID,-2.75,111.716667,V,RN,real
51941,PONTIANAK,ID,-0.016667,109.333333,V,RN,real
52040,MANADO,ID,1.5,124.833333,S,CN,real
52090,GORONTALO,ID,0.5,123.05,V,OR,real
52140,POSO,ID,-1.366667,120.75,V,OR,real
52230,KOLONODALE,ID,-1.983333,121.333333,V,CN,real
51560,KUCHING,MY,1.566667,110.35,S,RN,real
51580,SIBU,MY,2.283333,111.816667,V,RN,real
51583,SARIKEI,MY,2.133333,111.533333,V,RN,real
50805,SUNGAIPAKNING,ID,1.35,102.166667,S,CN,real
50910,FLYING FISH COVE,CX,-10.416667,105.7,M,CN,real
50925,BANTEN,ID,-6.016667,105.966667,V,OR,real
50930,ANYER LOR,ID,-6.05,105.916667,V,OR,real
50935,TANJUNG SEKONG,ID,-5.916667,106.0,V,CN,real
50970,JAKARTA,ID,-6.1,106.883333,L,CB,real
51010,CIREBON,ID,-6.716667,108.566667,V,CB,real
38630,PALMA DE MALLORCA,ES,39.566667,2.633333,M,CB,real
39220,PORTO PONTE ROMANO,IT,39.05,8.466667,V,OR,real
38150,SANTA CRUZ DE LA PALMA,ES,28.683333,-17.75,V,CB,real
38160,SANTA CRUZ DE TENERIFE,ES,28.466667,-16.233333,M,CB,real
38170,LAS PALMAS,ES,28.15,-15.416667,L,CB,real
38180,PUERTO DEL ROSARIO,ES,28.5,-13.85,V,CB,real
38190,ARRECIFE,ES,28.95,-13.533333,V,CB,real
38220,HUELVA,ES,37.25,-6.95,M,RN,real
38270,SEVILLA,ES,37.366667,-6.0,M,LC,real
38280,ROTA,ES,36.616667,-6.333333,V,CB,real
38290,CADIZ,ES,36.533333,-6.3,M,CB,real
38310,ALGECIRAS,ES,36.133333,-5.433333,S,CB,real
38330,EUROPA POINT,GI,36.133333,-5.35,M,CB,real
38370,MALAGA,ES,36.716667,-4.416667,M,CB,real
38375,MOTRIL,ES,36.75,-3.516667,V,CB,real
38380,ADRA,ES,36.733333,-3.033333,V,CB,real
38390,ALMERIA,ES,36.833333,-2.466667,S,CB,real
38395,PUERTO DE CARBONERAS,ES,37.0,-1.883333,S,CB,real
38410,AGUILAS,ES,37.4,-1.566667,V,CN,real
38420,HORNILLO,ES,37.4,-1.55,V,CN,real
38430,CARTAGENA,ES,37.583333,-0.983333,S,CB,real
38435,TORREVIEJA,ES,37.966667,-0.683333,V,CB,real
38440,ALICANTE,ES,38.333333,-0.483333,M,CB,real
38460,PUERTO DE GANDIA,ES,39.0,-0.15,V,CB,real
38480,VALENCIA,ES,39.45,-0.316667,M,CB,real
38490,SAGUNTO,ES,39.65,-0.216667,V,CB,real
38495,BURRIANA,ES,39.883333,-0.05,V,RN,real
38500,EL GRAO,ES,39.966667,0.016667,V,CB,real
38540,TARRAGONA,ES,41.1,1.233333,L,CB,real
38550,BARCELONA,ES,41.35,2.166667,L,CB,real
38570,SAN FELIU DE GUIXOLS,ES,41.783333,3.033333,V,CB,real
38580,PALAMOS,ES,41.833333,3.116667,S,CB,real
38130,FUNCHAL,PT,32.633333,-16.916667,L,CB,real
37290,PUERTO DE PASAJES,ES,43.333333,-1.933333,M,RN,real
37350,BERMEO,ES,43.416667,-2.716667,V,CB,real
37400,PUERTO DE BILBAO,ES,43.35,-3.05,M,CB,real
37470,SANTANDER,ES,43.466667,-3.783333,M,RN,real
37560,GIJON,ES,43.55,-5.666667,S,CB,real
12740,PORTO DE SUAPE,BR,-8.4,-34.966667,S,CB,real
51020,TEGAL,ID,-6.85,109.133333,V,OR,real
51030,PEKALONGAN,ID,-6.85,109.7,V,OR,real
51040,SEMARANG,ID,-6.95,110.416667,S,OR,real
51070,REMBANG,ID,-6.7,111.35,V,OR,real
51100,TUBAN,ID,-6.733333,112.15,V,OR,real
51130,SURABAYA,ID,-7.2,112.733333,M,CB,real
51200,PANARUKAN,ID,-7.7,113.933333,V,CN,real
51220,CILACAP,ID,-7.733333,109.0,L,CN,real
51260,BENOA,ID,-8.75,115.216667,V,CN,real
51290,LABUHANHAJI,ID,-8.7,116.566667,V,OR,real
51320,MAUMERE,ID,-8.616667,122.216667,V,OR,real
51330,LARANTUKA,ID,-8.35,122.983333,V,OR,real
51340,ENDE,ID,-8.833333,121.65,V,CN,real
51500,TAREMPAH,ID,3.216667,106.216667,V,CN,real
50790,BENGKALIS,ID,1.466667,102.1,V,CN,real
50010,PULAU BUKOM,SG,1.233333,103.766667,M,OR,real
50015,PULAU SEBAROK,SG,1.2,103.8,S,OR,real
50030,TANJUNGUBAN,ID,1.066667,104.216667,V,CN,real
50040,TANJUNGPINANG,ID,0.916667,104.45,V,OR,real
50045,KIJANG,ID,0.85,104.6,V,RN,real
50060,PULAU SAMBU,ID,1.166667,103.9,S,CN,real
50100,DABO,ID,-0.5,104.566667,V,OR,real
50120,TOBOALI,ID,-3.016667,106.45,V,OR,real
50140,MUNTOK,ID,-2.066667,105.166667,V,CN,real
50210,PANGKALPINANG,ID,-2.116667,106.133333,V,OR,real
50350,CINTA OIL TERMINAL,ID,-5.5,106.233333,V,OR,real
50380,PANJANG,ID,-5.466667,105.316667,V,CN,real
50450,TELUK BAYUR,ID,-1.0,100.366667,V,OR,real
37600,AVILES,ES,43.6,-5.933333,S,LC,real
37670,RIBADEO,ES,43.533333,-7.033333,V,RN,real
37690,SAN CIPRIAN,ES,43.7,-7.433333,V,CN,real
37740,FERROL,ES,43.483333,-8.233333,M,RN,real
37770,LA CORUNA,ES,43.366667,-8.4,S,CN,real
37830,VILLAGARCIA DE AROSA,ES,42.6,-8.766667,V,CN,real
37860,MARIN,ES,42.4,-8.7,S,CB,real
37900,VIGO,ES,42.233333,-8.716667,M,CB,real
37940,VIANA DO CASTELO,PT,41.7,-8.833333,S,CT,real
37950,PORTO DE LEIXOES,PT,41.183333,-8.7,V,CB,real
37960,DOURO,PT,41.15,-8.666667,V,RN,real
37970,AVEIRO,PT,40.65,-8.65,M,RN,real
37980,FIGUEIRA DA FOZ,PT,40.15,-8.85,V,RN,real
37990,LISBOA,PT,38.7,-9.166667,L,RN,real
38000,SETUBAL,PT,38.516667,-8.9,S,RN,real
38005,SINES,PT,37.95,-8.866667,M,CB,real
38030,FARO,PT,37.033333,-7.933333,V,RN,real
38050,VILA REAL DE S ANTONIO,PT,37.183333,-7.4,V,RN,real
37190,BORDEAUX,FR,44.866667,-0.566667,L,RT,real
36040,SAINT HELIER HARBOUR,GB,49.183333,-2.116667,S,CB,real
36260,PAIMPOL,FR,48.783333,-3.05,V,RT,real
36460,RADE DE BREST,FR,48.383333,-4.5,L,CB,real
36620,CONCARNEAU,FR,47.866667,-3.916667,V,CB,real
36680,LORIENT,FR,47.75,-3.35,M,RN,real
36850,ST NAZAIRE,FR,47.283333,-2.2,M,RT,real
36860,DONGES,FR,47.3,-2.066667,S,RN,real
36900,NANTES,FR,47.2,-1.566667,M,RN,real
36960,LES SABLES D' OLONNE,FR,46.5,-1.8,M,RB,real
37000,LA PALLICE,FR,46.166667,-1.216667,M,CT,real
37010,LA ROCHELLE,FR,46.15,-1.15,M,CT,real
37040,ROCHEFORT,FR,45.933333,-0.95,M,RT,real
37050,TONNAY CHARENTE,FR,45.933333,-0.9,S,RN,real
37120,LE VERDON,FR,45.55,-1.05,S,RN,real
37150,PAUILLAC,FR,45.2,-0.75,S,RN,real
37160,BLAYE,FR,45.133333,-0.666667,S,RN,real
8895,CONVENT,US,30.016667,-90.833333,S,RN,real
9235,DEER PARK,US,29.75,-95.333333,V,RN,real
48055,AIN SUKHNA TERMINAL,EG,29.583333,32.366667,L,OR,real
48121,KING FAHD PORT,SA,23.95,38.216667,V,CB,real
48155,RAS ISA MARINE TERMINAL,YE,15.133333,42.6,L,,real
57777,SHEKOU,CN,22.466667,113.866667,M,CN,real
50340,ARDJUNA OIL FIELD,ID,-5.883333,107.716667,V,OR,real
60230,BAYUQUAN,CN,40.3,122.083333,V,OR,real
48730,PIPAVAV BANDAR,IN,20.916667,71.516667,S,CN,real
58395,SUBIC BAY,PH,14.8,120.266667,M,CN,real
57857,YANTIAN,CN,22.583333,114.266667,S,CN,real
8893,ST. JAMES,US,29.983333,-90.933333,S,RN,real
62600,PETROPAVLOVSK,RU,53.05,158.65,V,CN,real
62630,NIKOL SKOYE,RU,55.2,165.983333,V,CN,real
62640,PROVIDENIYA,RU,64.416667,-173.233333,V,CN,real
62660,AMBARCHIK,RU,69.633333,162.316667,V,CN,real
62670,TIKSI,RU,71.633333,128.866667,S,CN,real
62680,PEVEK,RU,69.716667,170.3,V,CN,real
62695,PORT DIKSON,RU,73.5,80.516667,V,CN,real
62710,UST-PORT,RU,69.666667,84.433333,V,RN,real
62720,DUDINKA,RU,69.4,86.166667,M,RN,real
62730,IGARKA,RU,67.483333,86.6,S,RN,real
62740,MYS NOVYY PORT,RU,67.666667,72.9,V,RN,real
62770,NAR YAN-MAR,RU,67.65,53.0,V,RN,real
62775,MEZEN,RU,65.833333,44.183333,S,CN,real
62800,ARKHANGELS'K,RU,64.533333,40.533333,M,RN,real
50510,SIBOLGA,ID,1.733333,98.766667,V,CN,real
50600,ULEELHEUE,ID,5.566667,95.283333,V,OR,real
50610,SABANG,ID,5.883333,95.316667,V,CB,real
50650,BLANGLANCANG,ID,5.25,97.116667,V,OR,real
50700,PANGKALANSUSU,ID,4.116667,98.216667,V,CN,real
49980,MUAR,MY,2.05,102.566667,V,RN,real
50785,DUMAI,ID,1.683333,101.45,M,RN,real
49290,TRINCOMALEE HARBOR,LK,8.55,81.216667,M,CN,real
49300,KANKESANTURAI,LK,9.816667,80.05,V,OR,real
49320,TUTICORIN,IN,8.8,78.166667,S,CB,real
49350,NAGAPPATTINAM,IN,10.766667,79.85,S,OR,real
49410,CUDDALORE,IN,11.716667,79.766667,V,OR,real
49430,PONDICHERRY,IN,11.933333,79.833333,V,OR,real
49450,CHENNAI (MADRAS),IN,13.1,80.3,L,CB,real
49460,MACHILIPATNAM,IN,16.15,81.166667,V,OR,real
49470,KAKINADA BAY,IN,17.0,82.316667,V,CB,real
49480,VISHAKHAPATNAM,IN,17.683333,83.3,M,CB,real
49535,PARADIP,IN,20.266667,86.683333,S,CB,real
49555,HALDIA PORT,IN,22.016667,88.083333,V,RN,real
49560,CALCUTTA,IN,22.55,88.333333,L,RN,real
49580,MONGLA,BD,22.466667,89.6,S,RN,real
49590,CHITTAGONG,BD,22.316667,91.816667,M,RN,real
49620,SITTWE,MM,20.133333,92.9,S,OR,real
49640,BASSEIN,MM,16.783333,94.733333,S,RN,real
49650,RANGOON,MM,16.766667,96.166667,S,RN,real
49660,MOULMEIN HARBOR,MM,16.483333,97.616667,S,RN,real
49690,MERGUI,MM,12.433333,98.6,S,RN,real
49720,PORT BLAIR,IN,11.683333,92.75,S,CN,real
49770,PHUKET,TH,7.833333,98.4,S,OR,real
49780,KRABI,TH,8.066667,98.916667,V,RN,real
49790,KANTANG HARBOR,TH,7.4,99.516667,V,RN,real
49930,PORT KLANG,MY,3.0,101.4,L,CN,real
49960,PORT DICKSON,MY,2.533333,101.783333,M,OR,real
37170,AMBES,FR,45.016667,-0.533333,S,RN,real
35415,TEIGNMOUTH HARBOUR,GB,50.55,-3.5,V,RN,real
35440,BRIDPORT HARBOUR,GB,50.716667,-2.766667,V,CB,real
35480,POOLE HARBOUR,GB,50.683333,-1.95,S,RN,real
35580,SOUTHAMPTON,GB,50.9,-1.4,L,RB,real
35630,SHOREHAM HARBOUR,GB,50.816667,-0.25,V,LC,real
35730,DUNKERQUE PORT EST,FR,51.05,2.383333,M,RT,real
35760,BOULOGNE-SUR-MER,FR,50.733333,1.6,M,RT,real
35830,FECAMP,FR,49.766667,0.366667,S,LC,real
35860,HONFLEUR,FR,49.416667,0.216667,V,RT,real
35950,RADE DE CHERBOURG,FR,49.65,-1.633333,L,CT,real
35390,DARTMOUTH HARBOUR,GB,50.35,-3.616667,S,RN,real
34850,FISHGUARD,GB,52.016667,-4.983333,S,CB,real
34880,MILFORD HAVEN,GB,51.716667,-5.033333,M,RN,real
34950,SWANSEA,GB,51.616667,-3.95,S,RT,real
62810,SEVERODVINSK,RU,64.566667,39.783333,S,CN,real
62820,ONEGA,RU,63.9,38.1,V,RN,real
62830,BELOMORSK,RU,64.533333,34.8,S,CN,real
62840,RABOCHEOSTROVSK,RU,64.983333,34.783333,S,CN,real
62860,KERET,RU,66.283333,33.566667,S,CN,real
62870,KOVDA,RU,66.683333,32.866667,V,CN,real
62890,KANDALAKSHA,RU,67.133333,32.416667,V,RN,real
62900,BOLSHAYA PIRYU GUBA,RU,66.666667,34.366667,S,CN,real
62910,OSTROVNOY GREMIKHA,RU,68.05,39.516667,S,CN,real
62950,MURMANSK,RU,68.983333,33.05,L,RN,real
62970,MYS ABRAM,RU,68.983333,33.033333,V,CN,real
63070,ELLEFSEN HARBOR,AQ,-60.733333,-45.033333,V,CN,real
63080,SCOTIA BAY,AQ,-60.75,-44.716667,V,CN,real
63090,ADMIRALTY BAY,AQ,-62.083333,-58.416667,V,CN,real
63095,PORT FOSTER,AQ,-62.95,-60.633333,V,CN,real
63100,PORT LOCKROY,AQ,-64.816667,-63.5,V,CN,real
63110,MELCHIOR HARBOR,AQ,-64.316667,-63.0,V,CN,real
63120,ANDERSEN HARBOR,AQ,-64.316667,-62.933333,V,CN,real
62550,BUKHTA NAGAYEVA (MAGADAN),RU,59.566667,150.716667,S,CN,real
8822,SOUTHWEST PASS,US,28.45,-90.7,S,RN,real
8890,TRI-CITY PORT,US,38.716667,-90.2,L,RN,real
62140,MOJI KO,JP,33.95,130.966667,M,RN,real
62145,KANDA,JP,33.783333,131.016667,V,CN,real
62160,OITA KO,JP,33.25,131.666667,V,CB,real
62165,SAGANOSEKI KO,JP,33.25,131.866667,S,CB,real
62170,TSUKUMI KO,JP,33.083333,131.866667,V,CB,real
62175,SAIKI KO,JP,32.966667,131.933333,S,CB,real
62190,HOSOSHIMA KO,JP,32.433333,131.666667,V,CB,real
62220,KAGOSHIMA KO,JP,31.583333,130.566667,M,CN,real
62224,SHIBUSHI WAN,JP,31.466667,131.1,S,CB,real
62225,KIIRE,JP,31.383333,130.55,V,OR,real
62250,MINAMATA KO,JP,32.2,130.383333,V,CB,real
62255,YATSUSHIRO KO,JP,32.5,130.533333,S,RN,real
62280,MISUMI KO,JP,32.6,130.466667,S,CN,real
62290,MIIKE KO,JP,33.0,130.416667,S,CB,real
62360,NAGASAKI,JP,32.716667,129.85,L,CN,real
62380,SASEBO,JP,33.166667,129.716667,M,CN,real
62400,IMARI,JP,33.283333,129.883333,V,RN,real
49970,MELAKA,MY,2.2,102.25,S,RN,real
49240,COLOMBO,LK,6.95,79.85,M,CB,real
49250,GALLE HARBOR,LK,6.016667,80.216667,S,CB,real
48450,BANDAR-E MAHSHAHR,IR,30.466667,49.183333,S,RN,real
48460,BANDAR KHOMEYNI,IR,30.433333,49.083333,S,OR,real
48465,KHARG ISLAND OIL TERMINAL,IR,29.233333,50.333333,S,OR,real
48468,SIRUS OIL TERMINAL,IR,29.016667,49.483333,S,OR,real
48470,BUSHEHR,IR,28.983333,50.833333,M,CN,real
48480,JAZIREH-YE LAVAN OIL TERMINAL,IR,26.783333,53.333333,V,OR,real
48530,JAZIREH-YE HORMOZ,IR,27.1,56.45,V,OR,real
48535,JAZIREH-YE SIRRI,IR,25.9,54.55,S,OR,real
48550,CHAH BAHAR,IR,25.266667,60.616667,V,CN,real
48600,KARACHI,PK,24.783333,66.983333,M,CN,real
48605,MUHAMAMAD BIN QASIM,PK,24.766667,67.35,S,CN,real
48620,MANDVI,IN,22.833333,69.35,V,OR,real
48670,OKHA,IN,22.466667,69.083333,V,CN,real
48690,VERAVAL,IN,20.9,70.366667,V,OR,real
48760,BHAVNAGAR,IN,21.766667,72.233333,S,RT,real
48840,MUMBAI (BOMBAY),IN,18.966667,72.866667,L,CT,real
48845,JAWAHARLAL NEHRU PORT (NHAVA SHIVA),IN,18.95,72.95,M,OR,real
48970,MARMAGAO,IN,15.433333,73.8,S,RN,real
48990,KARWAR,IN,14.816667,74.116667,V,CB,real
49040,AZHIKAL (AZHIKKAL),IN,11.916667,75.3,V,RN,real
49100,CALICUT (KOZHIKODE),IN,11.25,75.766667,V,OR,real
49110,BEYPORE,IN,11.166667,75.8,V,OR,real
49130,KOCHI (COCHIN),IN,9.966667,76.233333,M,CN,real
49160,QUILON (KOLLAM),IN,8.883333,76.583333,V,CB,real
49180,KOLACHEL,IN,8.166667,77.25,V,OR,real
34970,NEATH,GB,51.633333,-3.833333,V,CN,real
34980,PORT TALBOT,GB,51.583333,-3.816667,S,CB,real
34990,BARRY,GB,51.4,-3.266667,M,CT,real
35010,CARDIFF,GB,51.45,-3.166667,M,CT,real
35015,NEWPORT,GB,51.55,-2.983333,M,RT,real
35040,SHARPNESS,GB,51.716667,-2.483333,S,LC,real
35060,AVONMOUTH,GB,51.5,-2.716667,S,RT,real
35070,BRISTOL,GB,51.466667,-2.633333,M,RT,real
35100,BRIDGWATER,GB,51.133333,-3.0,V,RN,real
35110,WATCHET HARBOR,GB,51.183333,-3.333333,V,CB,real
35150,BIDEFORD,GB,51.033333,-4.2,S,RN,real
35170,PADSTOW,GB,50.55,-4.933333,V,RN,real
35200,HAYLE,GB,50.183333,-5.416667,V,RB,real
35240,NEWLYN,GB,50.1,-5.55,V,CB,real
35290,FALMOUTH HARBOUR,GB,50.15,-5.066667,M,CN,real
35320,CHARLESTOWN,GB,50.333333,-4.75,V,CT,real
35330,PAR,GB,50.35,-4.7,V,CB,real
34770,HOLYHEAD,GB,53.316667,-4.633333,S,CB,real
34780,CAERNARVON,GB,53.15,-4.266667,S,RB,real
33950,SLIGO,IE,54.266667,-8.466667,V,RB,real
34020,WESTPORT,IE,53.8,-9.533333,V,CN,real
34060,GALWAY,IE,53.266667,-9.05,V,RT,real
34110,LIMERICK,IE,52.633333,-8.616667,S,RT,real
34130,FOYNES,IE,52.616667,-9.116667,L,RN,real
34150,TARBERT,IE,52.583333,-9.366667,V,RN,real
34160,FENIT,IE,52.266667,-9.866667,V,CN,real
34260,BANTRY,IE,51.683333,-9.45,V,CN,real
34350,COBH,IE,51.85,-8.3,M,RN,real
34360,CORK,IE,51.85,-8.266667,M,RN,real
34400,WATERFORD,IE,52.266667,-7.116667,V,RN,real
34420,ROSSLARE,IE,52.25,-6.333333,S,CB,real
62420,KARATSU,JP,33.483333,129.966667,S,CN,real
62430,HAKATA,JP,33.6,130.4,M,CB,real
62440,IZUHARA,JP,34.2,129.3,V,CN,real
62495,KIN WAN,JP,26.416667,127.9,V,OR,real
62500,NAHA KO,JP,26.216667,127.683333,S,CB,real
62510,HIRARA KO,JP,24.8,125.283333,V,CN,real
62520,ISHIGAKI,JP,24.333333,124.166667,V,OR,real
62540,OKHOTSK IY REYD,RU,59.366667,143.2,V,RN,real
62120,WAKAMATSU KO,JP,33.9,130.816667,L,CN,real
61720,HAGI KO,JP,34.416667,131.4,V,CN,real
61730,HAMADA KO,JP,34.9,132.083333,V,CB,real
61750,SAKAI KO,JP,35.55,133.25,S,CN,real
61790,MIYAZU,JP,35.533333,135.2,M,CN,real
61800,MAIZURU KO,JP,35.516667,135.333333,S,CN,real
61822,KANAZAWA,JP,36.616667,136.6,S,RB,real
61840,NANAO KO,JP,37.05,136.983333,S,CN,real
61870,NIIGATA KO,JP,37.916667,139.05,M,RB,real
61890,RYOTU KO,JP,38.083333,138.566667,V,CN,real
61900,SAKATA KO,JP,38.933333,139.816667,S,CT,real
61910,AKITA-FUNAKAWA KO,JP,39.833333,140.0,V,CB,real
61935,HANNAN KO,JP,34.466667,135.35,S,CN,real
61940,TAKAMATSU,JP,34.35,134.05,V,CB,real
61960,KOMATSUSHIMA,JP,34.016667,134.6,S,CB,real
61965,TACHIBANA,JP,33.866667,134.666667,V,CB,real
61970,KOCHI KO,JP,33.5,133.566667,M,CN,real
61980,SUSAKI KO,JP,33.383333,133.3,V,CB,real
62010,UWAJIMA KO,JP,33.216667,132.566667,V,CN,real
62020,YAWATAHAMA,JP,33.45,132.416667,V,CN,real
62030,MATSUYAMA,JP,33.85,132.7,S,CB,real
62060,KIKUMA KO,JP,34.033333,132.833333,V,CB,real
62065,MUTUREZIMA KO,JP,33.966667,130.866667,S,OR,real
62070,IMABARI KO,JP,34.066667,133.016667,S,CB,real
62080,NIIHAMA,JP,33.983333,133.283333,S,CB,real
62085,MISHIMA-KAWANOE KO,JP,34.0,133.55,S,CN,real
49200,MALE,MV,4.166667,73.5,V,CN,real
48430,ABADAN,IR,30.333333,48.283333,M,RN,real
48230,MINA RAYSUT,OM,16.933333,54.016667,S,CB,real
48250,MINA QABUS,OM,23.633333,58.583333,V,CB,real
48255,MINA AL FAHL,OM,23.633333,58.516667,S,OR,real
48262,FUJAYRAH HARBOR,AE,25.166667,56.333333,S,CB,real
48263,KHAWR FAKKAN,AE,25.35,56.383333,M,CN,real
48264,MINA SAQR,AE,25.983333,56.05,V,CB,real
48265,FATEH OIL TERMINAL,AE,25.583333,54.416667,V,OR,real
48268,MUBARRAZ OIL TERMINAL,AE,24.433333,53.516667,S,OR,real
48274,AL HAMRIYAH LPG TERMINAL,AE,25.466667,55.483333,S,CB,real
48275,DUBAYY,AE,25.266667,55.3,S,CB,real
48276,MINA JABAL ALI,AE,25.016667,55.05,L,CB,real
48277,JAZIRAT DAS,AE,25.15,52.866667,V,OR,real
48278,ABU ZABY,AE,24.5,54.333333,M,CB,real
48279,UMM AN NAR,AE,24.45,54.483333,V,RN,real
48282,JABAL AZ ZANNAH/RUWAYS,AE,24.2,52.7,M,CB,real
48287,UMM SAID,QA,24.916667,51.566667,S,OR,real
48290,DOHA,QA,25.283333,51.533333,S,CN,real
48295,JAZIRAT HALUL,QA,25.683333,52.416667,V,OR,real
48320,SITRAH,BH,26.166667,50.666667,M,OR,real
48325,MINA SALMAN,BH,26.2,50.633333,M,CN,real
48335,DAMMAM,SA,26.5,50.2,S,CB,real
48338,AL JUBAYL,SA,27.083333,49.666667,V,CB,real
48340,RAS  TANNURAH,SA,26.633333,50.166667,M,OR,real
48343,JU AYMAH OIL TERMINAL,SA,26.933333,50.033333,S,OR,real
48356,MINA AZ ZAWR,KW,28.733333,48.4,V,OR,real
48357,MINA ASH SHUAYBAH,KW,29.033333,48.166667,M,OR,real
48360,MINA ABD ALLAH,KW,29.016667,48.166667,S,OR,real
48361,MINA AL AHMADI,KW,29.066667,48.166667,M,OR,real
48390,KHAWR AL AMAYA,IQ,29.783333,48.8,V,OR,real
48392,AL-BASRA OIL TERMINAL,IQ,29.683333,48.816667,V,OR,real
48399,UMM QASR,IQ,30.016667,47.95,S,RN,real
48400,AL BASRAH,IQ,30.516667,47.833333,M,RN,real
48420,KHORRAMSHAHR,IR,30.433333,48.183333,M,RN,real
48165,AL AHMADI,YE,14.833333,42.966667,S,CB,real
48190,ADEN,YE,12.783333,44.95,M,CN,real
48210,AL MUKALLA,YE,14.516667,49.116667,S,CB,real
34480,DUBLIN,IE,53.35,-6.25,M,CB,real
34560,GREENORE,IE,54.033333,-6.133333,V,CN,real
34590,SILLOTH,GB,54.866667,-3.4,S,CT,real
34610,WORKINGTON,GB,54.566667,-3.633333,V,RT,real
34630,BARROW IN FURNESS,GB,54.116667,-3.233333,M,CT,real
34640,HEYSHAM,GB,54.033333,-2.916667,V,CB,real
34660,FLEETWOOD,GB,53.916667,-3.016667,S,RT,real
34690,LIVERPOOL,GB,53.416667,-3.0,L,RT,real
34700,MANCHESTER,GB,53.483333,-2.266667,L,RT,real
33880,RATHMULLAN,IE,55.1,-7.533333,V,CN,real
33930,KILLYBEGS,IE,54.633333,-8.45,V,CN,real
33090,MALLAIG,GB,57.0,-5.816667,V,CN,real
33140,TOBERMORY,GB,56.616667,-6.066667,V,CN,real
33170,CRAIGNURE,GB,56.466667,-5.7,V,CN,real
33190,CORPACH,GB,56.85,-5.116667,S,CN,real
33250,OBAN,GB,56.416667,-5.466667,S,CN,real
33280,PORT ELLEN,GB,55.633333,-6.2,V,OR,real
33290,CRINAN (CANAL),GB,56.083333,-5.566667,V,LC,real
33300,CAMPBELTOWN,GB,55.433333,-5.6,S,CN,real
33310,LAMLASH HARBOR,GB,55.533333,-5.116667,V,OR,real
33340,ARDRISHAIG,GB,56.016667,-5.45,V,CN,real
33370,ROTHESAY HARBOR,GB,55.833333,-5.05,V,CB,real
33390,GREENOCK,GB,55.95,-4.75,M,CN,real
33405,FINNART OIL TERMINAL,GB,56.116667,-4.833333,S,RN,real
33450,BOWLING,GB,55.933333,-4.483333,V,RN,real
33460,OLD KILPATRICK,GB,55.916667,-4.466667,V,RN,real
33470,ROTHESAY DOCK,GB,55.9,-4.4,V,RN,real
33480,RENFREW,GB,55.883333,-4.383333,V,RB,real
33490,GLASGOW,GB,55.866667,-4.283333,M,RT,real
33500,LARGS,GB,55.8,-4.866667,V,CN,real
33515,HUNTERSTON,GB,55.75,-4.883333,V,OR,real
33520,MILLPORT,GB,55.75,-4.916667,S,CN,real
33530,ARDROSSAN,GB,55.65,-4.816667,S,CB,real
33550,TROON,GB,55.55,-4.683333,V,CB,real
33560,AYR,GB,55.466667,-4.633333,V,RB,real
33570,STRANRAER,GB,54.9,-5.033333,V,RB,real
33610,DOUGLAS,GB,54.15,-4.466667,S,CB,real
33620,RAMSEY,GB,54.316667,-4.366667,S,CB,real
33690,ARDGLASS,GB,54.266667,-5.616667,V,CN,real
62100,MARUGAME KO,JP,34.3,133.783333,V,CB,real
61690,UBE KO,JP,33.933333,131.233333,M,CB,real
61410,URAGA KO,JP,35.233333,139.716667,V,CN,real
61415,TAGONOURA KO,JP,35.133333,138.7,M,RB,real
61420,SHIMODA KO,JP,34.666667,138.95,V,CB,real
61425,OMAEZAKI KO,JP,34.6,138.233333,S,CB,real
61460,SHIMIZU KO,JP,35.016667,138.5,S,CN,real
61470,KINUURA KO,JP,34.85,136.95,S,RN,real
61475,GAMAGORI KO,JP,34.816667,137.216667,S,OR,real
61480,NAGOYA KO,JP,35.066667,136.866667,L,CB,real
61490,YOKKAICHI,JP,34.966667,136.633333,M,CB,real
61495,MATSUSAKA,JP,34.6,136.566667,S,CN,real
61500,TOBA,JP,34.483333,136.85,S,CN,real
61515,OWASE KO,JP,34.066667,136.216667,V,CN,real
61540,TANABE KO,JP,33.716667,135.366667,V,CN,real
61545,WAKAYAMA-SHIMOTSU KO,JP,34.2,135.133333,L,CB,real
61547,SAKAI-SENBOKU,JP,34.55,135.433333,M,CB,real
61555,AMAGASAKI,JP,34.7,135.383333,S,CT,real
61560,KOBE,JP,34.65,135.183333,L,OR,real
61567,HIMEJI,JP,34.75,134.633333,M,CB,real
61570,AIOI,JP,34.783333,134.466667,V,CN,real
61573,KAKOGAWA,JP,34.7,134.833333,V,CB,real
61580,UNO KO,JP,34.483333,133.95,V,CN,real
61590,HIBI KO,JP,34.45,133.933333,V,CN,real
61595,MIZUSHIMA KO,JP,34.5,133.75,M,CN,real
61630,ONOMICHI-ITOZAKI,JP,34.383333,133.166667,L,CN,real
61640,KURE,JP,34.233333,132.55,M,CN,real
61655,KANOKAWA KO,JP,34.183333,132.433333,V,CN,real
61662,IWAKUNI KO,JP,34.183333,132.25,M,OR,real
61675,KUDAMATSU,JP,34.0,131.866667,S,CN,real
61680,TOKUYAMA,JP,34.033333,131.816667,M,OR,real
61400,YOKOSUKA KO,JP,35.283333,139.666667,M,CN,real
61040,ALEKSANDROVSK -SAKHALINSKIY,RU,50.9,142.133333,S,OR,real
61045,LAZAREV,RU,52.216667,141.516667,V,OR,real
61060,MOSKAL VO,RU,53.583333,142.5,V,CN,real
47420,MAINTIRANO,MG,-18.066667,44.016667,V,OR,real
47470,FARADOFAY,MG,-25.033333,47.0,V,OR,real
47500,MANAKARA,MG,-22.116667,48.05,V,OR,real
47590,MAROANTSETRA,MG,-15.45,49.816667,V,OR,real
47620,IHARANA,MG,-13.35,50.0,V,CN,real
47690,PORT EST,RE,-20.933333,55.316667,S,CB,real
47700,SAINT-PIERRE,RE,-21.35,55.466667,V,OR,real
47800,DIEGO GARCIA,IO,-7.35,72.466667,V,CB,real
47820,BERBERA,SO,10.45,45.016667,S,CB,real
47850,DJIBOUTI,DJ,11.6,43.133333,S,CN,real
47880,ASSAB,ER,13.0,42.75,S,CN,real
47900,MITSIWA HARBOR,ER,15.616667,39.466667,S,CB,real
47940,PORT SUDAN,SD,19.6,37.233333,M,CB,real
47970,AL QUSAYR,EG,26.1,34.283333,V,OR,real
47980,BUR SAFAGA,EG,26.733333,33.95,S,CB,real
47985,ZEIT BAY TERMINAL,EG,27.833333,33.6,S,OR,real
47990,EL GHARDAQA,EG,27.216667,33.85,V,CN,real
48015,RAS SHUKHIER,EG,28.133333,33.283333,M,OR,real
48020,RAS GHARIB,EG,28.35,33.1,V,OR,real
48040,AS SUWAYS,EG,29.966667,32.55,L,CB,real
48045,EL-ADABIYA,EG,29.866667,32.466667,S,CN,real
48050,EL ISMAILIYA,EG,30.583333,32.283333,S,LC,real
48060,RAS ABU ZANIMAH,EG,29.033333,33.116667,S,CN,real
48065,WADI FEIRAN,EG,28.75,33.2,S,OR,real
48076,ELAT,IL,29.55,34.95,S,CN,real
48090,AL AQABAH,JO,29.516667,35.0,V,OR,real
48120,YANBU,SA,24.083333,38.05,V,CB,real
48140,JIDDAH,SA,21.483333,39.183333,S,CB,real
48142,JIZAN,SA,16.9,42.483333,S,CB,real
46780,SIMONSTOWN,ZA,-34.183333,18.433333,V,CB,real
46800,MOSSEL BAY,ZA,-34.183333,22.15,S,CB,real
46820,PORT ELIZABETH,ZA,-33.966667,25.616667,M,CB,real
33770,BELFAST,GB,54.616667,-5.9,L,RB,real
33790,LARNE,GB,54.85,-5.8,S,CN,real
33820,COLERAINE,GB,55.133333,-6.666667,S,RN,real
33830,LONDONDERRY,GB,55.0,-7.316667,M,RN,real
33060,ORNSAY,GB,57.15,-5.8,V,CN,real
32290,BUCKIE HARBOR,GB,57.683333,-2.966667,V,CB,real
32300,LOSSIEMOUTH,GB,57.716667,-3.283333,V,CB,real
32320,BURGHEAD,GB,57.7,-3.5,V,CN,real
32330,INVERNESS,GB,57.483333,-4.233333,S,RN,real
32340,CROMARTY,GB,57.683333,-4.033333,S,CB,real
32350,INVERGORDON,GB,57.683333,-4.166667,S,OR,real
32360,PORTMAHOMACK HARBOR,GB,57.833333,-3.833333,S,CB,real
32370,HELMSDALE HARBOR,GB,58.116667,-3.65,S,CB,real
32380,WICK,GB,58.433333,-3.083333,S,CB,real
32410,PIEROWALL,GB,59.3,-2.983333,S,CN,real
32420,KETTLETOFT,GB,59.233333,-2.6,V,CN,real
32430,WHITEHALL,GB,59.133333,-2.6,V,CN,real
32440,KIRKWALL,GB,58.983333,-2.966667,V,CB,real
32450,STROMNESS,GB,58.966667,-3.3,V,OR,real
32460,SOUTH NESS,GB,58.8,-3.2,V,CN,real
32470,ST MARGARETS HOPE,GB,58.833333,-2.95,V,CN,real
32490,LYNESS,GB,58.833333,-3.2,M,CN,real
32500,SCAPA BAY,GB,58.95,-2.983333,S,CN,real
32590,SCALLOWAY,GB,60.133333,-1.283333,V,CN,real
32600,LERWICK,GB,60.15,-1.15,M,CN,real
32630,SULLOM VOE,GB,60.466667,-1.3,S,CN,real
32680,TVOROYRI,FO,61.55,-6.8,V,CN,real
32690,TORSHAVN,FO,62.0,-6.75,V,CB,real
32700,KONGSHAVN,FO,62.116667,-6.733333,V,CB,real
32720,VESTMANNA,FO,62.15,-7.166667,V,CN,real
32730,SORVAGUR,FO,62.083333,-7.25,V,CN,real
32740,FUGLAFJORDUR,FO,62.25,-6.8,V,CN,real
32750,KLAKSVIK,FO,62.233333,-6.583333,V,CN,real
32780,SCRABSTER HARBOR,GB,58.616667,-3.55,S,CB,real
32820,ULLAPOOL,GB,57.9,-5.15,V,OR,real
32830,AULTBEA,GB,57.833333,-5.583333,V,OR,real
32850,GAIRLOCH,GB,57.716667,-5.683333,V,RN,real
32890,PLOCKTON,GB,57.333333,-5.65,V,CN,real
32900,KYLE OF LOCHALSH,GB,57.283333,-5.716667,V,OR,real
32910,KYLEAKIN,GB,57.266667,-5.733333,V,CN,real
32920,BROADFORD BAY,GB,57.25,-5.883333,V,CN,real
32930,PORTREE HARBOR,GB,57.416667,-6.2,V,CN,real
12035,PUERTO MIRANDA,VE,10.766667,-71.566667,S,LC,real
12025,LA SALINA,VE,10.366667,-71.466667,S,LC,real
61650,HIROSHIMA,JP,34.35,132.466667,M,OR,real
11946,PUERTO BOLIVAR,CO,12.25,-71.966667,S,CB,real
11935,POZOS COLORADOS,CO,11.15,-74.25,S,OR,real
11930,BARRANQUILLA,CO,10.966667,-74.766667,M,RN,real
9875,BAHIA DE LAS MINAS,PA,9.4,-79.816667,S,RN,real
9860,PUERTO CRISTOBAL,PA,9.35,-79.916667,M,CB,real
9805,PUERTO MOIN,CR,10.0,-83.083333,V,CB,real
9770,BLUEFIELDS,NI,12.016667,-83.75,S,OR,real
45753,TANGIER-MEDITERRANEAN,MA,35.9,-5.516667,L,CB,real
9665,PUERTO ESTE,HN,16.083333,-86.9,V,CN,real
41415,NEUM,BA,42.916667,17.6,S,,real
9590,BELIZE CITY,BZ,17.5,-88.183333,S,OR,real
9500,CAMPECHE,MX,19.85,-90.55,S,OR,real
9440,FRONTERA,MX,18.533333,-92.65,V,RN,real
9410,NANCHITAL,MX,18.066667,-94.416667,V,RN,real
48770,MAGDALLA,IN,21.15,72.75,V,RN,real
48790,HAZIRA,IN,21.083333,72.633333,S,CB,real
62150,BEPPU,JP,33.316667,131.516667,V,CB,real
62130,KOKURA KO,JP,33.883333,130.883333,S,CB,real
61700,SHIMONOSEKI,JP,33.933333,130.933333,S,CN,real
48900,RATNAGIRI,IN,16.983333,73.283333,V,CN,real
49170,TRIVANDRUM,IN,8.483333,76.95,V,OR,real
61855,SHIMMINATO,JP,36.766667,137.116667,V,RB,real
15270,GUAYAQUIL,EC,-2.2,-79.883333,S,RN,real
36855,MONTOIR,FR,47.3,-2.133333,M,RN,real
16380,POINT SAN PABLO,US,37.966667,-122.433333,V,CN,real
16385,SAUSALITO,US,37.85,-122.483333,V,CN,real
16390,PINOLE POINT,US,38.016667,-122.366667,V,CN,real
16400,OLEUM,US,38.05,-122.266667,V,CN,real
16410,MARE ISLAND,US,38.1,-122.266667,S,CN,real
16420,SOUTH VALLEJO,US,38.083333,-122.25,S,CN,real
16440,CROCKETT,US,38.05,-122.216667,V,CN,real
16450,PORT COSTA,US,38.05,-122.183333,V,CN,real
16470,BENICIA,US,38.05,-122.15,V,CN,real
16480,MARTINEZ,US,38.033333,-122.133333,V,CN,real
16510,PITTSBURG,US,38.033333,-121.883333,V,RN,real
16515,ANTIOCH,US,38.016667,-121.8,V,RN,real
16520,STOCKTON,US,37.95,-121.3,S,RN,real
16540,RIO VISTA,US,38.15,-121.7,V,RN,real
16550,ISLETON,US,38.166667,-121.6,V,RN,real
16560,WALNUT GROVE,US,38.233333,-121.516667,V,RN,real
16570,COURTLAND,US,38.333333,-121.566667,V,RN,real
16590,SACRAMENTO,US,38.583333,-121.5,S,RN,real
16630,BODEGA BAY,US,38.333333,-123.05,V,CN,real
16650,FORT BRAGG,US,39.45,-123.816667,V,CN,real
16660,FIELDS LANDING,US,40.716667,-124.216667,V,CN,real
16670,EUREKA,US,40.8,-124.183333,S,CN,real
16680,SAMOA,US,40.816667,-124.183333,V,CN,real
16700,CRESCENT CITY,US,41.75,-124.2,V,CB,real
16710,PORT ORFORD,US,42.733333,-124.5,V,CN,real
16720,BANDON,US,43.116667,-124.416667,V,RN,real
16730,PROSPER,US,43.15,-124.366667,V,RN,real
16740,EMPIRE,US,43.4,-124.283333,M,CN,real
16750,NORTH BEND,US,43.4,-124.216667,V,CN,real
16770,COOS BAY,US,43.366667,-124.216667,S,CN,real
16790,WINCHESTER BAY,US,43.683333,-124.183333,V,RN,real
16795,GARDINER,US,43.716667,-124.1,V,RN,real
16800,REEDSPORT,US,43.7,-124.1,V,RN,real
16803,FLORENCE,US,43.966667,-124.116667,V,RN,real
16805,GLENADA,US,43.966667,-124.116667,V,RN,real
16808,CUSHMAN,US,43.983333,-124.066667,V,RN,real
16810,WALDPORT,US,44.433333,-124.066667,V,CN,real
16820,NEWPORT,US,44.633333,-124.05,V,RN,real
16830,TOLEDO,US,44.616667,-123.933333,V,RN,real
16835,DEPOE BAY,US,44.8,-124.066667,V,CN,real
16838,ILWACO,US,46.3,-124.05,V,RN,real
16290,PRINCETOWN,US,37.5,-122.483333,V,CB,real
15790,PUERTO VALLARTA,MX,20.616667,-105.266667,S,RB,real
15810,MAZATLAN,MX,23.2,-106.416667,M,RN,real
15830,TOPOLOBAMPO,MX,25.6,-109.066667,S,CN,real
15850,GUAYMAS,MX,27.916667,-110.916667,S,CB,real
15870,SANTA ROSALIA,MX,27.333333,-112.283333,S,CB,real
6970,MONHEGAN,US,43.766667,-69.316667,V,CN,real
6980,PORT CLYDE,US,43.916667,-69.25,V,CN,real
6990,THOMASTON,US,44.066667,-69.183333,V,RN,real
7000,FRIENDSHIP,US,43.966667,-69.333333,V,CN,real
7010,NEW HARBOR,US,43.866667,-69.483333,V,CN,real
7020,PEMAQUID BEACH,US,43.866667,-69.533333,V,CN,real
7030,SOUTH BRISTOL,US,43.866667,-69.55,V,CN,real
7040,BOOTHBAY HARBOR,US,43.866667,-69.583333,V,CN,real
7070,ROBINHOOD,US,43.85,-69.733333,V,RN,real
7080,BATH,US,43.916667,-69.816667,S,RN,real
7100,GARDINER,US,44.233333,-69.766667,V,RN,real
7120,AUGUSTA,US,44.316667,-69.766667,V,RN,real
7130,CUNDY HARBOR,US,43.783333,-69.9,V,CN,real
7140,SOUTH HARPSWELL,US,43.733333,-70.016667,V,CN,real
7150,PORTLAND,US,43.666667,-70.25,M,CN,real
7160,SACO,US,43.5,-70.45,V,RN,real
7170,KENNEBUNKPORT,US,43.366667,-70.466667,V,RN,real
7180,PORTSMOUTH,US,43.083333,-70.75,S,RN,real
6670,COREA,US,44.4,-67.966667,V,CN,real
6170,GOLDSBORO,CA,45.183333,-61.65,V,CN,real
6190,STORMONT,CA,45.216667,-61.716667,V,CN,real
6220,SONORA,CA,45.066667,-61.916667,V,RN,real
6330,MUSQUODOBOIT HARBOUR,CA,44.783333,-63.15,V,CN,real
6340,HALIFAX,CA,44.65,-63.583333,L,CN,real
6350,SAMBRO,CA,44.466667,-63.6,V,CN,real
6390,LUNENBURG,CA,44.383333,-64.316667,S,CN,real
6420,LOCKEPORT,CA,43.7,-65.116667,V,CB,real
6470,DIGBY,CA,44.616667,-65.766667,S,CN,real
6480,ANNAPOLIS ROYAL,CA,44.75,-65.516667,V,RN,real
6500,WINDSOR,CA,45.0,-64.15,V,RN,real
6550,ST JOHN,CA,45.266667,-66.05,M,CB,real
6575,PORT BAYSIDE NB,CA,45.15,-67.133333,V,RN,real
6600,EASTPORT,US,44.9,-66.983333,V,CN,real
6610,LUBEC,US,44.866667,-66.983333,V,CN,real
6620,MACHIASPORT,US,44.7,-67.4,V,CN,real
6630,MACHIAS,US,44.716667,-67.466667,V,RN,real
6640,JONESPORT,US,44.533333,-67.616667,V,CN,real
6650,WYMAN,US,44.516667,-67.866667,V,CN,real
6660,MILBRIDGE,US,44.533333,-67.883333,V,RN,real
6100,CANSO,CA,45.333333,-61.0,V,CN,real
5440,PORT WING,US,46.783333,-91.383333,V,CB,real
29870,KERTEMINDE,DK,55.45,10.666667,V,CB,real
45730,CUETA,ES,35.9,-5.316667,M,CB,real
28187,INKOO,FI,60.016667,23.916667,V,RB,real
27850,TOLKKINEN,FI,60.033333,25.583333,V,CB,real
27537,RAHJA,FI,64.2,23.733333,V,CB,real
45720,PORT D AL HOCEIMA,MA,35.25,-3.916667,V,CB,real
48130,RABIGH,SA,22.733333,38.983333,V,CB,real
23950,BROFJORDEN,SE,58.383333,11.416667,S,CN,real
24000,STENUNGSUND,SE,58.066667,11.833333,V,OR,real
28484,MUUGA-PORT OF TALLIN,EE,59.5,24.95,S,CB,real
23817,FAGERSTRAND,NO,59.733333,10.6,S,OR,real
48590,GWADAR,PK,25.133333,62.3,M,CN,real
49030,NEW MANGALORE,IN,12.916667,74.816667,M,CB,real
57472,PETCHBURI TERMINAL,TH,13.166667,100.15,V,OR,real
57443,RAYONG TPI TERMINAL,TH,12.633333,101.3,V,OR,real
57461,SIAM SEAPORT,TH,13.133333,100.883333,V,OR,real
49890,LUMUT,MY,4.233333,100.633333,V,RN,real
51586,TAWA,MY,4.25,117.883333,V,CN,real
49910,TELUK ANSON,MY,4.016667,101.016667,V,RN,real
49454,KAMARAJAR PORT,IN,13.266667,80.316667,S,CB,real
51635,LUMUT,BN,4.716667,114.45,V,OR,real
48613,SIKKA,IN,22.433333,69.833333,V,OR,real
48617,MUNDRA,IN,22.733333,69.7,S,OR,real
48674,DAHEJ,IN,21.7,72.533333,V,OR,real
50517,JABUNG BATANGHARI MARINE TERMINAL,ID,-0.916667,104.066667,V,OR,real
50740,KUALA KAPUS,ID,3.0,114.366667,V,OR,real
50070,LALANG MARINE TERMINAL,ID,1.183333,102.216667,V,OR,real
52297,PAREPARE,ID,-4.0,119.616667,V,OR,real
51501,BELANAK FIELD TERMINAL,ID,4.15,106.25,V,OR,real
51484,BELIDA MARINE TERMINAL,ID,4.133333,105.133333,V,OR,real
51254,TANJUNG BENETE,ID,-8.9,116.75,V,CN,real
51205,CELUKAN BAWANG,ID,-8.183333,114.833333,S,CN,real
48057,ZAFARANA TERMINAL,EG,29.166667,32.683333,V,OR,real
47989,ZEIT BAY LPG TERMINAL,EG,27.8,33.566667,V,OR,real
31360,WHITSTABLE,GB,51.366667,1.033333,S,RN,real
31370,SHEERNESS,GB,51.45,0.75,V,CN,real
31376,THAMESPORT,GB,51.433333,0.7,S,RN,real
31390,CHATHAM DOCKS,GB,51.4,0.55,S,RB,real
31420,GRAVESEND,GB,51.45,0.366667,S,RN,real
31470,LONDON,GB,51.5,-0.083333,L,RB,real
31506,COLCHESTER,GB,51.883333,0.916667,V,RN,real
31530,HARWICH,GB,51.95,1.283333,S,RN,real
31550,IPSWICH,GB,52.05,1.166667,S,RT,real
31570,LOWESTOFT,GB,52.483333,1.75,S,CB,real
31580,GREAT YARMOUTH,GB,52.616667,1.733333,S,RN,real
31610,KING'S LYNN,GB,52.75,0.4,S,RT,real
31630,BOSTON,GB,52.966667,-0.016667,S,RT,real
31640,GRIMSBY,GB,53.583333,-0.066667,M,RT,real
31650,IMMINGHAM,GB,53.633333,-0.2,M,RT,real
31660,KINGSTON UPON HULL,GB,53.75,-0.283333,M,RT,real
31670,GOOLE,GB,53.7,-0.833333,S,RT,real
31680,BRIDLINGTON,GB,54.083333,-0.183333,V,CB,real
31690,SCARBOROUGH,GB,54.283333,-0.4,V,CB,real
31700,WHITBY,GB,54.483333,-0.616667,S,CB,real
31140,ROTTERDAM,NL,51.9,4.483333,L,RB,real
30630,RINGKOBING,DK,56.083333,8.25,V,CB,real
30640,ESBJERG,DK,55.466667,8.45,S,CN,real
30680,HUSUM,DE,54.483333,9.05,V,RN,real
30710,BRUNSBUTTEL ELBAHAFEN,DE,53.883333,9.166667,V,RN,real
30720,BRUNSBUTTEL CANAL TERMINALS,DE,53.9,9.15,S,LC,real
30730,RENDSBURG,DE,54.3,9.683333,S,LC,real
30760,GLUCKSTADT,DE,53.783333,9.416667,S,CT,real
30780,HAMBURG,DE,53.55,9.933333,L,LC,real
30800,CUXHAVEN,DE,53.866667,8.716667,M,RB,real
30810,BREMERHAVEN,DE,53.533333,8.583333,L,RT,real
30840,NORDENHAM,DE,53.483333,8.483333,S,RN,real
30850,BRAKE,DE,53.333333,8.483333,M,RT,real
30860,ELSFLETH,DE,53.233333,8.466667,V,RT,real
30870,OLDENBURG,DE,53.116667,8.216667,V,RN,real
30900,BREMEN,DE,53.133333,8.766667,L,RT,real
30910,WILHELMSHAVEN,DE,53.533333,8.166667,S,CT,real
30950,EMDEN,DE,53.333333,7.183333,M,RT,real
30960,LEER,DE,53.233333,7.45,V,RT,real
30970,PAPENBURG,DE,53.1,7.383333,S,LC,real
30990,DELFZIJL,NL,53.333333,6.933333,S,CT,real
31010,HARLINGEN,NL,53.183333,5.416667,V,CT,real
31020,DEN HELDER,NL,52.966667,4.783333,S,RB,real
15880,ISLA SAN MARCOS,MX,27.183333,-112.1,V,OR,real
15915,SAN JUAN DE LA COSTA,MX,24.4,-110.7,V,OR,real
15920,LA PAZ,MX,24.166667,-110.316667,S,CN,real
15990,ENSENADA,MX,31.866667,-116.633333,M,CB,real
15995,ROSARITO,MX,32.366667,-117.1,V,OR,real
16010,SAN DIEGO,US,32.716667,-117.183333,M,CN,real
16030,WILSON COVE,US,33.0,-118.55,V,CN,real
16040,ISTHMUS COVE,US,33.45,-118.5,V,CN,real
16050,AVALON,US,33.35,-118.316667,V,CN,real
16060,NEWPORT BEACH,US,33.616667,-117.9,V,CN,real
16070,LONG BEACH,US,33.766667,-118.183333,M,CB,real
16080,LOS ANGELES,US,33.75,-118.25,L,CB,real
16110,EL SEGUNDO,US,33.916667,-118.433333,V,OR,real
16120,PORT HUENEME,US,34.15,-119.2,V,CB,real
16130,PRISONERS,US,34.016667,-119.683333,V,OR,real
16140,VENTURA,US,34.283333,-119.283333,V,OR,real
16145,CARPINTERIA,US,34.383333,-119.516667,V,CN,real
16150,SANTA BARBARA,US,34.416667,-119.683333,V,CB,real
16160,ELLWOOD,US,34.433333,-119.916667,V,OR,real
16170,GAVIOTA,US,34.466667,-120.2,V,OR,real
16190,PISMO BEACH,US,35.133333,-120.65,V,OR,real
16200,PORT SAN LUIS,US,35.166667,-120.75,V,CN,real
16210,MORRO BAY,US,35.366667,-120.85,V,CB,real
16240,MONTEREY,US,36.616667,-121.883333,S,CN,real
16260,MOSS LANDING,US,36.8,-121.783333,V,CN,real
16270,SANTA CRUZ,US,36.966667,-122.016667,V,CN,real
16280,DAVENPORT,US,37.016667,-122.2,V,OR,real
15760,ACAPULCO,MX,16.85,-99.933333,M,CN,real
15765,LAZARO CARDENAS,MX,17.933333,-102.166667,S,RB,real
15770,MANZANILLO,MX,19.05,-104.316667,M,CB,real
15200,CALETA LOBITOS,PE,-4.45,-81.283333,V,OR,real
15210,PUERTO CABO BLANCO,PE,-4.25,-81.233333,V,OR,real
15250,PUERTO BOLIVAR,EC,-3.266667,-80.0,V,RN,real
15275,PUERTO MARITIMO DE GUAYAQUIL,EC,-2.283333,-79.9,S,RN,real
15290,LA LIBERTAD,EC,-2.216667,-80.916667,V,OR,real
15310,MANTA,EC,-0.95,-80.716667,V,CB,real
15330,ESMERALDAS,EC,1.0,-79.65,V,RN,real
15360,TUMACO,CO,1.816667,-78.75,V,OR,real
15370,BUENAVENTURA,CO,3.883333,-77.066667,S,CN,real
15410,BALBOA,PA,8.95,-79.566667,M,LC,real
15445,PEDREGAL,PA,8.35,-82.433333,S,RN,real
15460,PUERTO ARMUELLES,PA,8.266667,-82.85,S,OR,real
5450,SUPERIOR,US,46.733333,-92.066667,M,CB,real
5460,DULUTH,US,46.766667,-92.1,M,CB,real
5470,TWO HARBORS,US,47.016667,-91.65,S,CB,real
5480,GRAND MARAIS,US,47.75,-90.333333,V,CN,real
5490,WASHINGTON HARBOR,US,47.916667,-89.15,V,CN,real
5520,DOUGLASTOWN,CA,48.766667,-64.383333,V,OR,real
5540,CHANDLER,CA,48.366667,-64.666667,S,CB,real
5600,CARAQUET,CA,47.8,-64.933333,S,CN,real
5620,SHIPPEGAN,CA,47.75,-64.7,V,CN,real
5680,SHEDIAC,CA,46.216667,-64.55,V,CN,real
5710,ALBERTON,CA,46.8,-64.066667,V,CN,real
5740,GEORGETOWN,CA,46.183333,-62.533333,S,RN,real
5770,SUMMERSIDE,CA,46.4,-63.783333,S,CN,real
5800,PICTOU,CA,45.666667,-62.716667,S,CN,real
5870,PORT HAWKESBURY,CA,45.616667,-61.366667,V,CN,real
5880,PORT HASTINGS,CA,45.65,-61.4,V,CN,real
5920,CHETICAMP,CA,46.633333,-61.0,V,CN,real
5960,WHYCOCOMAGH,CA,45.966667,-61.133333,V,CN,real
5970,GRAND NARROWS,CA,45.95,-60.783333,V,CN,real
5980,LITTLE BRAS D OR,CA,46.25,-60.3,V,CN,real
5990,NORTH SYDNEY,CA,46.216667,-60.25,S,CN,real
6050,ARICHAT,CA,45.516667,-61.016667,V,CN,real
6080,GUYSBOROUGH,CA,45.4,-61.5,V,CN,real
5430,CORNUCOPIA,US,46.866667,-91.1,V,RB,real
4930,STURGEON BAY,US,44.833333,-87.383333,S,LC,real
4940,GREEN BAY,US,44.516667,-88.016667,S,RN,real
4950,DEPERE,US,44.45,-88.066667,V,RN,real
4960,KAUKAUNA,US,44.283333,-88.266667,V,RT,real
5010,OCONTO,US,44.9,-87.833333,V,RN,real
5020,MARINETTE,US,45.083333,-87.6,S,RN,real
5030,MENOMINEE,US,45.1,-87.6,S,RN,real
5050,ESCANABA,US,45.766667,-87.05,S,CN,real
5060,GLADSTONE,US,45.85,-87.016667,V,CN,real
5070,NAHMA,US,45.833333,-86.666667,V,CN,real
5100,MANISTIQUE,US,45.95,-86.25,V,CB,real
5110,PORT INLAND,US,45.966667,-85.866667,V,CB,real
5130,GOULAIS BAY,CA,46.733333,-84.5,V,CN,real
5140,BATCHAWANA BAY,CA,46.916667,-84.6,V,CN,real
47987,EAST ZEIT TERMINAL,EG,27.85,33.6,V,OR,real
47988,SHARM EL SHEIKH,EG,27.85,34.283333,V,OR,real
47982,EL TUR HARBOR,EG,28.233333,33.616667,V,CN,real
47960,NUWEIBA EL MUZEIMA,EG,28.966667,34.65,V,CN,real
48104,SHARMAH,SA,27.933333,35.25,V,CN,real
48106,DUBA,SA,27.566667,35.533333,S,OR,real
48108,DUBA BULK PLANT TANKER TERMINAL,SA,27.316667,35.9,V,OR,real
48030,NORTH AIN SUKHNA PORT,EG,29.65,32.366667,S,CB,real
48025,RAS BADRAN OIL TERMINAL,EG,28.95,33.166667,V,OR,real
48035,SOKHNA PORT GAS TANKER TERMINAL,EG,29.683333,32.366667,V,CB,real
48475,BANDAR-E PARS TERMINAL,IR,27.533333,52.533333,V,OR,real
48464,BARKAN OIL-LOADING TERMINAL,IR,29.733333,50.166667,V,OR,real
48404,KHAWR AL ZUBAIR,IQ,30.183333,47.9,V,RN,real
48406,KHAWR AL ZUBAIR LNG TERMINAL,IQ,30.133333,47.916667,V,RN,real
48342,JU AYMAH LPG TERMINAL,SA,26.866667,50.05,V,OR,real
48341,RAS AL GHAR,SA,26.9,49.866667,V,CB,real
48280,HULAYLAH OIL TERMINAL,AE,25.983333,55.933333,V,OR,real
48214,RUDUM TERMINAL,YE,13.983333,47.916667,V,OR,real
48216,BALHAF,YE,13.966667,48.183333,V,OR,real
54940,PORT DALRYMPLE,AU,-41.133333,146.833333,M,CN,real
54565,CAPE CUVIER,AU,-24.216667,113.383333,V,OR,real
54210,KLEIN POINT,AU,-34.966667,137.766667,V,OR,real
54555,USELESS LOOP,AU,-26.083333,113.4,V,OR,real
56272,BARBER'S POINT,US,21.316667,-158.116667,V,CB,real
56975,PORT NORO,SB,-8.216667,157.183333,S,OR,real
57657,THANH HOA,VN,10.816667,106.766667,V,CN,real
57660,NGHE TINH,VN,18.766667,105.766667,S,RN,real
40745,PORTO DI CHIOGGIA,IT,45.233333,12.3,V,RB,real
57575,CAT LAI,VN,10.75,106.783333,V,CN,real
57953,MAILIAO,TW,23.783333,120.166667,V,CB,real
57862,CHAOZHOU,CN,23.616667,117.083333,M,CN,real
59974,CHANGSHU,CN,31.766667,120.95,S,OR,real
60233,DANDONG,CN,39.816667,124.15,V,OR,real
57859,HUIZHOU,CN,22.716667,114.516667,V,CN,real
57864,DONGSHAN,CN,23.75,117.516667,S,CN,real
60125,LANSHAN,CN,30.1,119.366667,V,OR,real
60165,PENGLAI,CN,37.816667,120.833333,V,CN,real
57874,QUANZHOU,CN,24.883333,118.6,S,CN,real
60133,RIZHAO,CN,35.383333,119.566667,V,CN,real
59976,TAICANG,CN,31.65,121.2,V,CB,real
60193,TANGSHAN (JINGTANG),CN,39.2,119.016667,V,CB,real
57876,XIUYU,CN,25.233333,118.983333,V,CB,real
57872,ZHANGZHOU,CN,24.683333,118.15,S,CN,real
31040,IJMUIDEN,NL,52.466667,4.583333,S,CT,real
31050,ZAANDAM,NL,52.433333,4.833333,S,LC,real
31060,AMSTERDAM,NL,52.366667,4.9,L,LC,real
31070,SCHEVENINGEN,NL,52.1,4.266667,V,CB,real
31080,HOEK VAN HOLLAND,NL,51.95,4.133333,V,RB,real
31085,EUROPOORT,NL,51.95,4.116667,M,LC,real
31100,MAASSLUIS,NL,51.916667,4.25,V,LC,real
31120,VLAARDINGEN,NL,51.9,4.35,V,RB,real
31130,SCHIEDAM,NL,51.9,4.4,V,RB,real
30460,THYBORON,DK,56.7,8.216667,V,CB,real
29660,SAKSKOBING,DK,54.8,11.633333,S,CN,real
29670,BANDHOLM,DK,54.833333,11.5,S,CB,real
29700,NAKSKOV,DK,54.833333,11.133333,S,CN,real
29710,RODBY HAVN,DK,54.65,11.35,V,CB,real
29720,NYSTED,DK,54.666667,11.733333,V,CB,real
29760,RUDKOBING,DK,54.95,10.716667,S,CB,real
29790,MARSTAL,DK,54.916667,10.333333,S,CB,real
29800,AEROSKOBING,DK,54.883333,10.416667,V,CB,real
29830,SVENDBORG,DK,55.066667,10.616667,S,CN,real
29860,NYBORG,DK,55.316667,10.8,S,CB,real
29880,ODENSE,DK,55.416667,10.383333,S,LC,real
29910,MIDDELFART,DK,55.5,9.733333,S,CB,real
29930,ASSENS,DK,55.266667,9.883333,S,CB,real
29940,FABORG,DK,55.1,10.25,S,CN,real
30060,SONDERBORG,DK,54.916667,9.783333,S,RN,real
30095,AUGUSTENBORG,DK,54.95,9.866667,S,CN,real
30100,ABENRA,DK,55.05,9.433333,S,CB,real
30105,ENSTED,DK,55.016667,9.433333,V,OR,real
30120,HADERSLEV,DK,55.25,9.5,S,RB,real
30160,KOLDING,DK,55.483333,9.5,S,RB,real
30170,FREDERICIA,DK,55.566667,9.766667,S,CN,real
30190,VEJLE,DK,55.716667,9.55,S,CN,real
30230,HORSENS,DK,55.866667,9.85,V,CB,real
30260,ARHUS,DK,56.15,10.216667,M,CB,real
30285,STUDSTRUP,DK,56.25,10.35,M,CN,real
30290,GRENAA HAVN,DK,56.416667,10.933333,V,CB,real
30330,RANDERS,DK,56.466667,10.05,S,RN,real
30340,HADSUND,DK,56.716667,10.116667,V,CN,real
30350,MARIAGER,DK,56.65,9.983333,V,CN,real
30360,HOBRO,DK,56.633333,9.8,V,RN,real
30380,HALS,DK,56.983333,10.316667,V,RN,real
30400,ALBORG,DK,57.05,9.933333,S,RN,real
30430,FREDERIKSHAVN,DK,57.433333,10.55,S,CB,real
30440,SKAGEN HAVN,DK,57.716667,10.6,S,CB,real
15480,GOLFITO,CR,8.633333,-83.166667,S,CN,real
15490,PUERTO QUEPOS,CR,9.433333,-84.166667,V,CN,real
15500,PUERTO CALDERA,CR,9.916667,-84.716667,V,CN,real
15510,PUNTARENAS,CR,9.983333,-84.833333,V,OR,real
15545,PUERTO SANDINO,NI,12.183333,-86.766667,V,OR,real
15550,CORINTO,NI,12.483333,-87.166667,S,RN,real
15570,PUERTO DE HENCAN,HN,13.4,-87.45,V,RN,real
15600,LA UNION,SV,13.333333,-87.833333,V,CN,real
15640,ACAJUTLA,SV,13.583333,-89.833333,V,CB,real
15660,PUERTO QUETZAL,GT,13.916667,-90.8,V,CB,real
15710,PUERTO MADERO,MX,14.7,-92.45,V,RB,real
15730,SALINA CRUZ,MX,16.166667,-95.2,S,CB,real
15170,PAITA,PE,-5.083333,-81.116667,V,OR,real
15190,TALARA,PE,-4.583333,-81.283333,S,CN,real
14415,BAHIA SAN VICENTE,CL,-36.733333,-73.166667,V,CN,real
14420,TALCAHUANO,CL,-36.7,-73.1,S,CN,real
14425,LIRQUEN,CL,-36.716667,-72.983333,V,CN,real
14440,PENCO,CL,-36.716667,-73.0,V,CN,real
14470,PUERTO SAN ANTONIO,CL,-33.583333,-71.616667,S,CB,real
14500,BAHIA DE VALPARAISO,CL,-33.033333,-71.616667,M,CB,real
14510,BAHIA QUINTERO (VENTANAS),CL,-32.766667,-71.533333,V,OR,real
14560,BAHIA HERRADURA GUAYACAN,CL,-29.966667,-71.366667,V,OR,real
14570,COQUIMBO,CL,-29.95,-71.333333,V,CN,real
14610,HUASCO,CL,-28.466667,-71.25,V,OR,real
14630,PUERTO CALDERA,CL,-27.05,-70.833333,V,CN,real
14635,PUERTO CALDERILLA,CL,-27.083333,-70.866667,V,CN,real
14640,PUERTO CHANARAL,CL,-26.35,-70.65,V,CN,real
14650,TALTAL,CL,-25.4,-70.483333,V,CN,real
14660,ANTOFAGASTA,CL,-23.65,-70.416667,M,CB,real
14670,MEJILLONES,CL,-23.1,-70.466667,S,CN,real
14720,TOCOPILLA,CL,-22.083333,-70.233333,S,OR,real
14760,IQUIQUE,CL,-20.2,-70.166667,S,CB,real
14800,RADA DE ARICA,CL,-18.466667,-70.333333,S,OR,real
14840,PUERTO ILO,PE,-17.633333,-71.366667,V,OR,real
14860,BAHIA DE MATARANI,PE,-17.0,-72.116667,S,CB,real
14895,BAHIA SAN NICOLAS,PE,-15.25,-75.233333,V,CB,real
5150,GARGANTUA,CA,47.566667,-84.966667,V,CN,real
5160,MICHIPICOTEN,CA,47.966667,-84.9,V,CN,real
5170,QUEBEC HARBOUR,CA,47.7,-85.8,V,CN,real
5180,HERON BAY,CA,48.65,-86.316667,V,CN,real
5210,THUNDER BAY,CA,48.4,-89.233333,M,CB,real
5260,GRAND MARAIS,US,46.683333,-85.966667,V,CB,real
5270,MUNISING,US,46.416667,-86.65,V,CN,real
5280,MARQUETTE,US,46.533333,-87.383333,S,CB,real
5290,PRESQUE ISLE,US,46.566667,-87.383333,V,CB,real
5310,L ANSE,US,46.766667,-88.466667,V,CN,real
5320,BARAGA,US,46.783333,-88.483333,V,CN,real
5350,COPPER HARBOR,US,47.466667,-87.866667,V,CN,real
5360,EAGLE HARBOR,US,47.466667,-88.166667,V,CN,real
5370,HOUGHTON,US,47.116667,-88.566667,S,LC,real
5380,ONTONAGON,US,46.883333,-89.333333,V,RN,real
5390,ASHLAND,US,46.6,-90.866667,S,CN,real
5400,WASHBURN,US,46.666667,-90.883333,V,CN,real
5410,BAYFIELD,US,46.8,-90.816667,V,CN,real
5420,LA POINTE,US,46.783333,-90.783333,V,CN,real
4900,TWO RIVERS,US,44.15,-87.566667,V,CB,real
4910,KEWAUNEE,US,44.466667,-87.5,V,CB,real
4920,ALGOMA,US,44.6,-87.433333,V,RN,real
4410,SAGINAW,US,43.433333,-83.933333,S,RN,real
4420,ALABASTER,US,44.183333,-83.55,V,OR,real
4430,TAWAS CITY,US,44.266667,-83.5,V,CN,real
4450,AU SABLE,US,44.4,-83.316667,V,RN,real
4460,OSCODA,US,44.416667,-83.316667,V,RN,real
4470,ALPENA,US,45.066667,-83.416667,S,CN,real
4480,ROCKPORT,US,45.2,-83.383333,V,OR,real
4490,CALCITE,US,45.416667,-83.783333,V,CB,real
4500,ROGERS CITY,US,45.45,-83.816667,V,OR,real
4510,CHEBOYGAN,US,45.65,-84.466667,S,RN,real
4520,MACKINAW CITY,US,45.783333,-84.716667,V,LC,real
4530,MACKINAC ISLAND,US,45.85,-84.616667,V,CB,real
4540,ST IGNACE,US,45.85,-84.716667,V,CN,real
4560,SAULT STE MARIE,US,46.5,-84.35,S,RN,real
4580,ST. JAMES HARBOR,US,45.733333,-85.516667,V,CN,real
4590,HARBOR SPRINGS,US,45.433333,-84.983333,V,CN,real
4600,PETOSKEY,US,45.366667,-84.966667,V,CB,real
4610,CHARLEVOIX,US,45.316667,-85.266667,V,LC,real
4620,TRAVERSE CITY,US,44.766667,-85.616667,V,CN,real
4630,LELAND,US,45.016667,-85.766667,V,CB,real
4640,FRANKFORT,US,44.633333,-86.25,S,CN,real
4650,MANISTEE,US,44.25,-86.316667,S,RN,real
4670,LUDINGTON,US,43.95,-86.45,S,RN,real
4680,WHITE LAKE,US,43.383333,-86.35,S,RN,real
4690,MUSKEGON,US,43.233333,-86.266667,S,RN,real
59963,ZHAPU,CN,30.583333,121.083333,S,OR,real
57816,SANYA,CN,18.316667,109.45,V,OR,real
57817,YANGPU,CN,19.733333,109.183333,V,CB,real
57818,CHIWAN,CN,19.966667,110.033333,V,CB,real
57819,SHUI DONG,CN,21.483333,111.083333,V,CB,real
57821,ZHUHAI,CN,22.233333,113.583333,V,CB,real
57820,QINZHOU,CN,21.733333,108.583333,V,CN,real
57822,HUANGPU,CN,23.083333,113.416667,S,RN,real
59986,CHANGZHOU,CN,31.966667,119.983333,S,OR,real
59991,NANTONG,CN,32.0,120.8,S,RN,real
59990,ZHANGJIANGANG,CN,31.966667,120.4,S,RN,real
60323,DAESAN HANG,KR,37.016667,126.4,V,OR,real
60725,VOSTOCHNYY,RU,42.75,133.083333,V,OR,real
61416,ATSUMI,JP,34.666667,137.066667,V,CN,real
62535,SLAVYANKA,RU,42.866667,131.383333,S,CN,real
61571,O0KIHAMA,JP,34.75,134.566667,V,CN,real
61232,ISIKARI WAN,JP,43.233333,141.366667,V,CB,real
61810,TSURUGA KO,JP,35.65,136.066667,S,CB,real
61865,NAOETSU KO,JP,37.183333,138.25,V,CB,real
49000,BELEKERI,IN,14.7,74.266667,V,OR,real
48960,PANAJI,IN,15.5,73.816667,V,CN,real
48615,VADINAR TERMINAL,IN,22.516667,69.7,V,OR,real
62505,NAKAGUSUKU,JP,26.266667,127.916667,S,OR,real
62340,AOKATA,JP,32.983333,129.066667,V,OR,real
61805,FUKUI,JP,36.066667,136.2,V,OR,real
61867,KASHIWAZAKI,JP,37.366667,138.55,V,CN,real
61617,HABU KO,JP,34.283333,133.183333,V,CB,real
62497,NISHIHARA,JP,26.216667,127.8,V,OR,real
62079,ONODA,JP,34.0,131.183333,S,OR,real
61967,SHINGU,JP,33.666667,135.983333,V,CB,real
62077,TAKUMA,JP,34.216667,133.683333,S,RB,real
61175,TOKACHI,JP,42.25,143.3,V,CB,real
62078,TONDA,JP,34.033333,131.75,S,CB,real
61802,UCHIURA,JP,35.516667,135.5,V,CN,real
63130,MCMURDO STATION,AQ,-77.85,166.65,S,CN,real
15975,PUERTO MORRO REDONDO,MX,28.05,-115.183333,V,OR,real
15917,PICHILINGUE,MX,24.266667,-110.333333,S,CB,real
9865,PUERTO COLON,PA,9.366667,-79.883333,M,CB,real
15427,CHARCO AZUL,PA,8.216667,-82.866667,V,OR,real
30450,HIRTSHALS,DK,57.6,9.966667,V,CB,real
30455,HANSTHOLM,DK,57.133333,8.6,V,CB,real
29630,NYKOBING (FALSTER),DK,54.766667,11.866667,S,RN,real
28860,ROSTOCK,DE,54.1,12.133333,L,RN,real
28870,WISMAR,DE,53.9,11.466667,S,CN,real
28880,LUBECK-TRAVEMUNDE,DE,53.966667,10.883333,S,RN,real
28890,LUBECK,DE,53.883333,10.7,M,LC,real
28900,NEUSTADT,DE,54.1,10.816667,V,RN,real
28920,HEILIGENHAFEN,DE,54.366667,10.983333,V,CB,real
28930,KIEL,DE,54.316667,10.133333,L,RB,real
28950,ECKERNFORDE,DE,54.483333,9.833333,S,RB,real
28955,KAPPELN,DE,54.666667,9.933333,V,RN,real
29005,FLENSBURG,DE,54.8,9.433333,S,RB,real
29085,NEKSO,DK,55.066667,15.133333,V,CB,real
29110,RONNE,DK,55.1,14.7,S,CB,real
29120,HASLE,DK,55.183333,14.7,V,CB,real
29130,CHRISTIANSO HARBOR,DK,55.316667,15.183333,V,CB,real
29180,FAKSE LADEPLADS HAVN,DK,55.216667,12.166667,V,CB,real
29220,KOGE,DK,55.45,12.2,V,CB,real
29230,KOBENHAVN,DK,55.7,12.616667,L,CB,real
29260,TUBORG,DK,55.716667,12.583333,V,CB,real
29350,HELSINGOR,DK,56.033333,12.616667,V,CB,real
29410,FREDERIKSVAERK,DK,55.966667,12.016667,V,CB,real
29420,FREDERIKSSUND,DK,55.833333,12.05,V,CB,real
29435,KYNDBYVAERKETS HAVN,DK,55.816667,11.883333,V,CB,real
29440,HOLBAEK,DK,55.716667,11.716667,V,CB,real
29490,KALUNDBORG,DK,55.683333,11.1,S,CB,real
29520,KORSOR,DK,55.333333,11.133333,S,CB,real
29530,SKAELSKOR,DK,55.25,11.3,V,CB,real
29545,STIGSNAESVAERKET,DK,55.2,11.25,V,OR,real
29555,NAESTVED,DK,55.233333,11.75,S,RB,real
29560,VORDINGBORG,DK,55.0,11.9,V,CN,real
29580,STUBBEKOBING,DK,54.883333,12.05,S,CB,real
29600,STEGE,DK,54.983333,12.283333,V,CB,real
28848,STRALSUND,DE,54.316667,13.1,V,CB,real
28190,HELSINKI,FI,60.166667,24.966667,L,CB,real
28210,PORVOO,FI,60.3,25.633333,V,RN,real
28220,LOVIISA,FI,60.45,26.233333,V,CN,real
28230,KOTKA,FI,60.466667,26.966667,L,CB,real
28240,HAMINA,FI,60.566667,27.2,S,CN,real
28300,VYBORG,RU,60.716667,28.75,M,CN,real
28310,GAVAN VYSOTSK,RU,60.616667,28.566667,S,LC,real
28360,PRIMORSK,RU,60.366667,28.633333,V,OR,real
28370,SANKT-PETERBURG,RU,59.933333,30.3,L,CB,real
14950,PUERTO DEL CALLAO,PE,-12.05,-77.15,M,CB,real
14960,BAHIA DE ANCON,PE,-11.75,-77.183333,V,OR,real
14970,CHANCAY,PE,-11.583333,-77.25,V,OR,real
14980,PUERTO DE HUACHO,PE,-11.116667,-77.616667,V,OR,real
14990,PUERTO SUPE,PE,-10.8,-77.75,V,OR,real
15000,PUNTA LOBITOS (BAHIA DE HUARMEY),PE,-10.1,-78.166667,V,OR,real
15030,PUERTO DE CHIMBOTE,PE,-9.083333,-78.616667,V,CN,real
15050,SALAVERRY,PE,-8.233333,-78.983333,V,CB,real
15110,PIMENTAL,PE,-6.833333,-79.933333,V,OR,real
15140,PUERTO BAYOVAR,PE,-5.833333,-81.05,V,OR,real
14400,CORONEL,CL,-37.033333,-73.166667,S,CN,real
13810,PUERTO BELGRANO,AR,-38.883333,-62.1,S,CB,real
13815,BAHIA BLANCA,AR,-38.783333,-62.266667,V,CN,real
13820,PUERTO INGENIERO WHITE,AR,-38.8,-62.266667,S,CN,real
13830,PUERTO NACIONAL,AR,-38.8,-62.283333,V,CN,real
13840,PUERTO GALVAN,AR,-38.783333,-62.3,V,CN,real
13860,SAN BLAS,AR,-40.566667,-62.233333,V,CN,real
13900,PUERTO MADRYN,AR,-42.766667,-65.033333,S,CN,real
13940,PUERTO SAN JULIAN,AR,-49.316667,-67.7,V,CN,real
13950,PUERTO SANTA CRUZ,AR,-50.016667,-68.516667,V,RN,real
13960,PUERTO GALLEGOS,AR,-51.616667,-68.966667,V,RN,real
13980,USHUAIA,AR,-54.816667,-68.3,S,CN,real
14020,PRINCE OLAV HARBOR,GS,-54.033333,-37.15,V,CN,real
14040,STROMNESS HARBOR,GS,-54.15,-36.7,V,CN,real
14090,PUERTO SARA,CL,-52.633333,-70.2,V,CN,real
14095,CALETA CLARENCIA,CL,-52.9,-70.1,V,CN,real
14130,PORT SAN JUAN DE LA JUAN,CL,-53.633333,-70.916667,V,CN,real
14140,BAHIA HARRIS,CL,-53.85,-70.45,V,CN,real
14175,CALETA MINA ELENA,CL,-52.683333,-71.9,V,CN,real
4700,GRAND HAVEN,US,43.066667,-86.233333,S,RN,real
4710,HOLLAND,US,42.783333,-86.133333,S,RN,real
4720,SAUGATUCK,US,42.666667,-86.2,V,RN,real
4730,SOUTH HAVEN,US,42.4,-86.283333,V,RN,real
4740,ST JOSEPH,US,42.116667,-86.483333,S,RN,real
4750,MICHIGAN CITY,US,41.733333,-86.9,S,CB,real
4760,GARY,US,41.616667,-87.333333,M,CB,real
4770,BUFFINGTON,US,41.633333,-87.416667,M,CB,real
4780,INDIANA HARBOR,US,41.666667,-87.433333,M,CB,real
4790,CALUMET HARBOR,US,41.733333,-87.516667,M,CB,real
4800,CHICAGO,US,41.883333,-87.6,M,CT,real
4810,WILMETTE,US,42.083333,-87.683333,V,CB,real
4820,GREAT LAKES,US,42.3,-87.833333,V,CB,real
4830,WAUKEGAN,US,42.366667,-87.816667,S,CB,real
4840,KENOSHA,US,42.583333,-87.816667,V,CB,real
4850,RACINE,US,42.733333,-87.783333,S,CB,real
4860,MILWAUKEE,US,43.033333,-87.883333,M,RN,real
4870,PORT WASHINGTON,US,43.383333,-87.866667,S,CB,real
4880,SHEBOYGAN,US,43.75,-87.7,S,RN,real
4890,MANITOWOC,US,44.1,-87.65,M,RN,real
4380,PORT HOPE,US,43.95,-82.7,V,OR,real
4400,BAY CITY,US,43.6,-83.866667,S,RN,real
3700,SARNIA,CA,42.983333,-82.416667,S,RN,real
3710,POINT EDWARD,CA,43.0,-82.416667,S,RN,real
3730,GODERICH,CA,43.75,-81.733333,S,CB,real
3750,PORT ELGIN,CA,44.433333,-81.4,V,CB,real
3760,SOUTHAMPTON,CA,44.5,-81.383333,V,CB,real
3770,TOBERMORY,CA,45.266667,-81.666667,V,CN,real
3790,LIONS HEAD,CA,44.983333,-81.25,V,CB,real
3810,WIARTON,CA,44.75,-81.133333,V,CN,real
3860,OWEN SOUND,CA,44.583333,-80.933333,S,RN,real
3880,MEAFORD,CA,44.616667,-80.6,V,CB,real
3890,THORNBURY,CA,44.566667,-80.45,V,CB,real
3900,COLLINGWOOD,CA,44.5,-80.233333,S,CB,real
3930,PENETANGUISHENE,CA,44.766667,-79.933333,V,CN,real
3940,MIDLAND,CA,44.75,-79.916667,S,CN,real
3950,TIFFIN,CA,44.75,-79.85,V,CN,real
3960,PORT MCNICOLL,CA,44.75,-79.8,V,CN,real
3970,VICTORIA HARBOUR,CA,44.75,-79.816667,V,CN,real
3980,WAUBAUSHENE,CA,44.766667,-79.716667,V,CN,real
4000,PORT SEVERN,CA,44.8,-79.716667,V,RN,real
4020,DEPOT HARBOUR,CA,45.316667,-80.1,V,CN,real
4030,PARRY SOUND,CA,45.333333,-80.033333,S,CN,real
4050,BYNG INLET,CA,45.766667,-80.566667,V,CN,real
4060,KEY HARBOUR,CA,45.883333,-80.75,V,CN,real
4080,KILLARNEY,CA,45.966667,-81.516667,V,CN,real
11905,MAMONAL,CO,10.316667,-75.516667,S,OR,real
13040,IMBITUBA,BR,-28.233333,-48.666667,V,CN,real
12935,GUAIBA ISLAND TERMINAL,BR,-23.016667,-44.033333,S,CN,real
12900,DTSE / GEGUA OIL TERMINAL,BR,-22.816667,-43.15,M,OR,real
12950,GEBIG,BR,-23.05,-44.216667,S,OR,real
12820,PORTOCEL,BR,-19.85,-40.05,S,CB,real
12857,SANTA CLARA,BR,-20.883333,-51.366667,V,CN,real
12037,EL TABIAZO,VE,10.766667,-71.533333,V,OR,real
12117,VENTERMINALS,VE,10.483333,-68.033333,V,OR,real
13115,JOSE IGNACIO,UY,-34.95,-54.7,V,OR,real
10025,COCKBURN HARBOR,TC,21.5,-71.533333,V,OR,real
41590,RISAN,ME,42.516667,18.7,V,CB,real
41610,KOTOR,ME,42.416667,18.766667,V,CN,real
41620,TIVAT,ME,42.433333,18.7,V,CB,real
41640,BAR,ME,42.083333,19.083333,S,CB,real
11336,PORT ALUCROIX,VI,17.7,-64.766667,V,OR,real
12340,CIUDAD BOLIVAR,VE,8.133333,-63.55,S,RN,real
46472,DJENO TERMINAL,CG,-4.933333,11.9,V,OR,real
46473,N'KOSSA TERMINAL,CG,-5.266667,11.566667,V,OR,real
46530,MATADI,CD,-5.816667,13.45,S,RN,real
46131,TIN CAN ISLAND,NG,6.35,3.35,V,RN,real
46150,SAPELE,NG,5.9,5.683333,V,RN,real
46170,WARRI,NG,5.516667,5.733333,V,RN,real
46178,YOHO TERMINAL,NG,4.016667,7.466667,V,OR,real
46180,SEA EAGLE TERMINAL,NG,4.8,5.316667,V,OR,real
46195,QUA IBOE OIL TERMINAL,NG,4.233333,8.033333,V,OR,real
46200,PENNINGTON OIL TERMINAL,NG,4.25,5.616667,L,OR,real
46206,BONNY OFFSHORE TERMINAL,NG,4.183333,7.233333,V,OR,real
28390,LOMONOSOV,RU,59.916667,29.766667,V,CN,real
28400,KRONSHTADT,RU,59.983333,29.783333,S,CB,real
28410,REKA LUGA,RU,59.666667,28.316667,V,RN,real
28440,KUNDA,EE,59.533333,26.533333,V,OR,real
28480,TALLINN,EE,59.45,24.766667,L,CB,real
28505,PALDISKI,EE,59.35,24.033333,V,CB,real
28510,OSMUSSAAR,EE,59.3,23.366667,V,CN,real
28550,PARNU,EE,58.383333,24.5,S,RN,real
28610,RIGA,LV,56.95,24.1,L,RN,real
28620,VENTSPILS,LV,57.4,21.533333,M,CB,real
28640,LIEPAJA,LV,56.516667,21.016667,M,CB,real
28660,KLAIPEDA,LT,55.716667,21.116667,M,RN,real
28680,BALTIYSK,RU,54.633333,19.9,S,CB,real
28690,KALININGRAD,RU,54.7,20.483333,M,RB,real
28710,GDANSK,PL,54.35,18.666667,L,LC,real
28715,PORT POLNOCHNY,PL,54.4,18.716667,M,CB,real
28720,NOWY PORT,PL,54.416667,18.666667,S,LC,real
28740,GDYNIA,PL,54.533333,18.55,L,CB,real
28770,USTKA,PL,54.583333,16.85,S,RN,real
28790,DARLOWO,PL,54.433333,16.416667,V,RB,real
28800,KOLOBRZEG,PL,54.216667,15.55,V,RN,real
28820,SWINOUJSCIE,PL,53.916667,14.266667,S,RN,real
28823,SZCZECIN,PL,53.416667,14.55,M,RN,real
28828,WOLGAST,DE,54.05,13.783333,V,RN,real
28840,SASSNITZ,DE,54.516667,13.65,V,OR,real
28170,EKENAS,FI,59.983333,23.433333,S,CN,real
28180,JUSSARO,FI,59.833333,23.566667,V,CN,real
28185,PORKKALA,FI,60.083333,24.383333,V,CN,real
27280,KARLSBORG,SE,65.8,23.283333,M,CN,real
27330,SANDVIK,SE,65.733333,23.766667,V,CN,real
27400,TORINA,FI,65.766667,24.166667,S,RN,real
27410,KEMI,FI,65.733333,24.566667,S,CN,real
27520,OULU,FI,65.016667,25.4,L,RN,real
27530,RAAHE,FI,64.683333,24.416667,S,CB,real
27540,HIMANKA,FI,64.0,23.65,S,CN,real
27560,KOKKOLA,FI,63.85,23.016667,L,CN,real
27570,JAKOBSTAD,FI,63.683333,22.666667,M,CN,real
27580,NYKARLEBY,FI,63.516667,22.533333,V,RB,real
27590,KANTLAX,FI,63.416667,22.283333,V,OR,real
27610,HELLNAS,FI,63.283333,22.233333,V,OR,real
27650,VAASA,FI,63.1,21.583333,M,CN,real
27670,KASKINEN,FI,62.383333,21.233333,M,CN,real
27680,KRISTINESTAD,FI,62.283333,21.4,M,CN,real
27750,MANTYLUOTO,FI,61.6,21.483333,M,CB,real
27755,TAHKOLUOTO,FI,61.633333,21.4,V,OR,real
14190,PUERTO NATALES,CL,-51.716667,-72.566667,V,OR,real
14197,PUERTO CHACABUCO,CL,-45.466667,-72.833333,V,RN,real
14220,PUERTO CASTRO,CL,-42.483333,-73.766667,V,CN,real
14250,PUERTO QUEMCHI,CL,-42.15,-73.483333,V,CN,real
14270,PUERTO MONTT,CL,-41.483333,-72.966667,S,CN,real
14330,PUERTO DE CORRAL,CL,-39.866667,-73.433333,V,CN,real
14340,BAHIA DE VALDIVIA,CL,-39.8,-73.25,S,RN,real
14380,LOTA,CL,-37.1,-73.15,V,CN,real
13780,MAR DEL PLATA,AR,-38.033333,-57.533333,S,CB,real
13020,ITAJAI,BR,-26.916667,-48.633333,M,RN,real
13050,LAGUNA,BR,-28.5,-48.783333,V,RN,real
13055,TRAMANDAI,BR,-29.983333,-50.133333,S,OR,real
13060,RIO GRANDE,BR,-32.05,-52.083333,L,RN,real
13070,PELOTAS,BR,-31.783333,-52.333333,V,RN,real
13080,PORTO ALEGRE,BR,-30.033333,-51.233333,M,RN,real
13100,LA PALOMA,UY,-34.65,-54.15,V,CN,real
13130,PUERTO SAUCE,UY,-34.433333,-57.45,V,OR,real
13160,FRAY BENTOS,UY,-33.116667,-58.316667,V,RN,real
13170,PAYSANDU,UY,-32.316667,-58.066667,S,RN,real
13570,PARANA,AR,-31.716667,-60.533333,V,RN,real
13580,DIAMANTE,AR,-32.066667,-60.65,V,RN,real
13600,PUERTO SAN MARTIN,AR,-32.716667,-60.733333,V,RN,real
13640,VILLA CONSTITUCION,AR,-33.233333,-60.333333,V,RN,real
13650,SAN NICOLAS,AR,-33.333333,-60.233333,V,RN,real
13660,RAMALLO,AR,-33.483333,-60.016667,V,RN,real
13700,ZARATE,AR,-34.083333,-59.033333,S,RN,real
13710,CAMPANA,AR,-34.15,-58.966667,S,RN,real
13720,CONCORDIA,AR,-31.4,-58.033333,V,RN,real
4120,MANITOWANING,CA,45.75,-81.8,V,CN,real
4130,SHEGUIANDAH,CA,45.9,-81.916667,V,CN,real
4140,LITTLE CURRENT,CA,45.983333,-81.933333,S,CN,real
4150,HONORA,CA,45.866667,-82.166667,V,CN,real
4160,KAGAWONG,CA,45.916667,-82.25,V,CN,real
4170,GORE BAY,CA,45.916667,-82.466667,V,CN,real
4180,MELDRUM BAY,CA,45.933333,-83.116667,V,CN,real
4200,BLIND RIVER,CA,46.183333,-82.95,V,CN,real
4210,COCKBURN,CA,45.95,-83.316667,V,CN,real
4220,THESSALON,CA,46.25,-83.566667,V,CB,real
4230,BRUCE MINES,CA,46.283333,-83.783333,V,CN,real
4240,HILTON,CA,46.25,-83.883333,V,CN,real
4250,DESBARATS,CA,46.333333,-83.916667,V,RN,real
4270,RICHARDS LANDING,CA,46.3,-84.033333,V,CN,real
4290,SAULT STE MARIE,CA,46.516667,-84.35,S,RN,real
4320,ALGONAC,US,42.616667,-82.516667,V,RN,real
4330,MARINE CITY,US,42.716667,-82.5,V,RN,real
4340,ST CLAIR,US,42.816667,-82.483333,V,RN,real
4350,PORT HURON,US,43.0,-82.433333,V,RN,real
4370,HARBOR BEACH,US,43.85,-82.65,V,CB,real
3670,COURTRIGHT,CA,42.816667,-82.466667,V,RN,real
3190,SODUS BAY,US,43.266667,-76.983333,V,CN,real
3200,ROCHESTER,US,43.266667,-77.6,S,RN,real
3220,YOUNGSTOWN,US,43.25,-79.05,V,RN,real
3250,PORT COLBORNE,CA,42.883333,-79.25,S,LC,real
3260,PORT MAITLAND,CA,42.85,-79.583333,S,RB,real
3270,PORT DOVER,CA,42.783333,-80.2,V,RN,real
3310,PORT STANLEY,CA,42.666667,-81.2,V,RN,real
3320,RONDEAU,CA,42.266667,-81.9,S,CN,real
3330,PELEE I NORTH WHARF,CA,41.816667,-82.666667,V,CN,real
3340,PELEE I WEST DOCK,CA,41.766667,-82.683333,V,OR,real
3350,LEAMINGTON,CA,42.033333,-82.6,V,OR,real
3360,KINGSVILLE,CA,42.016667,-82.733333,V,CB,real
3380,AMHERSTBURG,CA,42.1,-83.1,S,RN,real
3390,WINDSOR,CA,42.316667,-83.033333,M,RN,real
3420,TONAWANDA,US,43.033333,-78.883333,S,RN,real
3430,BUFFALO,US,42.883333,-78.883333,L,CB,real
3440,DUNKIRK,US,42.483333,-79.333333,V,CB,real
3450,ERIE,US,42.15,-80.1,S,CN,real
3460,CONNEAUT,US,41.966667,-80.55,S,RN,real
3470,ASHTABULA,US,41.9,-80.8,S,RB,real
3480,FAIRPORT,US,41.766667,-81.3,S,RN,real
3490,CLEVELAND,US,41.5,-81.716667,L,CB,real
3500,LORAIN,US,41.466667,-82.183333,S,RN,real
3510,VERMILION,US,41.433333,-82.366667,V,RN,real
3520,HURON,US,41.4,-82.55,S,RN,real
3530,SANDUSKY,US,41.45,-82.716667,S,CN,real
50180,BLINYU,ID,-1.633333,105.783333,V,CN,real
48297,RAS LAFFAN,QA,25.916667,51.583333,M,CB,real
50250,TANJUNGPANDAN,ID,-2.75,107.633333,V,OR,real
50330,PALEMBANG,ID,-2.983333,104.766667,M,RN,real
46650,LUDERITZ BAY,NA,-26.65,15.15,S,CB,real
46640,WALVIS BAY,NA,-22.95,14.5,S,CN,real
46830,EAST LONDON,ZA,-33.033333,27.916667,S,RN,real
46850,DURBAN,ZA,-29.866667,31.066667,L,CB,real
46880,INHAMBANE,MZ,-23.916667,35.4,S,RN,real
46890,BEIRA,MZ,-19.833333,34.833333,M,CN,real
46920,PORTO BELO,MZ,-17.7,37.183333,S,OR,real
46925,PEBANE,MZ,-17.266667,38.15,S,RN,real
46940,PEMBA,MZ,-12.966667,40.5,V,CB,real
46950,IBO,MZ,-12.333333,40.616667,V,CN,real
47000,KILWA KIVINJE,TZ,-8.733333,39.416667,V,OR,real
47005,MJIMWEMA TERMINAL,TZ,-6.816667,39.366667,V,OR,real
47030,TANGA,TZ,-5.083333,39.116667,S,CN,real
47050,ZANZIBAR,TZ,-6.166667,39.183333,S,CN,real
47130,KISMAAYO,SO,-0.366667,42.55,V,CB,real
47140,BARAAWE,SO,1.1,44.05,V,OR,real
47220,VICTORIA,SC,-4.616667,55.45,V,CN,real
47300,MORONI,KM,-11.7,43.25,V,OR,real
47340,DZAOUDZI,KM,-12.783333,45.25,V,OR,real
47360,ANDOANY,MG,-13.4,48.3,V,OR,real
47430,MORONDAVA,MG,-20.283333,44.3,V,OR,real
27780,RAUMA,FI,61.133333,21.5,M,CB,real
27790,UUSIKAUPUNKI,FI,60.8,21.4,S,CB,real
27805,NAANTALI,FI,60.466667,22.016667,V,CN,real
27820,TURKU,FI,60.45,22.233333,M,RB,real
51502,UDANG OILFIELD,ID,4.033333,106.483333,V,OR,real
27870,SIGNILSKAR,FI,60.2,19.333333,V,CN,real
51504,WIDURI MARINE TERMINAL,ID,-4.666667,106.65,V,CN,real
27920,MARIEHAMN,FI,60.1,19.916667,S,CN,real
53142,KUMUL,PG,-8.1,144.566667,V,OR,real
28140,HANKO,FI,59.816667,22.95,S,CB,real
27250,TOREHAMN,SE,65.9,22.65,V,CN,real
55275,TARAKOHE,NZ,-40.85,172.9,V,CN,real
26710,KOPMANHOLMEN,SE,63.166667,18.583333,V,CN,real
51733,BAKAPIT,MY,4.95,118.583333,V,CN,real
26730,ORNSKOLDSVIK,SE,63.283333,18.716667,S,CB,real
26790,HUSUM,SE,63.333333,19.15,V,CN,real
26800,RUNDVIK,SE,63.533333,19.45,V,CN,real
26810,NORDMALING,SE,63.566667,19.483333,V,CN,real
51570,BINTANGOR,MY,2.166667,111.633333,V,RN,real
51736,MOSTYN,MY,4.683333,118.25,V,OR,real
57429,PORT LANGKAWI,MY,6.433333,99.766667,V,OR,real
57411,KEMAMAN HARBOR,MY,4.25,103.466667,V,CN,real
26890,UMEA HAMN,SE,63.7,20.35,S,CB,real
51584,TG. MANI,MY,2.15,111.35,V,RN,real
26990,GUMBODAHAMN,SE,64.233333,21.1,V,RB,real
51587,TANJUNG PELEPAS,MY,1.35,103.55,M,RB,real
57433,BONGKOT TERMINAL,TH,8.05,102.333333,V,OR,real
57570,VUNG TAU,VN,10.35,107.066667,S,RN,real
27080,SKELLEFTEHAMN,SE,64.683333,21.233333,S,CN,real
27090,KAGEHAMN,SE,64.833333,21.033333,V,CN,real
57435,PATTANI,TH,6.95,101.3,S,CN,real
57434,TANTAWAN MARINE TERMINAL,TH,10.083333,101.416667,V,OR,real
27130,BRANNFORS,SE,65.016667,21.383333,V,CN,real
49792,BANG SAPHAN,TH,11.183333,99.6,V,CN,real
49794,KHANOM,TH,9.2,99.9,V,CN,real
57462,LAEM CHABANG,TH,13.083333,100.883333,S,CB,real
27190,PITEA,SE,65.316667,21.483333,S,CN,real
57440,ERAWAN TERMINAL,TH,9.1,101.35,V,OR,real
57436,BENCHAMAS TERMINAL,TH,10.516667,101.25,V,OR,real
27220,LULEA,SE,65.583333,22.166667,M,CN,real
57458,SI RACHA,TH,13.166667,100.916667,M,OR,real
57437,MAP TA PHUT,TH,12.666667,101.166667,V,CB,real
25590,GAVLE,SE,60.683333,17.166667,S,CN,real
13730,COLON,AR,-32.216667,-58.133333,V,RN,real
13770,LA PLATA,AR,-34.833333,-57.883333,M,RB,real
12455,DEGRAD DES CANNES,GF,4.85,-52.266667,V,RN,real
12485,PORTO SANTANA,BR,-0.05,-51.183333,V,RN,real
12490,BELEM,BR,-1.45,-48.5,M,RN,real
12500,CAMETA,BR,-2.25,-49.5,V,TH,real
12510,SANTAREM,BR,-2.416667,-54.716667,V,TH,real
12540,ITACOATIARA,BR,-3.15,-58.45,V,RN,real
12560,MANAUS,BR,-3.133333,-60.016667,S,RN,real
12600,TUTOIA,BR,-2.783333,-42.283333,V,RN,real
12630,CAMOCIM,BR,-2.9,-40.833333,V,RN,real
12710,CABEDELO,BR,-6.966667,-34.833333,S,RN,real
12730,RECIFE,BR,-8.05,-34.866667,M,CB,real
12750,PORTO DE MACEIO,BR,-9.666667,-35.733333,S,CB,real
12772,ARATU,BR,-12.783333,-38.5,S,OR,real
12775,MADRE DE DEUS,BR,-12.75,-38.616667,V,OR,real
12810,PORT OF ILHEUS,BR,-14.783333,-39.016667,S,CB,real
12890,MACAE,BR,-22.366667,-41.766667,V,RN,real
12910,PORTO DO FORNO,BR,-22.966667,-42.016667,V,CN,real
12940,ANGRA DOS REIS,BR,-23.016667,-44.316667,S,CN,real
12960,SAO SEBASTIAO,BR,-23.8,-45.4,S,OR,real
12970,SANTOS,BR,-23.95,-46.3,L,CN,real
12420,MOENGO,SR,5.633333,-54.416667,V,RN,real
11960,MARACAIBO,VE,10.633333,-71.6,M,OR,real
3540,PORT CLINTON,US,41.516667,-82.933333,V,RN,real
3550,PUT IN BAY,US,41.65,-82.816667,V,CN,real
3560,TOLEDO,US,41.7,-83.466667,M,RN,real
3570,MONROE,US,41.883333,-83.333333,V,RN,real
3580,TRENTON,US,42.133333,-83.166667,V,RN,real
3590,WYANDOTTE,US,42.2,-83.15,S,RN,real
3610,ROUGE RIVER,US,42.283333,-83.116667,S,RN,real
3620,DETROIT,US,42.333333,-83.033333,L,RN,real
3650,WALPOLE ISLAND,CA,42.616667,-82.516667,V,RN,real
3660,SOMBRA,CA,42.716667,-82.483333,V,RN,real
3150,SACKETS HARBOR,US,43.95,-76.116667,V,CN,real
3170,OSWEGO,US,43.466667,-76.516667,S,RN,real
2490,MASSON,CA,45.533333,-75.416667,V,RN,real
2510,GATINEAU,CA,45.483333,-75.65,V,RN,real
2520,OTTAWA,CA,45.433333,-75.7,S,RN,real
2530,HULL,CA,45.433333,-75.7,V,RN,real
2550,BEAUHARNOIS,CA,45.316667,-73.883333,V,LC,real
2560,COTEAU LANDING,CA,45.25,-74.2,V,LC,real
2570,ST ZOTIQUE,CA,45.25,-74.25,V,LC,real
2590,ST ANICET,CA,45.133333,-74.366667,V,RN,real
2600,SOUTH LANCASTER,CA,45.133333,-74.5,V,RN,real
2620,CORNWALL,CA,45.016667,-74.733333,V,LC,real
2670,CARDINAL,CA,44.783333,-75.383333,V,LC,real
2680,LOWER LAKES TERMINAL,CA,44.733333,-75.466667,S,RN,real
2700,BROCKVILLE,CA,44.583333,-75.666667,V,CN,real
2710,ROCKPORT,CA,44.383333,-75.933333,V,RN,real
2720,GANANOQUE,CA,44.333333,-76.166667,V,RN,real
2730,WOLFE ISLAND,CA,44.2,-76.433333,V,RN,real
2740,KINGSTON,CA,44.233333,-76.5,V,CN,real
2770,OGDENSBURG,US,44.7,-75.5,S,RN,real
2790,ALEXANDRIA BAY,US,44.333333,-75.916667,V,RN,real
2800,CLAYTON,US,44.233333,-76.05,V,RN,real
2830,MILLHAVEN,CA,44.2,-76.733333,V,CN,real
2880,PICTON,CA,44.016667,-77.133333,V,CN,real
2930,BELLEVILLE,CA,44.15,-77.4,S,CN,real
2940,TRENTON,CA,44.1,-77.566667,S,RN,real
2960,COBOURG,CA,43.95,-78.166667,S,CB,real
2970,PORT HOPE,CA,43.933333,-78.283333,S,CB,real
2980,OSHAWA,CA,43.866667,-78.816667,S,CB,real
2990,PORT WHITBY,CA,43.85,-78.933333,S,CB,real
3000,TORONTO,CA,43.616667,-79.383333,M,CN,real
3010,PORT CREDIT,CA,43.55,-79.583333,V,CB,real
3015,CLARKSON,CA,43.5,-79.6,V,OR,real
3020,OAKVILLE,CA,43.433333,-79.666667,V,CB,real
3030,BRONTE,CA,43.4,-79.716667,V,CB,real
3050,HAMILTON,CA,43.25,-79.85,M,CN,real
3060,PORT DALHOUSIE,CA,43.216667,-79.266667,V,CB,real
3070,PORT WELLER,CA,43.233333,-79.216667,S,RT,real
3090,WELLAND,CA,43.0,-79.25,S,LC,real
47460,TOLIARA,MG,-23.366667,43.666667,V,OR,real
47510,MANANJARY,MG,-21.25,48.333333,V,OR,real
47540,TOAMASINA,MG,-18.166667,49.416667,S,CB,real
47630,ANTISRANANA,MG,-12.266667,49.283333,S,CB,real
47680,SAINT-DENIS,RE,-20.866667,55.45,V,OR,real
47695,PORT OUEST,RE,-20.933333,55.283333,S,CB,real
47720,PORT LOUIS,MU,-20.15,57.5,S,CB,real
47750,PORT MATHURIN,MU,-19.683333,63.416667,V,CN,real
5510,GASPE,CA,48.833333,-64.483333,S,CN,real
2030,RIMOUSKI,CA,48.45,-68.516667,S,RN,real
2130,CHICOUTIMI (PORT SAGUENAY),CA,48.433333,-71.066667,S,RN,real
2220,SOREL,CA,46.05,-73.116667,S,RN,real
48540,JASK,IR,25.633333,57.766667,V,CN,real
47855,DORALEH,DJ,11.6,43.083333,S,CN,real
47830,BOOSAASO,SO,11.283333,49.183333,S,CB,real
47942,AL KHAIR OIL TERMINAL,SD,19.583333,37.25,S,CN,real
47944,BESHAYER OIL TERMINAL,SD,19.4,37.316667,M,OR,real
47946,SAWAKIN HARBOR,SD,19.133333,37.35,S,CN,real
48273,UMM AL QAYWAYN,AE,25.583333,55.583333,S,CN,real
48272,SHARJAH OFFSHORE TERMINAL,AE,25.583333,55.4,S,OR,real
48271,ASH SHARIQAH,AE,25.416667,55.366667,S,CB,real
48270,AJMAN,AE,25.416667,55.433333,V,OR,real
48269,AL JAZEERA PORT,AE,25.716667,55.783333,S,CN,real
48266,ZIRKUH PETROLEUM PORT,AE,25.016667,53.0,M,OR,real
50440,BENGKULU,ID,-3.783333,102.25,V,OR,real
6545,CANAPORT (ST. JOHN),CA,45.2,-65.983333,L,OR,real
6460,YARMOUTH,CA,43.833333,-66.116667,S,CN,real
6410,LIVERPOOL (BROOKLYN),CA,44.033333,-64.65,S,CN,real
6110,WHITEHAVEN HARBOR,CA,45.233333,-61.183333,V,CN,real
45530,JIJEL,DZ,36.833333,5.783333,V,CB,real
25610,NORRSUNDET,SE,60.933333,17.166667,V,CN,real
57439,SONGKHLA HARBOR,TH,7.216667,100.583333,V,RN,real
57642,DAI HANG,VN,8.483333,108.683333,V,OR,real
25640,VALLVIK,SE,61.183333,17.166667,S,CN,real
57655,MUI VUNG TAU,VN,10.316667,107.066667,V,CN,real
25720,SODERHAMN,SE,61.3,17.083333,S,RN,real
57572,PHU MY,VN,10.583333,107.033333,V,RN,real
59475,GINGOOG,PH,8.833333,125.1,V,CN,real
25760,IGGESUND,SE,61.65,17.083333,V,CN,real
58795,ISABEL,PH,10.916667,124.433333,V,OR,real
25780,HUDIKSVALL,SE,61.733333,17.116667,S,RB,real
59343,MASAO,PH,9.0,125.416667,V,CN,real
25800,STOCKA,SE,61.9,17.35,V,CN,real
58695,TANAUAN,PH,11.1,125.016667,V,OR,real
60981,SHAKHTERSK,RU,49.166667,142.066667,V,CN,real
44162,KAVKAZ OIL TERMINAL,RU,45.333333,36.65,V,OR,real
60582,ZARUBINO,RU,42.633333,131.083333,V,CN,real
60870,VITAZ MARINE TERMINAL,RU,52.7,143.55,V,OR,real
25900,STOCKVIK,SE,62.333333,17.383333,V,CN,real
25910,SUNDSVALL,SE,62.383333,17.35,M,CN,real
26140,VIVSTAVARV,SE,62.483333,17.35,V,CN,real
26180,SORAKER,SE,62.5,17.5,V,CN,real
26240,HARNOSAND,SE,62.633333,17.933333,S,CN,real
26280,ULVVIK,SE,62.666667,17.866667,V,CN,real
26290,UTANSJO,SE,62.766667,17.933333,V,CN,real
26310,GUSTAVSVIK,SE,62.833333,17.883333,V,CN,real
26340,LUNDE,SE,62.883333,17.883333,V,CN,real
26380,KRAMFORS,SE,62.933333,17.8,V,CN,real
25570,KARSKAR,SE,60.683333,17.266667,V,CN,real
26420,VAJA,SE,62.983333,17.716667,V,RN,real
26430,BOLLSTABRUK,SE,63.0,17.7,V,CN,real
24790,DEGERHAMN,SE,56.35,16.416667,V,CB,real
24810,RONEHAMN,SE,57.116667,18.5,S,CN,real
24840,SLITE,SE,57.7,18.816667,S,OR,real
24900,FAROSUND,SE,57.916667,19.05,S,CN,real
24940,STORUGNS,SE,57.833333,18.8,V,OR,real
24950,VISBY,SE,57.633333,18.283333,S,CB,real
24960,KLINTEHAMN,SE,57.383333,18.2,V,CB,real
25050,VERKEBACK,SE,57.733333,16.533333,V,CN,real
25060,VASTERVIK,SE,57.766667,16.65,S,CB,real
25190,NORRKOPING,SE,58.583333,16.2,M,RN,real
25280,OXELOSUND,SE,58.666667,17.116667,S,CN,real
25290,NYKOPING,SE,58.75,17.016667,S,RB,real
25320,SODERTALJE,SE,59.183333,17.65,S,LC,real
25330,NYNASHAMN,SE,58.9,17.966667,S,CN,real
11980,SAN LORENZO,VE,9.783333,-71.066667,V,LC,real
12032,PUNTA DE PALMAS,VE,10.783333,-71.583333,V,LC,real
12034,BAJO GRANDE,VE,10.516667,-71.633333,V,LC,real
12050,PUNTA CARDON,VE,11.633333,-70.233333,S,OR,real
12070,AMUAY (BAHIA DE AMUAY),VE,11.75,-70.233333,S,OR,real
12090,PUERTO CUMAREBO,VE,11.483333,-69.35,V,OR,real
12115,EL PALITO,VE,10.483333,-68.116667,V,OR,real
12120,PUERTO CABELLO,VE,10.483333,-68.0,M,CN,real
12150,LA GUAIRA,VE,10.616667,-66.933333,S,CB,real
12200,GUANTA,VE,10.25,-64.583333,S,OR,real
12210,BAHIA DE PERTIGALETE,VE,10.233333,-64.566667,S,CN,real
12260,CARUPANO,VE,10.7,-63.25,V,CB,real
12270,GUIRIA,VE,10.566667,-62.3,V,CB,real
12275,PUERTO DE HIERRO,VE,10.633333,-62.1,S,OR,real
12280,CARIPITO,VE,10.15,-63.033333,V,RN,real
12330,PALUA,VE,8.366667,-62.683333,V,RN,real
12335,PUERTO ORDAZ,VE,8.35,-62.716667,S,RN,real
12370,GEORGETOWN,GY,6.833333,-58.166667,M,RN,real
12380,LINDEN,GY,6.0,-58.3,V,RN,real
12390,NEW AMSTERDAM,GY,6.25,-57.516667,V,RN,real
12405,NIEUW NICKERIE,SR,5.95,-57.0,V,RN,real
12410,PARAMARIBO,SR,5.833333,-55.166667,S,RN,real
12415,PARANAM,SR,5.616667,-55.1,V,RN,real
11460,BASSE TERRE,GP,16.0,-61.733333,V,OR,real
11470,PORT LOUIS,GP,16.416667,-61.533333,V,OR,real
11520,ROSEAU,DM,15.3,-61.4,V,CN,real
11530,PORTSMOUTH,DM,15.566667,-61.466667,V,CN,real
11550,FORT DE FRANCE,MQ,14.6,-61.066667,M,OR,real
3092,THOROLD,CA,43.083333,-79.716667,S,LC,real
3095,ST CATHERINE,CA,43.183333,-79.283333,V,LC,real
3100,NIAGARA,CA,43.25,-79.066667,V,RN,real
3110,QUEENSTON,CA,43.166667,-79.066667,V,RN,real
3130,CHAUMONT,US,44.066667,-76.133333,V,CN,real
2480,CUMBERLAND,CA,45.516667,-75.4,V,RN,real
1785,GRAND BANK,CA,47.1,-55.75,S,CB,real
1795,PORT AUX BASQUES,CA,47.566667,-59.133333,S,CN,real
1810,STEPHENVILLE,CA,48.533333,-58.533333,V,CB,real
1820,ST GEORGE'S,CA,48.45,-58.45,S,CN,real
1830,CORNER BROOK,CA,48.95,-57.95,S,CN,real
1880,BLANC SABLON,CA,51.416667,-57.133333,V,RN,real
1890,HAVRE ST PIERRE,CA,50.233333,-63.6,V,CN,real
1957,POINTE NOIRE,CA,50.166667,-66.483333,S,RN,real
1958,PORT CARTIER,CA,50.033333,-66.783333,V,RN,real
1990,MATANE,CA,48.85,-67.533333,V,RN,real
2015,BAIE COMEAU,CA,49.233333,-68.133333,S,RN,real
2100,TADOUSSAC,CA,48.15,-69.716667,S,RN,real
2110,LA BAIE (PORT ALFRED),CA,48.333333,-70.883333,S,RN,real
2150,RIVIERE DU LOUP,CA,47.833333,-69.516667,S,RN,real
2180,QUEBEC,CA,46.816667,-71.216667,M,RN,real
2210,TROIS RIVIERES,CA,46.35,-72.55,M,RN,real
2235,MONTREAL,CA,45.516667,-73.55,L,RN,real
2300,VAUDREUIL,CA,45.4,-74.033333,V,RN,real
2310,OKA SUR LE LAC,CA,45.466667,-74.083333,V,RN,real
2320,HUDSON,CA,45.466667,-74.133333,V,RN,real
2330,ST PLACIDE,CA,45.533333,-74.2,V,RN,real
2340,ST ANDREWS EAST,CA,45.566667,-74.333333,V,RN,real
2350,CARILLON,CA,45.566667,-74.366667,V,RN,real
2370,CHUTE A BLONDEAU,CA,45.583333,-74.466667,V,RN,real
2380,GRENVILLE,CA,45.633333,-74.6,V,RN,real
2390,HAWKESBURY,CA,45.616667,-74.616667,V,RN,real
2400,FASSETT,CA,45.65,-74.866667,V,RN,real
2420,MONTEBELLO,CA,45.65,-74.933333,V,RN,real
2430,PAPINEAUVILLE,CA,45.616667,-75.016667,V,RN,real
2460,THURSO,CA,45.6,-75.233333,V,RN,real
6000,SYDNEY,CA,46.15,-60.2,M,CN,real
6020,LOUISBURG,CA,45.916667,-59.966667,V,CN,real
5730,SOURIS HARBOUR,CA,46.35,-62.25,S,CB,real
5750,CHARLOTTETOWN,CA,46.233333,-63.133333,S,CN,real
5560,DALHOUSIE,CA,48.066667,-66.366667,S,OR,real
1900,MINGAN,CA,50.283333,-64.016667,V,CN,real
1955,SEPT ILES,CA,50.2,-66.383333,M,RN,real
1790,BURGEO,CA,47.6,-57.616667,V,CN,real
1750,PORT DE ST PIERRE,CA,46.783333,-56.166667,S,CB,real
1715,COME BY CHANCE HARBOR,CA,47.8,-54.016667,S,OR,real
50730,BELAWAN,ID,3.783333,98.683333,M,RN,real
45172,SIDI KERIR (KURAYR),EG,31.1,29.616667,S,OR,real
51120,GRESIK,ID,-7.15,112.65,S,OR,real
1525,FORTUNE HARBOR,CA,49.533333,-55.233333,S,CN,real
1515,SPRINGDALE,CA,49.5,-56.066667,S,CN,real
45080,HAIFA,IL,32.816667,35.0,M,CB,real
45030,BAYRUT,LB,33.9,35.5,L,CB,real
1430,CONCHE,CA,50.883333,-55.9,V,CN,real
40500,BRINDISI,IT,40.65,17.983333,L,CB,real
62635,PORT BERINGOVSKY,RU,63.066667,179.366667,,,real
45795,EL JADIDA,MA,33.25,-8.5,V,CB,real
1090,CHURCHILL,CA,58.783333,-94.183333,S,RN,real
25360,GUSTAVSBERG,SE,59.316667,18.383333,V,CN,real
25370,SANDHAMN,SE,59.283333,18.916667,V,CN,real
25380,STOCKHOLM,SE,59.333333,18.05,L,CB,real
25395,VASTERAS,SE,59.616667,16.55,M,LC,real
25440,GRISSLEHAMN,SE,60.1,18.816667,V,CN,real
25460,HALLSTAVIK,SE,60.05,18.583333,V,RB,real
25480,HARGSHAMN,SE,60.183333,18.45,V,CN,real
25550,SKUTSKAR,SE,60.65,17.4,S,CN,real
24690,OSKARSHAMN,SE,57.266667,16.45,S,CN,real
24720,FIGEHOLM,SE,57.366667,16.5,V,CN,real
23830,MOSS,NO,59.45,10.666667,S,CN,real
23835,SARPSBORG,NO,59.266667,11.1,V,RN,real
23840,FREDRIKSTAD,NO,59.2,10.95,S,RN,real
23850,HALDEN,NO,59.116667,11.383333,S,RN,real
23870,STROMSTAD,SE,58.933333,11.166667,V,CB,real
23890,GREBBESTAD,SE,58.683333,11.266667,V,CN,real
23900,FJALLBACKA,SE,58.6,11.283333,V,CN,real
23905,BOVALLSTRAND,SE,58.483333,11.333333,V,CN,real
23910,HUNNEBOSTRAND,SE,58.433333,11.3,V,CN,real
23970,LYSEKIL,SE,58.266667,11.433333,V,CB,real
23990,UDDEVALLA,SE,58.35,11.916667,M,RB,real
24010,MARSTRAND,SE,57.883333,11.583333,V,CN,real
24020,GOTEBORG,SE,57.7,11.966667,L,RT,real
24030,VARBERG,SE,57.116667,12.25,M,CB,real
24040,FALKENBERG,SE,56.9,12.5,M,CB,real
24050,HALMSTAD,SE,56.666667,12.866667,S,CB,real
24100,HOGANAS,SE,56.2,12.55,V,CB,real
24120,HELSINGBORG,SE,56.05,12.7,M,CB,real
24180,LANDSKRONA,SE,55.866667,12.833333,S,CN,real
24210,MALMO,SE,55.616667,13.0,L,CB,real
24220,LIMHAMN,SE,55.583333,12.933333,V,CB,real
24250,TRELLEBORG,SE,55.366667,13.15,S,CB,real
24260,YSTAD,SE,55.433333,13.833333,S,CB,real
24280,SIMRISHAMN,SE,55.55,14.366667,S,CT,real
24300,AHUS,SE,55.933333,14.316667,S,RB,real
24310,SOLVESBORG,SE,56.05,14.583333,S,CN,real
24370,KARLSHAMN,SE,56.166667,14.866667,M,RN,real
24440,RONNEBY,SE,56.183333,15.3,S,RN,real
24460,KARLSKRONA,SE,56.166667,15.6,V,CB,real
24530,BERGKVARA,SE,56.383333,16.1,V,OR,real
24570,KALMAR,SE,56.666667,16.366667,V,CB,real
24635,STORA JATTERSON,SE,57.1,16.566667,V,OR,real
23823,TOFTE,NO,59.55,10.566667,V,CN,real
23829,KAMBO,NO,59.466667,10.683333,V,CN,real
23355,HUSNES,NO,59.866667,5.766667,V,CB,real
11620,VIEUX FORT,LC,13.716667,-60.966667,V,CN,real
11630,CASTRIES,LC,14.016667,-61.0,S,CN,real
11690,BRIDGETOWN,BB,13.1,-59.633333,S,CB,real
11700,SCARBOROUGH,TT,11.183333,-60.733333,V,OR,real
11710,CHAGUARAMAS,TT,10.683333,-61.65,V,CN,real
11725,POINT LISAS PORT,TT,10.383333,-61.483333,S,RB,real
11750,POINT LISAS INDUSTRIAL PORT,TT,10.4,-61.5,S,CN,real
11760,BRIGHTON,TT,10.25,-61.633333,V,OR,real
11770,POINT FORTIN,TT,10.2,-61.7,V,OR,real
11781,GOTO OIL TERMINAL,BQ,12.216667,-68.383333,V,OR,real
11800,CARACASBAAI,CW,12.066667,-68.866667,S,OR,real
11810,WILLEMSTAD,CW,12.116667,-68.933333,M,CB,real
11820,BULLEN BAAI,CW,12.183333,-69.033333,M,OR,real
11840,PAARDEN BAAI - (ORANJESTAD),AW,12.516667,-70.033333,V,CB,real
11880,TURBO,CO,8.083333,-76.733333,V,OR,real
11900,COVENAS,CO,9.416667,-75.683333,S,OR,real
11910,CARTAGENA,CO,10.416667,-75.533333,M,CN,real
11940,SANTA MARTA,CO,11.25,-74.216667,S,CN,real
11450,POINTE A PITRE,GP,16.233333,-61.533333,M,CN,real
11010,SANCHEZ,DO,19.233333,-69.616667,V,OR,real
11020,LA ROMANA,DO,18.416667,-68.966667,V,RN,real
11030,SAN PEDRO DE MACORIS,DO,18.45,-69.316667,S,RN,real
11035,ANDRES (ANDRES LGN TERMINAL),DO,18.433333,-69.633333,M,OR,real
11040,SANTO DOMINGO,DO,18.466667,-69.883333,M,RN,real
11045,PUERTO DE HAINA,DO,18.416667,-70.016667,S,RN,real
11050,LAS CALDERAS,DO,18.216667,-70.516667,S,CN,real
11060,PUERTO VIEJO DE AZUA,DO,18.35,-70.833333,V,OR,real
1710,ARGENTIA,CA,47.3,-53.983333,M,CN,real
2470,ROCKLAND,CA,45.55,-75.3,V,RN,real
1431,RODDICKTON,CA,50.866667,-56.133333,S,CN,real
1460,WESTPORT COVE,CA,49.783333,-56.616667,V,CN,real
1470,SEAL COVE,CA,49.933333,-56.383333,V,CN,real
1510,LITTLE BAY,CA,49.616667,-56.0,V,CN,real
1580,TWILLINGATE HARBOR,CA,49.666667,-54.766667,V,CN,real
1595,BONAVISTA HARBOR,CA,48.65,-53.116667,V,CB,real
1600,CATALINA HARBOR,CA,48.5,-53.083333,S,CN,real
1605,PORT UNION,CA,48.5,-53.083333,V,CN,real
1611,CLARENVILLE,CA,48.15,-53.95,S,CN,real
1620,CARBONEAR BAY,CA,47.733333,-53.216667,V,CN,real
1630,HARBOR GRACE,CA,47.683333,-53.216667,S,CN,real
1670,ST JOHN'S,CA,47.566667,-52.7,S,CN,real
1690,TREPASSEY HARBOR,CA,46.733333,-53.4,V,CN,real
70,KEFLAVIK,IS,64.0,-22.55,V,OR,real
80,HAFNARFJORDUR,IS,64.066667,-21.95,V,CN,real
100,REYKJAVIK,IS,64.15,-21.933333,M,CB,real
160,BILDUDALUR,IS,65.683333,-23.6,V,CN,real
230,BLONDUOS,IS,65.666667,-20.3,V,OR,real
260,SIGLUFJORHURD,IS,66.15,-18.916667,V,CN,real
270,OLAFSFJORDHUR,IS,66.083333,-18.633333,V,CN,real
60480,KIMCH'AEK,KP,40.666667,129.2,V,OR,real
60510,NAJIN,KP,42.233333,130.3,S,RB,real
60520,SENBONG,KP,42.333333,130.4,S,CN,real
610,PAAMUIT (FREDERIKSHAB),GL,62.0,-49.666667,S,CN,real
49370,KARAIKAL PORT,IN,10.833333,79.866667,S,CB,real
630,KANGERLUARSORUSEQ,GL,63.7,-51.55,V,CN,real
60325,PYEONGTAEK HANG,KR,37.0,126.8,M,RN,real
700,ATTU,GL,67.95,-53.733333,V,CN,real
60215,JINZHOU WAN,CN,40.75,121.1,V,OR,real
60200,QINHUANGDAO,CN,39.933333,119.616667,M,CB,real
810,ILLULISSAT (JAKOBSHAVN),GL,69.216667,-51.1,S,CN,real
35250,PENZANCE,GB,50.116667,-5.533333,S,CT,real
59970,SHANGHAI,CN,31.216667,121.5,L,RN,real
35300,MEVAGISSEY,GB,50.266667,-4.783333,V,CB,real
790,QASIGIANNGUIT-CHRISTIANSHAB,GL,68.816667,-51.183333,V,CN,real
35340,FOWEY HARBOUR,GB,50.333333,-4.633333,S,RN,real
1000,PITUFFIK (THULE AIR BASE),GL,76.533333,-68.866667,V,CN,real
35370,PLYMOUTH,GB,50.366667,-4.15,M,CN,real
35400,BRIXHAM HARBOUR,GB,50.4,-3.516667,V,CB,real
23440,HAUGESUND,NO,59.416667,5.266667,S,CN,real
23450,KOPERVIK,NO,59.283333,5.316667,V,OR,real
23451,KARSTO,NO,59.266667,5.516667,M,OR,real
23455,ESPEVAER,NO,59.583333,5.15,V,CN,real
23460,SAUDA,NO,59.65,6.35,V,CN,real
23465,AKRAHAMN,NO,59.266667,5.183333,V,CB,real
23470,SANDNES,NO,58.85,5.75,V,RB,real
23480,STAVANGER,NO,58.966667,5.75,M,CB,real
23485,SKUDENESHAVN,NO,59.15,5.266667,V,CB,real
23487,TANANGER,NO,58.933333,5.583333,V,CB,real
23490,EGERSUND,NO,58.45,6.0,V,RN,real
23500,REKEFJORD,NO,58.333333,6.266667,V,RN,real
23505,KIRKEHAMN,NO,58.233333,6.533333,V,CB,real
23510,FLEKKEFJORDEN,NO,58.3,6.666667,S,RB,real
23520,FARSUND,NO,58.083333,6.816667,V,CN,real
23525,STUSVIK,NO,58.0,7.033333,V,CB,real
23530,MANDAL,NO,58.016667,7.466667,V,RN,real
23550,KRISTIANSAND,NO,58.15,8.0,S,CN,real
23600,ARENDAL,NO,58.466667,8.766667,S,CB,real
23620,TVEDESTRAND,NO,58.616667,8.933333,S,RB,real
23630,RISOR,NO,58.716667,9.233333,V,CN,real
23640,KRAGERO,NO,58.866667,9.416667,V,CB,real
23660,BREVIK,NO,59.066667,9.7,S,CN,real
23670,PORSGRUNN,NO,59.15,9.666667,S,RN,real
23680,SKIEN,NO,59.2,9.6,S,RN,real
23700,LARVIK,NO,59.05,10.033333,S,CB,real
23710,SANDEFJORDEN,NO,59.116667,10.233333,S,RB,real
23720,TONSBERG,NO,59.283333,10.416667,V,LC,real
23730,VALLOY,NO,59.266667,10.5,V,OR,real
23736,SLAGENSTANGEN,NO,59.316667,10.516667,V,OR,real
23750,HORTEN,NO,59.416667,10.5,M,CN,real
23760,HOLMESTRAND,NO,59.483333,10.3,V,CB,real
23770,SVELVIK,NO,59.616667,10.4,V,CN,real
23780,DRAMMEN,NO,59.733333,10.25,M,CB,real
23790,STORSTEILENE,NO,59.816667,10.6,V,CN,real
23810,OSLO,NO,59.916667,10.75,L,CN,real
23820,DROBAK,NO,59.666667,10.65,V,CB,real
23310,MOSTERHAMN,NO,59.7,5.4,V,CN,real
23330,SAGVAG,NO,59.766667,5.383333,V,CN,real
23340,LEIRVIK,NO,59.783333,5.5,V,CN,real
22920,MOSJOEN,NO,65.833333,13.2,V,RN,real
22940,TJOTTA,NO,65.833333,12.433333,V,CN,real
22990,BRONNOYSUND,NO,65.466667,12.2,V,CN,real
23020,BERG,NO,65.366667,12.2,V,CN,real
23040,RORVIK,NO,64.866667,11.25,V,CN,real
23046,SALSBRUKET,NO,64.8,11.866667,S,CN,real
11070,SANTA CRUZ DE BARAHONA,DO,18.2,-71.083333,S,CN,real
11075,CABO ROJO,DO,17.916667,-71.65,V,OR,real
11090,AGUADILLA,PR,18.433333,-67.15,V,OR,real
11100,ARECIBO,PR,18.483333,-66.7,V,CB,real
11110,SAN JUAN,PR,18.466667,-66.116667,S,OR,real
11160,BAHIA DE FAJARDO,PR,18.333333,-65.633333,V,CB,real
11170,ENSENADA HONDA,PR,18.233333,-65.633333,M,CB,real
11190,PLAYA DE HUMACAO,PR,18.166667,-65.75,V,OR,real
11205,PUERTO YABUCOA,PR,18.05,-65.833333,V,OR,real
11230,ARROYO,PR,17.966667,-66.066667,S,OR,real
11240,BAHIA DE JOBOS,PR,17.95,-66.183333,V,CB,real
11250,LAS MAREAS,PR,17.95,-66.166667,V,OR,real
11260,PLAYA DE PONCE,PR,17.983333,-66.616667,M,CB,real
11270,PLAYA DE GUAYANILLA,PR,18.016667,-66.766667,M,CB,real
11280,PLAYA DE GUANICA,PR,17.966667,-66.916667,S,OR,real
11290,MAYAGUEZ,PR,18.2,-67.15,S,OR,real
11310,CHARLOTTE AMALIE,VI,18.35,-64.933333,S,OR,real
11320,CRUZ BAY,VI,18.333333,-64.8,S,CN,real
11330,FREDERIKSTED,VI,17.716667,-64.883333,S,OR,real
11335,LIMETREE BAY,VI,17.7,-64.75,V,OR,real
11340,CHRISTIANSTED,VI,17.75,-64.7,V,CN,real
11350,ROAD HARBOR,VG,18.416667,-64.616667,M,CN,real
11360,BAIE DU MARIGOT,FR,18.066667,-63.083333,V,OR,real
11380,GUSTAVIA,GP,17.9,-62.85,V,CN,real
11390,ORANJESTAD,BQ,17.483333,-62.983333,S,OR,real
11400,BASSETERRE,KN,17.3,-62.716667,V,OR,real
11430,ST JOHNS,AG,17.116667,-61.85,M,OR,real
10420,MEDIA LUNA,CU,20.15,-77.433333,V,OR,real
10430,CEIBA HUECA,CU,20.216667,-77.316667,V,OR,real
10460,MANZANILLO,CU,20.35,-77.116667,V,OR,real
10500,JUCARO,CU,21.616667,-78.85,V,OR,real
10520,TUNAS DE ZAZA,CU,21.633333,-79.55,V,OR,real
10530,CASILDA,CU,21.75,-79.983333,M,CN,real
310,AKUREYRI,IS,65.683333,-18.083333,V,CN,real
330,KOPASKER,IS,66.283333,-16.45,V,CN,real
380,VOPNAFJORDHUR,IS,65.75,-14.833333,V,CN,real
400,SEYDHISFJORDHUR,IS,65.266667,-14.0,S,CN,real
430,ESKIFJORDHUR,IS,65.066667,-14.016667,V,CN,real
480,HORNABJORDUR,IS,64.25,-15.233333,V,CN,real
560,NANORTALIK HAVN,GL,60.116667,-45.2,V,CN,real
580,QAQURTOQ,GL,60.716667,-46.05,V,CN,real
585,NARSAQ,GL,60.916667,-46.05,V,CN,real
590,NARSARSSUAQ,GL,61.15,-45.433333,V,CN,real
605,GRONNEDAL (KANGILINNGUIT),GL,61.233333,-48.1,V,CN,real
640,NUUK,GL,64.183333,-51.75,S,CN,real
670,MANIITSOQ,GL,65.416667,-52.916667,V,CN,real
680,KANGAMIUT,GL,65.816667,-53.3,V,CN,real
690,SISIMIUT,GL,66.916667,-53.7,S,CN,real
695,KANGERLUSUAQ,GL,66.966667,-50.95,V,CN,real
760,AASIAAT,GL,68.7,-52.866667,S,CN,real
840,QEQERTARSUAQ,GL,69.233333,-53.533333,S,CN,real
870,NIAQORNAT,GL,70.8,-53.666667,V,OR,real
890,UUMMANNAQ HARBOR,GL,70.683333,-52.15,S,CN,real
940,KAJALLEQ UPERNAVIK,GL,72.15,-55.533333,V,CN,real
960,UPERNAVIK,GL,72.766667,-56.15,V,CN,real
1020,POND INLET,CA,72.75,-76.75,M,OR,real
1035,PADLOPING ISLAND,CA,67.033333,-62.733333,V,CN,real
1040,PANGNIRTUNG,CA,66.133333,-65.75,V,CN,real
44807,AKSAZ LIMANI,TR,36.833333,28.383333,S,CN,real
10006,COCKBURN TOWN,BS,24.05,-74.533333,V,OR,real
10773,ROCKY POINT,JM,17.816667,-77.15,V,OR,real
11048,PUNTA NIZAO OIL TERMINAL,DO,18.2,-70.2,S,OR,real
11005,PUERTO BOTADO,DO,19.2,-69.45,V,CN,real
11372,COLES BAY OIL TERMINAL,SX,18.016667,-63.083333,S,OR,real
35410,TORQUAY HARBOUR,GB,50.466667,-3.533333,V,CB,real
90,SKERJAFJORDUR,IS,64.15,-22.016667,V,CN,real
35450,PORTLAND HARBOUR,GB,50.583333,-2.433333,M,CB,real
105,GRUNDARTANGI,IS,64.266667,-22.0,M,CB,real
35460,WEYMOUTH HARBOUR,GB,50.616667,-2.45,S,CN,real
35550,COWES HARBOUR,GB,50.766667,-1.3,S,RN,real
35560,YARMOUTH HARBOUR,GB,50.7,-1.5,S,CT,real
35590,FAWLEY MARINE TERMINAL,GB,50.816667,-1.333333,S,RN,real
35600,PORTSMOUTH HARBOUR,GB,50.8,-1.1,M,CT,real
35610,LITTLEHAMPTON HARBOUR,GB,50.783333,-0.533333,V,RN,real
170,THINGEYRI,IS,65.883333,-23.483333,V,CN,real
190,ISAFJORDUR,IS,66.066667,-23.116667,V,CN,real
240,SKAGASTROND,IS,65.833333,-20.316667,V,CN,real
250,SAUDARKROKUR,IS,65.75,-19.666667,V,CN,real
320,HUSAVIK,IS,66.033333,-17.333333,V,CN,real
23050,NAMSOS,NO,64.466667,11.5,S,CN,real
23053,MALM,NO,64.066667,11.233333,V,RN,real
23055,STEINKJER,NO,64.016667,11.5,V,CN,real
23058,DJUPVIKEN,NO,63.783333,11.45,S,CN,real
23060,LEVANGER,NO,63.75,11.3,V,RN,real
23070,LANGSTEIN,NO,63.533333,10.9,V,CN,real
23075,MURUVIK,NO,63.433333,10.85,V,CN,real
23080,HOMMELVIK,NO,63.416667,10.8,V,CN,real
23090,TRONDHEIM,NO,63.433333,10.4,M,CN,real
23095,THAMSHAMM,NO,63.316667,9.883333,S,CN,real
23100,KRISTIANSUND,NO,63.116667,7.733333,S,CN,real
23105,SUNNDALSORA,NO,62.683333,8.55,V,RB,real
23107,BUD,NO,62.9,6.916667,V,CB,real
23108,HAROYSUND,NO,62.9,6.966667,S,CN,real
23110,MOLDE,NO,62.733333,7.166667,S,CN,real
23111,ANDALSNES,NO,62.566667,7.683333,V,CN,real
23112,HAREID,NO,62.366667,6.033333,V,CB,real
23115,MOLDTUSTRANDA,NO,62.3,5.65,V,CN,real
23118,ORSTAV,NO,62.2,6.133333,S,CN,real
23120,ALESUND,NO,62.466667,6.166667,S,CB,real
23125,MALOY,NO,61.933333,5.116667,S,CN,real
23130,FLORO,NO,61.6,5.033333,V,CB,real
23136,ARDALSTANGEN,NO,61.233333,7.716667,V,RN,real
23138,MONGSTAD,NO,60.816667,5.033333,M,OR,real
23140,VAKSDAL,NO,60.483333,5.733333,S,RN,real
23160,BERGEN,NO,60.4,5.316667,M,CN,real
23180,BRATTHOLMEN,NO,60.35,5.166667,V,CN,real
23195,TRANNESET,NO,60.416667,5.016667,S,CN,real
23220,STRANDVIK,NO,60.166667,5.666667,V,CN,real
23230,NORHEIMSUND,NO,60.366667,6.15,V,RB,real
23240,ODDA,NO,60.083333,6.55,V,RB,real
23300,MELING,NO,59.783333,5.116667,V,CN,real
22790,HEMNESBERGET,NO,66.233333,13.616667,V,CN,real
20920,HAMMERFEST,NO,70.666667,23.666667,M,CN,real
20930,SORVAER,NO,70.633333,21.983333,V,CN,real
20940,BREDVIK,NO,70.583333,22.133333,V,CN,real
21120,OKSFJORD,NO,70.233333,22.35,V,CN,real
21130,ALTA,NO,69.966667,23.25,V,CN,real
21140,TALVIK,NO,70.05,22.966667,V,CN,real
21310,TROMSO,NO,69.65,18.966667,M,OR,real
21380,GIBOSTAD,NO,69.35,18.083333,V,CN,real
21490,FINNSNES,NO,69.233333,17.966667,V,CN,real
21495,MEDBY,NO,68.916667,17.733333,V,CN,real
21510,SJOVEGAN,NO,68.883333,17.833333,V,CN,real
21610,HARSTAD,NO,68.8,16.55,M,CN,real
21660,ANDENES,NO,69.333333,16.133333,V,OR,real
21670,SORTLAND,NO,68.7,15.416667,V,CN,real
10540,CIENFUEGOS,CU,22.15,-80.45,L,CN,real
10600,LUCEA,JM,18.45,-78.166667,V,OR,real
10610,MONTEGO BAY,JM,18.466667,-77.933333,S,CB,real
10620,FALMOUTH,JM,18.483333,-77.65,V,OR,real
10630,RIO BUENO,JM,18.466667,-77.466667,V,OR,real
10660,OCHO RIOS,JM,18.416667,-77.116667,V,CN,real
10710,PORT ANTONIO,JM,18.183333,-76.45,S,CN,real
10772,PORT ESQUIVEL,JM,17.883333,-77.133333,V,OR,real
10775,PORT KAISER,JM,17.866667,-77.6,V,OR,real
10800,SAVANNAH LA MAR,JM,18.2,-78.133333,V,OR,real
10820,JACMEL,HT,18.233333,-72.533333,V,OR,real
10860,MIRAGOANE,HT,18.45,-73.083333,V,OR,real
10870,PETIT GOAVE,HT,18.433333,-72.866667,V,OR,real
10880,PORT AU PRINCE,HT,18.55,-72.35,M,OR,real
10370,SANTIAGO DE CUBA,CU,20.016667,-75.833333,M,CN,real
9760,PUERTO CABEZAS,NI,14.016667,-83.383333,V,OR,real
9810,PUERTO LIMON,CR,9.983333,-83.016667,V,CB,real
9825,CHIRIQUI GRANDE,PA,8.95,-82.116667,V,OR,real
9830,ALMIRANTE,PA,9.3,-82.4,V,CN,real
9840,BOCAS DEL TORO,PA,9.333333,-82.233333,V,OR,real
9940,ST GEORGE'S,BM,32.383333,-64.683333,S,CN,real
9950,IRELAND ISLAND,BM,32.316667,-64.833333,M,CB,real
9960,HAMILTON,BM,32.3,-64.783333,S,CN,real
9985,FREEPORT,BS,26.516667,-78.783333,S,RB,real
9987,SOUTH RIDING POINT,BS,26.616667,-78.216667,V,CN,real
9990,NASSAU,BS,25.083333,-77.35,M,CN,real
10158,MANATI,CU,21.366667,-76.816667,S,RN,real
10470,GUAYABAL,CU,20.7,-77.616667,S,OR,real
11718,ANSE TEMBLADORA,TT,10.683333,-61.583333,V,OR,real
11908,EL BOSQUE,CO,10.4,-75.533333,S,CN,real
11934,PUERTO PRODECO,CO,11.15,-74.216667,S,OR,real
48240,QALHAT LNG TERMINAL,OM,22.683333,59.4,V,OR,real
9675,COXEN HOLE,HN,16.316667,-86.55,V,CN,real
9769,EL BLUFF,NI,12.0,-83.7,V,CN,real
9355,ALTAMIRA,MX,22.483333,-97.85,V,RB,real
9370,TUXPAN,MX,20.95,-97.4,M,RN,real
9425,DOS BOCAS TERMINAL,MX,18.433333,-93.216667,V,OR,real
45110,ASHQELON,IL,31.666667,34.5,V,OR,real
45377,ASHTART OIL TERMINAL,TN,34.283333,11.383333,S,OR,real
45365,ZARZIS,TN,33.5,11.116667,V,CB,real
45368,DIDON TERMINAL,TN,33.783333,11.9,S,OR,real
40245,MELILLI OIL TERMINAL,IT,37.116667,15.25,V,OR,real
60431,TONGHAE,KR,37.533333,129.15,V,CB,real
59940,NINGBO,CN,29.883333,121.55,S,RN,real
45515,PORT METHANIER,DZ,36.883333,6.95,S,CB,real
45819,M BAO OIL TERMINAL,SN,14.716667,-17.4,V,OR,real
45823,LYNDIANE,SN,14.166667,-16.166667,V,RN,real
46161,FORCADOS OIL TERMINAL,NG,5.166667,5.183333,V,OR,real
46286,MOUDI MARINE TERMINAL,CM,4.116667,8.483333,V,OR,real
46287,EBOME MARINE TERMINAL,CM,2.8,9.816667,V,OR,real
46306,PUNTA EUROPA TERMINAL,GQ,3.783333,8.716667,V,OR,real
46320,MALABO,GQ,3.75,8.783333,S,CN,real
46330,LUBA,GQ,3.5,8.566667,V,CN,real
46375,SANTO ANTONIO,ST,1.65,7.45,V,CN,real
46380,SAO TOME,ST,0.35,6.733333,V,OR,real
46460,YOMBO TERMINAL,CG,-4.45,11.1,V,OR,real
46495,FUTILA TERMINAL,AO,-5.45,12.183333,V,OR,real
46488,KUITO OIL FIELD,AO,-5.466667,11.5,V,OR,real
340,RAUFARHOFN,IS,66.45,-15.933333,V,CN,real
420,NESKAUPSTADUR,IS,65.15,-13.683333,V,CN,real
35650,NEWHAVEN HARBOUR,GB,50.783333,0.05,V,RN,real
35690,RYE HARBOUR,GB,50.933333,0.766667,V,RN,real
450,BUDIR,IS,64.933333,-14.016667,V,CN,real
470,DJUPIVOGUR,IS,64.666667,-14.283333,V,CN,real
510,VESTMANNAEYJAR,IS,63.433333,-20.283333,S,CN,real
59930,HAIMEN,CN,28.683333,121.45,V,RN,real
35710,DOVER HARBOR,GB,51.116667,1.333333,S,CB,real
35715,RAMSGATE,GB,51.333333,1.416667,S,CB,real
35732,DUNKERQUE PORT OUEST,FR,51.066667,2.35,M,CT,real
35740,GRAVELINES,FR,51.0,2.116667,V,RT,real
35750,CALAIS,FR,50.966667,1.85,S,CB,real
12570,IQUITOS,PE,-3.75,-73.233333,S,RN,real
12585,ITAQUI,BR,-2.566667,-44.366667,S,CN,real
21690,STOKKMARKNES,NO,68.566667,14.916667,V,CB,real
21820,REINE,NO,67.933333,13.1,V,CN,real
21840,BALLSTAD,NO,68.066667,13.7,V,CN,real
21870,STAMSUND,NO,68.116667,13.85,V,CN,real
21880,HENNINGSVAER,NO,68.15,14.216667,V,OR,real
21900,SVOLVAER,NO,68.233333,14.583333,S,CN,real
21910,SKROVA HAVN,NO,68.166667,14.666667,V,CN,real
21920,BRETTESNES,NO,68.233333,14.85,V,CN,real
21950,LODINGEN,NO,68.416667,16.0,V,CN,real
21970,ULVIK,NO,68.566667,16.266667,V,RN,real
22010,LILANDSGRUNNEN,NO,68.483333,16.883333,V,CN,real
22030,NARVIK,NO,68.433333,17.416667,V,CB,real
22050,LITLE BALLANGEN,NO,68.333333,16.85,V,CN,real
22120,DRAG,NO,68.05,16.083333,V,CN,real
22140,KORSNES,NO,68.25,16.066667,V,CN,real
22160,TRANOY,NO,68.183333,15.666667,V,CN,real
22270,KJERRINGOY,NO,67.516667,14.766667,V,CN,real
22290,BODO,NO,67.283333,14.383333,V,CB,real
22295,LAKSELV,NO,67.366667,15.6,S,CN,real
22320,FAUSKE,NO,67.25,15.366667,V,CN,real
22350,ROGNAN,NO,67.1,15.416667,V,CN,real
22520,ORNES,NO,66.866667,13.716667,V,CN,real
22540,GLOMFJORD,NO,66.816667,13.983333,V,CN,real
22750,SANDNESSJOEN,NO,66.016667,12.633333,V,CN,real
22760,MO INLET,NO,66.316667,14.133333,S,OR,real
20910,KVALSUND,NO,70.5,23.983333,V,CN,real
20200,PORT MOLLER,US,55.983333,-160.566667,V,CN,real
20210,PORT HEIDEN,US,56.883333,-158.7,V,CN,real
20220,PILOT POINT,US,57.566667,-157.6,V,CN,real
20230,UGASHIK,US,57.533333,-157.416667,V,RN,real
20240,EGEGIK,US,58.2,-157.366667,V,CN,real
20250,NAKNEK,US,58.716667,-157.016667,V,CN,real
20270,KOGGIUNG,US,58.966667,-156.916667,V,CN,real
20280,EKUK,US,58.816667,-158.566667,V,OR,real
20290,CLARKS POINT,US,58.85,-158.55,V,OR,real
20300,DILLINGHAM,US,59.033333,-158.483333,V,CN,real
20305,PLATINUM,US,59.016667,-161.833333,V,CN,real
20310,BETHEL,US,60.816667,-161.716667,V,RN,real
20320,NASH HARBOR,US,60.2,-166.983333,V,OR,real
20330,KWIGUK,US,62.733333,-164.466667,V,RN,real
20340,KOTLIK,US,63.033333,-163.55,V,RN,real
20350,HAMILTON,US,62.9,-163.916667,V,RN,real
20360,ST MICHAEL,US,63.483333,-162.033333,V,OR,real
20370,UNALAKLEET,US,63.883333,-160.783333,V,OR,real
20390,SOLOMON,US,64.55,-164.4,V,OR,real
20400,NOME,US,64.5,-165.416667,S,OR,real
20410,GRANTLEY HARBOR,US,65.266667,-166.333333,V,OR,real
20420,SAVOONGA,US,63.683333,-170.4,V,OR,real
20425,SHISHMAREF,US,66.25,-166.083333,V,CN,real
20430,DEERING,US,66.083333,-162.733333,V,OR,real
20450,KOTZEBUE,US,66.916667,-162.583333,V,CN,real
9995,CLIFTON PIER,BS,25.0,-77.55,V,OR,real
10010,MATTHEW TOWN,BS,20.95,-73.683333,V,OR,real
10020,GRAND TURK,TC,21.433333,-71.15,V,OR,real
10080,CABANAS,CU,23.0,-82.966667,M,CN,real
10090,MARIEL,CU,22.983333,-82.75,S,CB,real
10100,BAHAI DE LA HABANA,CU,23.133333,-82.366667,L,CB,real
10120,CARDENAS,CU,23.05,-81.2,S,OR,real
10130,ISABELA DE SAGUA,CU,22.95,-80.0,S,OR,real
10150,NUEVITAS BAY,CU,21.55,-77.266667,L,CN,real
10230,ANTILLA,CU,20.833333,-75.733333,L,CN,real
10250,FELTON,CU,20.733333,-75.6,S,CN,real
10260,NICARO,CU,20.716667,-75.55,S,CN,real
9160,TEXAS CITY,US,29.383333,-94.916667,S,CN,real
9170,BAYTOWN,US,29.733333,-95.016667,V,CN,real
9210,NORSWORTHY,US,29.733333,-95.2,V,RN,real
9220,PASADENA,US,29.716667,-95.216667,V,RN,real
9230,SINCO,US,29.716667,-95.233333,V,RN,real
9240,HOUSTON,US,29.75,-95.283333,L,RT,real
9250,FREEPORT,US,28.95,-95.333333,V,RN,real
9260,PALACIOS,US,28.683333,-96.216667,V,CN,real
9270,PORT LAVACA,US,28.616667,-96.616667,V,CN,real
9280,PORT OCONNOR,US,28.45,-96.4,V,CN,real
9290,ROCKPORT,US,28.016667,-97.05,V,CN,real
9300,CORPUS CHRISTI,US,27.816667,-97.4,M,CN,real
9310,PORT ARANSAS,US,27.833333,-97.05,V,CN,real
9320,PORT INGLESIDE,US,27.816667,-97.183333,V,CN,real
9330,PORT ISABEL,US,26.083333,-97.2,V,CN,real
9340,BROWNSVILLE,US,25.95,-97.4,S,LC,real
9360,TAMPICO,MX,22.216667,-97.866667,M,RN,real
9380,VERACRUZ,MX,19.2,-96.133333,M,CB,real
9395,CAYO ARCAS TERMINAL,MX,20.166667,-91.983333,V,OR,real
9405,COATZACOALCOS,MX,18.15,-94.416667,S,RN,real
9420,MINATITLAN,MX,17.9,-94.583333,V,RN,real
46553,ESTRELA OIL FIELD,AO,-6.45,12.4,S,OR,real
46691,NORTH POINT,SH,-7.883333,-14.366667,S,OR,real
11782,SALINA,BQ,12.083333,-68.283333,V,OR,real
11821,SINT MICHELSBAAI,CW,12.133333,-69.016667,V,OR,real
11901,COVENAS OFFSHORE TERM.,CO,9.5,-75.733333,V,OR,real
12230,EL GUAMACHE,VE,10.9,-64.1,V,OR,real
12491,VILA DO CONDE,BR,-1.55,-48.75,V,RN,real
12661,GUAMARE OIL TERMINAL,BR,-4.866667,-36.283333,V,OR,real
46171,UKPOKITI MARINE TERMINAL,NG,5.716667,4.833333,V,OR,real
13965,SAN SEBASTIAN BAY,AR,-53.166667,-68.5,S,CN,real
13981,VILLA CONSTITUCION,AR,-33.3,-60.333333,V,RN,real
14075,PUERTO WILLIAMS,CL,-54.933333,-67.6,V,OR,real
14671,CALETA PATILLOS,CL,-20.733333,-70.2,V,CN,real
53133,JAYAPURA,ID,-2.533333,140.716667,S,CN,real
15645,ACAJUTLA OFFSHORE TERMINAL,SV,13.583333,-89.866667,V,OR,real
51440,DILI,TL,-8.533333,125.583333,S,CN,real
51400,KUPANG,ID,-10.166667,123.583333,S,CN,real
15423,VACAMONTE,PA,8.866667,-79.666667,V,OR,real
10280,CAYO MOA GRANDE,CU,20.666667,-74.9,S,CB,real
34390,NEW ROSS,IE,52.383333,-6.95,S,RN,real
34190,CASTLETOWN BEARHAVEN,IE,51.65,-9.916667,V,CN,real
34200,KILRUSH,IE,52.633333,-9.5,V,RT,real
18792,GOLD RIVER,CA,49.683333,-126.116667,V,RN,real
23139,STURA,NO,60.616667,4.85,V,OR,real
25700,SANDARNE,SE,61.266667,17.183333,S,CN,real
26720,DOMSJO,SE,63.266667,18.733333,V,CN,real
26880,OBBOLA,SE,63.7,20.333333,V,CN,real
27535,VEITSILUOTO,FI,65.7,24.616667,S,CN,real
27740,PORI,FI,61.483333,21.8,L,CN,real
27990,PARGAS,FI,60.283333,22.066667,V,CN,real
29455,NYKOBING (MOR),DK,56.766667,11.866667,V,CB,real
29546,GULFHAVEN,DK,55.2,11.266667,V,OR,real
2975,CONTRECOUR,CA,45.883333,-73.2,V,RN,real
1335,GOOSE BAY,CA,53.366667,-60.3,V,CN,real
43155,AYIOS NIKOLAOS,GR,35.2,25.716667,V,CN,real
43340,GEMLIK,TR,40.416667,29.116667,V,OR,real
12650,PORTO DE MUCURIPE,BR,-3.716667,-38.483333,S,OR,real
12690,NATAL,BR,-5.783333,-35.2,S,RN,real
12760,PORT DE ARACAJU,BR,-10.916667,-37.05,S,RN,real
12770,PORT DE SALVADOR,BR,-12.966667,-38.516667,M,CB,real
12850,VITORIA,BR,-20.316667,-40.333333,M,RN,real
12855,TUBARAO,BR,-20.283333,-40.25,L,CB,real
12920,RIO DE JANEIRO,BR,-22.9,-43.166667,L,CN,real
12930,NITEROI,BR,-22.883333,-43.116667,S,CN,real
12980,PARANAGUA,BR,-25.5,-48.516667,S,CN,real
13000,SAO FRANCISCO,BR,-26.25,-48.633333,S,RN,real
13120,MONTEVIDEO,UY,-34.9,-56.216667,M,CB,real
13140,COLONIA,UY,-34.466667,-57.85,V,OR,real
13150,NUEVA PALMIRA,UY,-33.883333,-58.416667,V,RN,real
13250,PUERTO DE ASUNCION,PY,-25.266667,-57.683333,V,RN,real
13560,SANTA FE,AR,-31.65,-60.7,S,RN,real
13610,SAN LORENZO,AR,-32.75,-60.733333,V,RN,real
13630,ROSARIO,AR,-32.95,-60.633333,M,RN,real
13670,SAN PEDRO,AR,-33.583333,-59.816667,V,RN,real
13690,PUERTO IBICUY,AR,-33.75,-59.183333,V,RN,real
13740,CONCEPCION DEL URUGUAY,AR,-32.483333,-58.233333,S,RN,real
13760,BUENOS AIRES,AR,-34.6,-58.366667,L,CB,real
13790,QUEQUEN,AR,-38.583333,-58.7,V,CB,real
13800,PUERTO ROSALES,AR,-38.933333,-62.066667,V,CB,real
20470,WAINWRIGHT,US,70.65,-160.0,V,OR,real
20480,BARROW,US,71.283333,-156.783333,V,OR,real
20483,PRUDHOE BAY,US,70.333333,-148.416667,V,CN,real
20486,BERNARD HARBOR,US,70.133333,-143.633333,V,OR,real
20491,TUKTOYAKTUK,CA,69.45,-133.0,V,CN,real
20492,POLICE POINT,CA,70.183333,-124.75,V,CN,real
20493,PAULATUK,CA,69.35,-124.083333,S,CN,real
20494,PEARCE POINT,CA,69.816667,-122.75,V,CN,real
20495,TYSOE POINT,CA,69.6,-120.75,V,CN,real
20496,SACHS HARBOR,CA,71.966667,-125.25,V,CN,real
20497,CAPE YOUNG,CA,68.933333,-116.933333,V,OR,real
20498,BERNARD HARBOR,CA,68.783333,-114.766667,S,CN,real
20499,LADY FRANKLIN POINT,CA,68.483333,-113.266667,V,CN,real
20500,COPPERMINE,CA,67.8,-115.05,V,RN,real
20510,CAMBRIDGE BAY,CA,69.116667,-105.066667,V,CN,real
20520,RESOLUTE BAY,CA,74.683333,-95.9,V,CN,real
20560,BARENTSBURG,XR,78.066667,14.233333,V,CN,real
20570,LONGYEARBYEN,XR,78.2,15.7,V,CN,real
20580,NY ALESUND,XR,78.916667,11.95,V,CN,real
20650,KIRKENES,NO,69.733333,30.05,S,CN,real
20690,VADSO,NO,70.066667,29.75,S,CB,real
20695,BATSFJORDEN,NO,70.633333,29.733333,S,CN,real
20700,VARDO,NO,70.366667,31.116667,S,CN,real
20710,BERLEVAG,NO,70.866667,29.1,V,OR,real
20740,KJOLLEFJORDEN,NO,70.95,27.333333,V,CN,real
20800,HONNINGSVAG,NO,70.983333,26.0,S,CN,real
20180,MASSACRE BAY,US,52.833333,173.233333,V,CN,real
20190,VILLAGE COVE,US,57.133333,-170.266667,V,OR,real
19740,SAN JUAN CANNERY,US,60.05,-148.066667,V,CN,real
19750,LATOUCHE,US,60.05,-148.066667,V,CN,real
19760,SEWARD,US,60.1,-149.433333,S,CN,real
19770,PORT GRAHAM,US,59.35,-151.816667,V,CN,real
19780,SELDOVIA,US,59.433333,-151.733333,V,CN,real
19781,HOMER,US,59.6,-151.416667,V,CN,real
19785,COAL POINT,US,59.6,-151.416667,V,CN,real
19788,NINILCHIK,US,60.05,-151.683333,V,CN,real
19790,KENAI,US,60.55,-151.266667,V,CN,real
19795,NIKISKI,US,60.683333,-151.4,V,CN,real
19800,ANCHORAGE,US,61.216667,-149.9,S,CN,real
19805,DRIFT RIVER,US,60.55,-152.133333,V,CN,real
19807,SNUG HARBOR,US,60.1,-152.583333,V,CN,real
19810,OUZINKIE,US,57.916667,-152.5,V,CN,real
19820,KODIAK,US,57.783333,-152.4,S,CN,real
19830,WOMENS BAY,US,57.716667,-152.516667,V,CN,real
19840,PORT HOBRON,US,57.166667,-153.166667,V,CN,real
19850,MCCORD,US,57.15,-153.2,V,CN,real
19860,THREE SAINTS BAY,US,57.116667,-153.5,V,CN,real
19870,TRAP POINT,US,57.0,-154.15,V,CN,real
19880,LAZY BAY,US,56.9,-154.25,V,CN,real
19890,KARLUK,US,57.566667,-154.45,V,OR,real
19900,UYAK,US,57.633333,-154.0,V,CN,real
19910,LARSEN BAY,US,57.533333,-153.983333,V,CN,real
19920,PORT OBRIEN,US,57.733333,-153.316667,V,CN,real
9490,CIUDAD DEL CARMEN,MX,18.633333,-91.866667,V,CB,real
9510,PROGRESO,MX,21.283333,-89.666667,V,OR,real
9550,SAN MIGUEL DE COZUMEL,MX,20.5,-86.966667,V,OR,real
9620,PUERTO BARRIOS,GT,15.733333,-88.6,S,OR,real
9625,SANTO THOMAS DE CASTILLA,GT,15.7,-88.616667,S,CN,real
9650,PUERTO CORTES,HN,15.833333,-87.95,S,OR,real
9660,TELA,HN,15.783333,-87.45,V,OR,real
9670,LA CEIBA,HN,15.783333,-86.8,V,OR,real
9680,TRUJILLO,HN,15.916667,-85.95,V,OR,real
9690,PUERTO CASTILLA,HN,16.0,-85.983333,V,OR,real
9100,PORT NECHES,US,30.0,-93.95,S,RN,real
9140,BEAUMONT,US,30.083333,-94.083333,M,RN,real
9150,GALVESTON,US,29.316667,-94.783333,L,CN,real
8580,JACKSONVILLE,US,30.316667,-81.65,M,RN,real
8590,ST AUGUSTINE,US,29.9,-81.316667,V,CN,real
8595,CANAVERAL HARBOR,US,28.7,-80.616667,V,CN,real
8600,FORT PIERCE,US,27.466667,-80.316667,V,CN,real
8610,PALM BEACH,US,26.766667,-80.05,V,CN,real
8630,PORT EVERGLADES,US,26.1,-80.116667,M,CN,real
8640,MIAMI,US,25.783333,-80.183333,S,CN,real
8660,KEY WEST,US,24.55,-81.816667,S,CN,real
8665,BOCA GRANDE,US,26.7,-82.333333,V,CN,real
8667,PORT MANATEE,US,27.633333,-82.566667,S,CT,real
8670,TAMPA,US,27.916667,-82.45,M,CN,real
8680,ST PETERSBURG,US,27.766667,-82.616667,S,CN,real
8700,TARPON SPRINGS,US,28.15,-82.766667,V,CN,real
8720,CARRABELLE,US,29.85,-84.666667,V,RN,real
8730,APALACHICOLA,US,29.716667,-84.983333,V,RN,real
8740,PORT ST JOE,US,29.816667,-85.316667,S,CN,real
8750,PANAMA CITY,US,30.133333,-85.65,S,CN,real
8760,PENSACOLA,US,30.4,-87.216667,S,CN,real
8770,MOBILE,US,30.683333,-88.116667,L,RN,real
8780,PASCAGOULA,US,30.35,-88.566667,S,RN,real
8790,BILOXI,US,30.383333,-88.883333,V,CN,real
8800,GULFPORT,US,30.35,-89.083333,S,CN,real
8810,SLIDELL,US,30.266667,-89.783333,V,LC,real
8820,MADISONVILLE,US,30.4,-90.15,V,RN,real
14940,CONCHAN OIL TERMINAL,PE,-12.166667,-77.0,V,OR,real
14955,LA PAMPILLA OIL TERMINAL,PE,-11.933333,-77.133333,V,OR,real
48267,ZIRKUH OIL FIELD,AE,24.866667,53.05,S,OR,real
48152,SALIF,YE,15.3,42.666667,V,CB,real
56270,BARBERS POINT TERMINAL,US,21.266667,-158.1,V,OR,real
45809,LAAYOUNE,EH,27.083333,-13.433333,V,CN,real
31375,ISLE OF GRAIN,GB,51.433333,0.7,S,CN,real
31560,FELIXSTOWE,GB,51.95,1.316667,V,RN,real
75,STRAUMSVIK,IS,64.05,-22.05,V,CN,real
185,BOLUNGAVIK,IS,66.166667,-23.233333,V,CB,real
280,DALVIK,IS,65.983333,-18.516667,V,CB,real
33145,KILKEEL,GB,54.05,-5.983333,V,CN,real
542,QUTDLEQ,GL,61.516667,-42.216667,V,CN,real
543,KUSANARTOQ,GL,61.766667,-42.216667,S,CN,real
34650,LIVERPOOL BAY TERMINAL,GB,53.533333,-3.55,V,OR,real
35700,FOLKESTONE HARBOUR,GB,51.083333,1.2,S,CB,real
42120,LAVRIO,GR,37.7,24.066667,V,CB,real
43925,RENI,UA,45.433333,28.3,V,RN,real
44345,SUPSA MARINE TERMINAL,GE,42.1,41.716667,V,OR,real
38083,LAJES,PT,38.4,-28.266667,V,CB,real
48635,NAVLAKHI,IN,22.95,70.45,V,OR,real
49685,YETAGUN MARINE TERMINAL,MM,13.05,96.85,V,OR,real
38090,ANGRA DO HEROISMO,PT,38.65,-27.216667,V,CN,real
38095,PRAIA DE VITORIA,PT,38.716667,-27.05,V,CN,real
38100,PONTA DELGADA,PT,37.733333,-25.666667,S,CB,real
38110,VILA DO PORTO,PT,36.933333,-25.15,V,CN,real
49845,SAPANGAR BAY,MY,6.083333,116.116667,S,CN,real
49875,MALONG MARINE TERMINAL,MY,4.633333,104.816667,V,OR,real
50300,SUNGAIGERONG,ID,-2.983333,104.833333,V,RN,real
50652,BLANGLANCANG,ID,5.233333,97.1,S,TH,real
50971,POLENG OIL FIELD,ID,-6.65,112.916667,V,OR,real
50441,PULAU BAAI,ID,-3.916667,102.283333,V,OR,real
50231,RAMBA,ID,-2.616667,104.133333,V,OR,real
2200,PORT DE BECANCOUR,CA,46.4,-72.383333,V,RN,real
51646,KUALA BELAIT,BN,4.633333,114.2,V,CN,real
49962,PELABUHAN SUNGAI UDANG,MY,2.25,102.133333,V,OR,real
13920,COMODORO RIVADAVIA,AR,-45.866667,-67.466667,V,CB,real
13930,PUERTO DESEADO,AR,-47.75,-65.9,V,RN,real
13970,RIO GRANDE,AR,-53.783333,-67.683333,V,RN,real
14000,STANLEY,FK,-51.7,-57.833333,M,CN,real
14060,GRYTVIKEN,GS,-54.266667,-36.5,V,CN,real
14080,PUNTA DELGADA,CL,-52.466667,-69.55,V,OR,real
14100,RADA PUNTA ARENAS,CL,-53.166667,-70.9,S,OR,real
14110,BAHIA AGUA FRESCA,CL,-53.383333,-70.966667,V,CN,real
14150,PUERTO YARTOU,CL,-53.883333,-70.15,V,CN,real
56350,ENITWETAK ISLAND,MH,11.333333,162.333333,V,OR,real
56370,KWAJALEIN,MH,8.716667,167.733333,V,OR,real
56590,POHNPEI HARBOR,FM,6.983333,158.2,S,CN,real
56600,MOEN,FM,7.433333,151.833333,V,OR,real
56760,KAVIENG HARBOR,PG,-2.583333,150.8,S,CN,real
56810,RABAUL,PG,-4.2,152.183333,S,CN,real
57005,RINGGI COVE,SB,-8.116667,157.1,S,CN,real
57320,NOUMEA,NC,-22.283333,166.433333,S,CN,real
57325,BAIE UGUE,NC,-21.15,165.55,V,OR,real
46454,M'BYA OIL TERMINAL,GA,-3.883333,10.933333,V,OR,real
46570,PORTO AMBOIM,AO,-10.733333,13.75,V,OR,real
46580,SUMBE,AO,-11.2,13.833333,V,OR,real
46690,JAMESTOWN,SH,-15.916667,-5.716667,V,OR,real
46710,EDINBURGH OF THE SEVEN SEAS,SH,-37.05,-12.3,V,OR,real
49830,PELABUHAN BASS,MY,6.316667,99.833333,V,CN,real
49850,PULAU PINANG,MY,5.416667,100.35,M,CN,real
49995,SERANGOON HARBOR,SG,1.4,103.95,V,CN,real
19930,DRY SPRUCE BAY,US,57.933333,-153.033333,V,CN,real
19950,PORT VITA,US,58.066667,-153.066667,V,CN,real
19970,BEAR ISLAND,US,58.45,-152.683333,V,CN,real
19980,HOGG ISLAND,US,58.466667,-152.683333,V,CN,real
19990,PORT WILLIAM,US,58.483333,-152.583333,V,CN,real
20000,KANATAK,US,57.566667,-156.033333,V,OR,real
20010,CHIGNIK,US,56.3,-158.4,V,CN,real
20020,IVANOF BAY,US,55.8,-159.466667,V,CN,real
20040,SAND POINT,US,55.333333,-160.533333,V,CN,real
20050,BARALOF BAY,US,55.233333,-160.533333,V,CN,real
20070,BELKOFSKI,US,55.083333,-162.033333,V,OR,real
20080,KING COVE,US,55.05,-162.316667,V,CN,real
20085,COLD BAY,US,55.2,-162.7,V,CN,real
20090,SANAK,US,54.483333,-162.816667,V,OR,real
20100,CANNERY BAY,US,53.7,-166.75,V,CN,real
20110,MAKUSHIN,US,53.766667,-166.983333,V,OR,real
20120,DUTCH HARBOR,US,53.9,-166.533333,S,CN,real
20130,UNALASKA,US,53.866667,-166.533333,V,CN,real
20135,PALISADES POINT,US,52.233333,-174.166667,V,CN,real
20150,CONSTANTINE HARBOR,US,51.4,179.3,V,CN,real
20160,KISKA,US,51.966667,177.55,V,CN,real
20170,ALCAN HARBOR,US,52.733333,174.066667,V,CN,real
19680,WHITTIER,US,60.833333,-148.666667,V,CN,real
19710,CRAB BAY,US,60.066667,-148.0,V,CN,real
19730,PORT ASHTON,US,60.066667,-148.05,V,CN,real
20175,SKOOT COVE,US,52.716667,174.066667,V,CN,real
19130,KETCHIKAN,US,55.333333,-131.65,S,CN,real
19140,WARD COVE,US,55.4,-131.733333,V,CN,real
19160,KNUDSON COVE,US,55.466667,-131.8,V,OR,real
19170,LORING,US,55.6,-131.633333,V,CN,real
19180,YES BAY,US,55.916667,-131.8,V,CN,real
19190,UNION BAY,US,55.766667,-132.216667,V,CN,real
19200,BURNETT INLET,US,56.066667,-132.466667,V,CN,real
19210,WRANGELL,US,56.466667,-132.383333,S,CN,real
19220,KASAAN,US,55.533333,-132.4,V,CN,real
19230,ROSE INLET,US,54.95,-132.966667,V,CN,real
19240,HYDABURG,US,55.2,-132.833333,V,CN,real
19250,WATERFALL,US,55.3,-133.233333,V,OR,real
19260,CRAIG,US,55.466667,-133.15,V,CN,real
19270,KLAWOCK,US,55.55,-133.1,V,CN,real
19280,STEAMBOAT BAY,US,55.533333,-133.633333,V,CN,real
19290,FISHERMANS HARBOR,US,55.966667,-133.8,V,CN,real
19300,PETERSBURG,US,56.816667,-132.95,S,CN,real
19310,KAKE,US,56.966667,-133.933333,V,OR,real
19320,WASHINGTON BAY,US,56.733333,-134.35,V,CN,real
19330,BAY OF PILLARS,US,56.6,-134.233333,V,CN,real
19370,BIG PORT WALTER,US,56.383333,-134.733333,V,CN,real
19375,LITTLE PORT WALTER,US,56.383333,-134.633333,V,CN,real
19380,PORT ARMSTRONG,US,56.3,-134.666667,V,CN,real
19390,PORT CONCLUSION,US,56.25,-134.683333,V,CN,real
19400,PORT ALEXANDER,US,56.25,-134.65,V,CN,real
19410,SITKA,US,57.05,-135.333333,S,CN,real
19430,KIMSHAN COVE,US,57.683333,-136.116667,V,CN,real
19440,PELICAN,US,57.966667,-136.233333,V,CN,real
8830,PORT SULPHUR,US,29.483333,-89.683333,V,RN,real
8850,GRETNA,US,29.916667,-90.066667,V,RN,real
8860,NEW ORLEANS,US,29.95,-90.05,L,RN,real
8870,PORT OF MEMPHIS,US,35.066667,-90.166667,S,RN,real
8920,ST ROSE,US,29.95,-90.316667,V,RN,real
8930,RESERVE,US,30.05,-90.55,V,RN,real
8940,DESTREHAN,US,29.95,-90.366667,V,RN,real
8970,BATON ROUGE,US,30.45,-91.183333,S,RN,real
8980,LOOP TERMINAL,US,28.883333,-90.016667,L,OR,real
8990,GRAND ISLE,US,29.233333,-90.0,V,CN,real
9000,MORGAN CITY,US,29.7,-91.216667,V,RN,real
9030,HAYMARK TERMINAL,US,30.133333,-93.316667,V,RN,real
9040,LAKE CHARLES,US,30.216667,-93.25,S,RN,real
9050,SABINE,US,29.716667,-93.866667,V,CN,real
9060,SABINE PASS,US,29.733333,-93.9,V,CN,real
9070,ORANGE,US,30.083333,-93.733333,V,RN,real
9080,PORT ARTHUR,US,29.833333,-93.966667,M,LC,real
8550,BRUNSWICK,US,31.15,-81.5,S,RN,real
8560,FERNANDINA BEACH,US,30.683333,-81.466667,S,RN,real
8570,MAYPORT,US,30.4,-81.433333,V,RN,real
8115,PAULSBORO,US,39.85,-75.25,V,RN,real
8120,GLOUCESTER,US,39.9,-75.133333,S,RN,real
8130,CAMDEN,US,39.95,-75.133333,M,RN,real
8140,BURLINGTON,US,40.083333,-74.866667,V,RN,real
8150,BRISTOL,US,40.1,-74.85,V,RN,real
8160,TRENTON,US,40.2,-74.766667,V,RN,real
8170,OCEAN CITY,US,38.333333,-75.083333,V,CN,real
8180,CAPE CHARLES,US,37.266667,-76.016667,V,CN,real
8190,SALISBURY,US,38.366667,-75.6,V,RN,real
8200,HAVRE DE GRACE,US,39.533333,-76.083333,V,RN,real
8210,BALTIMORE,US,39.266667,-76.583333,L,RN,real
8225,ANNAPOLIS,US,38.983333,-76.483333,V,RN,real
8227,SOLOMONS ISLAND,US,38.316667,-76.45,V,RN,real
8230,WASHINGTON D.C.,US,38.866667,-77.033333,S,RN,real
8240,ALEXANDRIA,US,38.8,-77.033333,S,RN,real
8245,PINEY POINT,US,38.133333,-76.533333,V,RN,real
8250,YORKTOWN,US,37.233333,-76.5,V,RN,real
8260,WEST POINT,US,37.533333,-76.8,V,RN,real
8270,FREDERICKSBURG,US,38.3,-77.45,V,RN,real
8280,NORFOLK,US,36.85,-76.3,L,RN,real
8290,PORTSMOUTH,US,36.816667,-76.3,S,RN,real
8300,NEWPORT NEWS,US,36.966667,-76.433333,M,CN,real
8318,WARWICK,US,37.45,-77.416667,S,RN,real
8320,RICHMOND,US,37.533333,-77.416667,V,RN,real
8325,ELIZABETH CITY,US,36.3,-76.216667,V,RN,real
49982,JOHOR,MY,1.433333,103.9,L,RN,real
51855,NORTH PULAU LAUT COAL TERMINAL,ID,-3.2,116.283333,V,OR,real
51865,TANAH MERAH,ID,-1.816667,116.166667,V,CN,real
51803,TANJUNG SANGATA,ID,0.366667,117.566667,V,OR,real
50516,TANJUNG BALAI KARIMUN,ID,0.983333,103.433333,V,CN,real
50518,KUALA TANJUNG,ID,3.366667,99.483333,V,OR,real
50055,SEKUPANG,ID,1.133333,103.916667,V,OR,real
50932,TANJUNG GEREM,ID,-5.966667,105.983333,V,OR,real
61875,EASTERN PART OF NIIGATA-KO,JP,38.016667,139.233333,S,CB,real
61379,FUNABASHI,JP,35.666667,139.95,V,CB,real
61353,SOMA,JP,37.833333,140.95,V,CB,real
61695,HIKARI,JP,33.95,131.933333,S,CN,real
61862,HIMEKAWA,JP,37.033333,137.85,V,CN,real
61564,HIROHATA,JP,34.766667,134.633333,V,CB,real
62118,HIBIKINADA,JP,33.933333,130.833333,V,CN,real
61932,MEGA,JP,34.783333,134.7,V,CB,real
61642,MITSUKOJIMA,JP,34.183333,132.516667,V,CN,real
62333,MATSU-SHIMA,JP,32.933333,129.6,V,OR,real
61664,NAMIKATA,JP,34.116667,132.9,V,OR,real
61277,NOSHIRO KO,JP,40.216667,140.0,V,CN,real
61760,SAKAIMINATO,JP,35.533333,133.233333,V,CN,real
61566,SHIKAMA,JP,34.766667,134.65,S,CB,real
62115,TOBATA,JP,33.916667,130.816667,V,CN,real
62113,YANAI,JP,33.95,132.133333,V,OR,real
62121,YAHATA,JP,33.866667,130.816667,S,RB,real
61541,YURA,JP,33.95,135.1,,,real
56945,QUEEN CAROLA HARBOR,PG,-5.166667,154.55,V,CN,real
60385,CHINAE,KR,35.133333,128.65,S,CN,real
53318,CAPE FLATTERY HARBOR,AU,-14.95,145.35,S,OR,real
45814,NOUAKCHOTT,MR,18.033333,-16.033333,S,OR,real
56840,BIALLA,PG,-5.3,150.983333,V,CN,real
48257,PORT OF SOHAR,OM,24.516667,56.633333,S,CB,real
20060,UNGA,US,55.183333,-160.5,V,OR,real
20097,AKUTAN HARBOR,US,54.133333,-165.8,V,CN,real
20140,ADAK NAVAL AIR STATION,US,51.866667,-176.633333,S,CB,real
19585,PORT CHILKOOT,US,59.233333,-135.433333,V,CN,real
19639,ORCA,US,60.583333,-145.716667,V,CN,real
48298,AL SHAHEEN TERMINAL,QA,26.583333,52.0,V,OR,real
48300,AL RAYYAN TERMINAL,QA,26.65,51.55,V,OR,real
50000,KEPPEL - (EAST SINGAPORE),SG,1.283333,103.85,L,CN,real
50017,JURONG ISLAND,SG,1.283333,103.733333,L,CN,real
35790,SAINT-VALERY-SUR-SOMME,FR,50.183333,1.616667,V,CB,real
35800,LE TREPORT,FR,50.066667,1.366667,V,RT,real
35810,DIEPPE,FR,49.933333,1.083333,S,LC,real
35835,PORT DU HAVRE-ANTIFER,FR,49.65,0.15,S,CB,real
35840,PORT OF LE HAVRE,FR,49.483333,0.116667,L,RT,real
57446,SATTAHIP,TH,12.616667,100.916667,M,CB,real
10110,MATANZAS,CU,23.05,-81.55,S,CN,real
35850,PORT OF ROUEN,FR,49.45,1.066667,L,RN,real
10160,PUERTO PADRE,CU,21.283333,-76.533333,S,CN,real
10270,BAHIA DE SAGUA DE TANAMO,CU,20.683333,-75.333333,L,OR,real
10320,PUERTO GUANTANAMO,CU,19.983333,-75.133333,L,CN,real
35870,DEAUVILLE,FR,49.366667,0.083333,V,LC,real
35880,PORT DE CAEN,FR,49.183333,-0.35,S,LC,real
35885,OUISTREHAM,FR,49.283333,-0.25,V,LC,real
19450,ELFIN COVE,US,58.2,-136.35,V,CN,real
19460,HOONAH,US,58.116667,-135.45,V,CN,real
19470,TENAKEE SPRINGS,US,57.783333,-135.2,V,CN,real
19480,CHATHAM,US,57.516667,-134.933333,V,CN,real
19490,TODD,US,57.466667,-135.05,V,CN,real
19510,HOOD BAY,US,57.4,-134.5,V,CN,real
19520,HAWK INLET,US,58.116667,-134.75,V,CN,real
19530,FUNTER,US,58.25,-134.9,V,CN,real
19550,DUPONT,US,58.233333,-134.266667,V,CN,real
19580,JUNEAU,US,58.3,-134.416667,S,CN,real
19588,HAINES,US,59.233333,-135.433333,V,CN,real
19589,TANANI POINT,US,59.283333,-135.45,V,CN,real
19590,SKAGWAY,US,59.45,-135.333333,V,CN,real
19600,LETNIKOF COVE,US,59.183333,-135.4,V,CN,real
19610,EXCURSION INLET,US,58.416667,-135.45,V,CN,real
19620,YAKUTAT,US,59.55,-139.733333,V,CN,real
19630,KATALLA,US,60.2,-144.533333,V,OR,real
19640,CORDOVA,US,60.55,-145.766667,S,CN,real
19650,SHEPARD POINT,US,60.633333,-145.666667,V,OR,real
19660,SWANPORT,US,61.083333,-146.4,V,OR,real
19110,METLAKATLA,US,55.133333,-131.566667,V,OR,real
19120,GEORGE INLET,US,55.383333,-131.466667,V,CN,real
19670,VALDEZ,US,61.116667,-146.25,V,CN,real
18665,BAMBERTON,CA,48.55,-123.516667,V,CN,real
18670,VICTORIA HARBOR,CA,48.433333,-123.383333,M,CB,real
18680,ESQUIMALT HARBOR,CA,48.433333,-123.433333,S,CN,real
18705,PORT SAN JUAN,CA,48.55,-124.433333,V,CN,real
18730,PORT ALBERNI,CA,49.233333,-124.816667,S,RN,real
18760,UCLUELET,CA,48.95,-125.55,V,CN,real
18780,CLAYOQUOT,CA,49.15,-125.916667,V,CN,real
18790,AHOUSAT,CA,49.283333,-126.066667,V,CN,real
18805,TAHSIS,CA,49.916667,-126.666667,V,CN,real
18818,BERGH COVE,CA,50.533333,-127.616667,V,CN,real
18820,PORT ALICE,CA,50.383333,-127.45,S,CN,real
18835,COAL HARBOR,CA,50.6,-127.583333,V,CN,real
18840,PORT HARDY,CA,50.716667,-127.483333,V,CN,real
18850,SOINTULA,CA,50.633333,-127.016667,V,CN,real
18860,ALERT BAY,CA,50.583333,-126.933333,V,CN,real
18872,PORT MCNEILL,CA,50.583333,-127.083333,V,CN,real
18890,BELLA COOLA,CA,52.366667,-126.8,V,CN,real
18915,BELLA BELLA,CA,52.166667,-128.15,V,CN,real
18916,KLEMTU,CA,52.6,-128.516667,V,CN,real
18920,BUTEDALE,CA,53.166667,-128.683333,V,CN,real
18923,KEMANO BAY,CA,53.483333,-128.133333,V,RB,real
18925,KITIMAT,CA,54.0,-128.683333,S,CN,real
18942,PORPOISE HARBOR,CA,54.216667,-130.283333,V,CN,real
18950,PRINCE RUPERT,CA,54.316667,-130.333333,M,CN,real
18960,PORT SIMPSON,CA,54.566667,-130.433333,V,CN,real
18980,STEWART,CA,55.933333,-130.0,V,CN,real
8330,HERTFORD,US,36.183333,-76.466667,V,RN,real
8340,EDENTON,US,36.05,-76.616667,V,CN,real
8350,PLYMOUTH,US,35.866667,-76.75,V,RN,real
8370,COLUMBIA,US,35.916667,-76.25,V,RN,real
8380,BELHAVEN,US,35.616667,-76.616667,V,RN,real
8390,WASHINGTON,US,35.55,-77.05,V,RN,real
8400,BAYBORO,US,35.15,-76.766667,V,RN,real
8410,NEW BERN,US,35.1,-77.05,V,RB,real
8420,BEAUFORT,US,34.716667,-76.666667,V,CN,real
8430,MOREHEAD CITY,US,34.716667,-76.7,V,CN,real
8440,SWANSBORO,US,34.683333,-77.133333,V,CN,real
8460,WRIGHTSVILLE,US,34.216667,-77.816667,S,CN,real
8470,WILMINGTON,US,34.233333,-77.95,M,RN,real
8480,SOUTHPORT,US,33.916667,-78.016667,V,RN,real
8490,GEORGETOWN,US,33.366667,-79.283333,V,RN,real
8500,CHARLESTON,US,32.783333,-79.916667,S,RN,real
8510,PORT ROYAL,US,32.366667,-80.683333,V,RN,real
8520,BEAUFORT,US,32.433333,-80.666667,V,RN,real
8530,SAVANNAH,US,32.083333,-81.083333,M,RN,real
8540,DARIEN,US,31.366667,-81.433333,V,RN,real
8110,PHILADELPHIA,US,39.95,-75.133333,L,RN,real
7630,BROOKLYN,US,40.666667,-74.016667,L,RN,real
7640,NEW YORK CITY,US,40.7,-74.016667,L,RN,real
7641,PATCHOGUE,US,40.75,-73.016667,V,RN,real
7650,YONKERS,US,40.933333,-73.9,S,RN,real
7660,NEWBURGH,US,41.5,-74.0,V,RN,real
7670,POUGHKEEPSIE,US,41.7,-73.95,V,RN,real
7680,KINGSTON,US,41.933333,-73.966667,S,RN,real
7690,CATSKILL,US,42.216667,-73.85,V,RN,real
7720,ALBANY,US,42.65,-73.75,M,RN,real
7730,RENSSELAER,US,42.65,-73.75,V,RN,real
7740,TROY,US,42.733333,-73.7,V,RN,real
7750,EDGEWATER,US,40.816667,-73.983333,V,RN,real
7760,WEEHAWKEN,US,40.766667,-74.016667,S,RN,real
7770,HOBOKEN,US,40.75,-74.016667,M,RN,real
7780,JERSEY CITY,US,40.716667,-74.033333,M,RN,real
7790,BAYONNE,US,40.683333,-74.1,M,RN,real
7810,NEWARK,US,40.7,-74.15,M,RB,real
7820,ELIZABETHPORT,US,40.65,-74.183333,S,CN,real
7830,STAPLETON SI,US,40.633333,-74.066667,S,CN,real
7840,TOMPKINSVILLE SI,US,40.633333,-74.066667,M,CN,real
7850,PORT RICHMOND SI,US,40.65,-74.133333,S,CN,real
7860,MARINERS HARBOR SI,US,40.633333,-74.166667,S,CN,real
7870,GULFPORT SI,US,40.633333,-74.2,S,RN,real
48198,NISHTUN,YE,15.816667,52.2,V,CN,real
48374,DOHA HARBOR,KW,29.383333,47.8,V,CN,real
48495,BANDAR-E SHAHID REAJIE,IR,27.1,56.066667,S,CB,real
48520,BANDAR ABBAS,IR,27.15,56.2,M,CB,real
48533,BANDAR TAHERI OFFSHORE TERMINAL,IR,27.65,52.35,V,CN,real
48259,KHAWR KHASAB,OM,26.216667,56.233333,S,CN,real
48370,AL KUWAYT,KW,29.35,47.933333,V,CN,real
48175,AL MUKHA,YE,13.316667,43.25,M,CN,real
48202,ASH SHIHR OIL TERMINAL,YE,14.733333,49.5,V,CN,real
45084,HADERA,IL,32.466667,34.9,V,OR,real
48053,RAS SUDR,EG,29.583333,32.7,V,OR,real
45151,DAMIETTA,EG,31.483333,31.75,L,CB,real
45140,BUR SAID (PORT SAID),EG,31.266667,32.3,L,LC,real
45175,EL HAMRA OIL TERMINAL,EG,30.983333,28.866667,V,OR,real
46545,SOYO ANGOLA LNG TERMINAL,AO,-6.116667,12.333333,V,RN,real
45180,MERSA MATRUH,EG,31.35,27.233333,V,CB,real
47974,HAMRAWEIN,EG,26.25,34.2,V,OR,real
48310,AL MANAMAH,BH,26.233333,50.583333,S,CN,real
48440,KHOSROWABAD,IR,30.166667,48.416667,V,RN,real
45337,BOURI OIL FIELD,LY,33.9,12.65,V,OR,real
45323,KHOMS,LY,32.666667,14.25,V,CN,real
45444,MENZEL BOURGUIBA,TN,37.15,9.8,S,LC,real
45432,RADES,TN,36.816667,10.3,V,CB,real
45525,DJEN-DJEN,DZ,36.816667,5.883333,V,CB,real
45802,AGADIR,MA,30.433333,-9.633333,L,CB,real
45796,EL JORF LASFAR,MA,33.116667,-8.616667,S,CB,real
46008,ESPOIR MARINE TERMINAL,CI,5.05,-4.45,V,OR,real
45970,BAOBAB MARINE TERMINAL,CI,4.966667,-4.55,V,OR,real
46235,ODUDU TERMINAL,NG,4.0,7.766667,V,OR,real
46238,OKONO TERMINAL,NG,3.983333,7.3,V,OR,real
46240,OKWORI TERMINAL,NG,3.85,6.983333,V,OR,real
46208,ONNE,NG,4.683333,7.15,V,RN,real
45163,EL MAADIYA,EG,31.266667,30.15,V,CB,real
45165,AL ISKANDARIYH (ALEXANDRIA),EG,31.166667,29.833333,L,CB,real
46549,GIRASSOL TERMINAL,AO,-7.65,11.683333,V,OR,real
48630,KANDLA,IN,23.033333,70.216667,S,RN,real
35980,ALDERNEY HARBOUR,GB,49.733333,-2.2,V,CB,real
35990,SAINT SAMPSON,GB,49.483333,-2.516667,V,CB,real
36000,SAINT PETER PORT,GB,49.45,-2.533333,S,CB,real
36110,GRANVILLE,FR,48.833333,-1.6,V,CT,real
36130,SAINT-MALO,FR,48.65,-2.016667,S,CT,real
36220,LE LEGUE,FR,48.533333,-2.75,V,RT,real
51180,PROBOLINGGO,ID,-7.716667,113.216667,V,OR,real
51280,AMPENAN,ID,-8.566667,116.066667,V,OR,real
51350,WAINGAPU,ID,-9.633333,120.216667,V,OR,real
10550,NUEVA GERONA,CU,21.916667,-82.8,V,OR,real
10580,GEORGETOWN,KY,19.3,-81.383333,V,OR,real
10585,CAYMAN BRAC,KY,19.75,-79.75,V,OR,real
51870,STAGEN,ID,-3.3,116.15,V,CN,real
51910,SAMPIT,ID,-2.516667,113.0,V,RN,real
52065,BITUNG,ID,1.433333,125.183333,V,CN,real
52220,LUWUK,ID,-0.95,122.8,V,OR,real
19000,MASSET HARBOR,CA,54.016667,-132.15,V,CN,real
19030,PORT CLEMENTS,CA,53.683333,-132.183333,V,CN,real
19050,QUEEN CHARLOTTE,CA,53.25,-132.083333,V,CN,real
19055,ALLIFORD BAY,CA,53.216667,-131.983333,V,CN,real
19090,HYDER,US,55.916667,-130.0,V,CN,real
19100,HIDDEN INLET,US,54.95,-130.333333,V,LC,real
18630,LYALL HARBOR,CA,48.8,-123.2,V,CN,real
18650,HOPE BAY,CA,48.8,-123.283333,V,CN,real
18660,SIDNEY,CA,48.65,-123.383333,V,CN,real
17940,ROCHE  HARBOR,US,48.616667,-123.166667,V,CN,real
17990,ORCAS,US,48.6,-122.933333,V,CN,real
18040,ANACORTES,US,48.516667,-122.616667,S,CN,real
18050,BELLINGHAM,US,48.75,-122.5,S,CN,real
18055,CHERRY POINT,US,48.866667,-122.75,V,CN,real
18060,SEMIAHMOO,US,48.983333,-122.766667,V,CN,real
18070,BLAINE,US,49.0,-122.75,V,CN,real
18090,STEVESTON,CA,49.133333,-123.183333,V,RN,real
18100,NEW WESTMINSTER,CA,49.2,-122.916667,M,RN,real
18110,FRASER MILLS,CA,49.216667,-122.866667,V,RN,real
18130,PORT COQUITLAM,CA,49.266667,-122.783333,V,RN,real
18140,MISSION CITY,CA,49.116667,-122.25,V,RN,real
18150,VANCOUVER,CA,49.283333,-123.116667,L,CN,real
18160,PORT MOODY,CA,49.283333,-122.883333,V,CN,real
18210,SQUAMISH,CA,49.683333,-123.15,V,RN,real
18235,PORT MELLON,CA,49.516667,-123.483333,V,CN,real
18330,WESTVIEW,CA,49.833333,-124.516667,V,CB,real
18340,POWELL RIVER,CA,49.866667,-124.533333,S,CB,real
18441,DUNCAN BAY,CA,50.066667,-125.283333,V,CN,real
18450,CAMPBELL RIVER,CA,50.016667,-124.233333,V,CN,real
18460,COMOX HARBOR,CA,49.666667,-124.916667,S,CN,real
18518,NANOOSE HARBOR,CA,49.266667,-124.15,V,CN,real
18520,NANAIMO,CA,49.166667,-123.933333,S,CN,real
18525,HARMAC,CA,49.133333,-123.85,V,CN,real
18560,CHEMAINUS,CA,48.933333,-123.716667,V,CN,real
18570,CROFTON,CA,48.866667,-123.633333,V,CN,real
18580,COWICHAN BAY,CA,48.75,-123.616667,V,CN,real
18600,GANGES,CA,48.85,-123.483333,V,CN,real
17920,FRIDAY HARBOR,US,48.533333,-123.016667,V,CN,real
16880,WESTPORT,US,46.133333,-123.383333,V,RN,real
16890,RAINIER,US,46.083333,-122.933333,V,RN,real
16900,LONGVIEW,US,46.133333,-122.933333,S,RN,real
16920,KALAMA,US,46.016667,-122.85,V,RN,real
16930,ST HELENS,US,45.866667,-122.8,V,RN,real
16940,PORTLAND,US,45.516667,-122.666667,L,RN,real
16950,VANCOUVER,US,45.633333,-122.683333,M,RN,real
16960,CAMAS,US,45.583333,-122.4,V,RN,real
7890,PORT SOCONY,US,40.55,-74.25,S,RN,real
7895,BAYWAY,US,40.633333,-74.2,V,RN,real
7900,GRASSELLI,US,40.616667,-74.2,S,RN,real
7910,CARTERET,US,40.583333,-74.216667,S,RN,real
7920,CHROME,US,40.566667,-74.216667,S,RN,real
7930,PORT READING,US,40.566667,-74.233333,S,RN,real
7940,SEWAREN,US,40.55,-74.25,V,RN,real
7950,MAURER,US,40.533333,-74.25,V,RN,real
7960,PERTH AMBOY,US,40.5,-74.266667,S,RN,real
7970,SAYREVILLE,US,40.466667,-74.366667,V,CN,real
7980,SOUTH AMBOY,US,40.483333,-74.266667,S,CN,real
7990,LEONARDO,US,40.433333,-74.066667,S,CN,real
8000,BARNEGAT,US,39.766667,-74.1,V,CN,real
8020,ATLANTIC CITY,US,39.366667,-74.416667,V,CN,real
8025,SALEM NJ,US,39.666667,-75.483333,V,RN,real
8030,NEW CASTLE,US,39.65,-75.566667,V,RN,real
8040,DEEPWATER POINT,US,39.7,-75.516667,V,RN,real
8050,WILMINGTON,US,39.733333,-75.55,M,RN,real
8070,MARCUS HOOK,US,39.816667,-75.416667,S,RN,real
8080,CHESTER,US,39.85,-75.35,L,RN,real
7625,CITY ISLAND,US,40.85,-73.783333,V,CN,real
7210,GLOUCESTER,US,42.6,-70.666667,S,CN,real
7220,BEVERLY,US,42.533333,-70.883333,V,CN,real
7225,SALEM,US,42.516667,-70.883333,S,CN,real
7230,MARBLEHEAD,US,42.5,-70.85,V,CN,real
7240,LYNN,US,42.45,-70.95,V,CN,real
7250,BOSTON,US,42.35,-71.05,L,CN,real
7260,QUINCY,US,42.25,-70.966667,S,RN,real
7270,SCITUATE,US,42.2,-70.716667,V,CB,real
7280,PLYMOUTH,US,41.95,-70.666667,V,CN,real
7290,PROVINCETOWN,US,42.05,-70.183333,V,CN,real
7310,HYANNIS,US,41.65,-70.283333,V,CN,real
7315,HYANNIS PORT,US,41.633333,-70.3,V,CB,real
7320,FALMOUTH,US,41.55,-70.616667,V,CN,real
7330,NANTUCKET,US,41.283333,-70.1,V,CN,real
7340,EDGARTOWN,US,41.383333,-70.5,V,CN,real
7350,VINEYARD HAVEN,US,41.45,-70.6,V,CB,real
7360,WOODS HOLE,US,41.516667,-70.666667,V,CN,real
7370,NEW BEDFORD,US,41.633333,-70.916667,S,CN,real
7380,NEWPORT,US,41.5,-71.333333,S,CN,real
7400,FALL RIVER,US,41.7,-71.166667,V,CN,real
7405,TIVERTON,US,41.633333,-71.216667,S,RN,real
7410,BRISTOL,US,41.666667,-71.266667,V,CN,real
7420,PROVIDENCE,US,41.8,-71.4,M,RN,real
7430,QUONSET POINT,US,41.583333,-71.4,V,CN,real
7440,DAVISVILLE DEPOT,US,41.616667,-71.4,V,CN,real
46485,TAKULA TERMINAL,AO,-5.216667,11.783333,S,OR,real
47625,ANTSOHIM BONDRONA,MG,-13.083333,48.833333,V,CN,real
46292,KOME KRIBI 1 MARINE TERMINAL,CM,2.916667,9.8,V,OR,real
46262,LIMBOH TERMINAL,CM,3.983333,9.15,V,OR,real
46335,CEIBA TERMINAL,GQ,1.416667,9.233333,V,OR,real
46340,COGO,GQ,1.083333,9.7,V,RN,real
46310,SERPENTINA TERMINAL,GQ,3.8,8.083333,V,OR,real
45036,SIDON/ZAHRANI TERMINAL,LB,33.533333,35.316667,V,OR,real
44808,ANTALYA OFFSHORE TERMINAL,TR,36.816667,30.6,V,OR,real
44542,BOTAS NATURAL GAS TERMINAL,TR,41.0,27.983333,V,OR,real
44802,BOTAS DORTYOL OIL TERMINAL,TR,36.866667,36.133333,V,OR,real
44801,TOROS GUBRE,TR,36.916667,35.966667,V,OR,real
44803,YAKACIK,TR,36.716667,36.183333,V,CB,real
42327,CHALKIS,GR,38.466667,23.6,S,CN,real
44804,DELTA TERMINAL,TR,36.85,36.166667,V,OR,real
44740,DIKILI,TR,39.016667,26.816667,V,OR,real
44622,GEBZE,TR,40.766667,29.55,V,OR,real
44751,GULLUK,TR,37.25,27.616667,V,CB,real
44603,YARIMCA,TR,40.8,29.7,S,OR,real
44210,GELENDZHIK,RU,44.55,38.066667,V,CN,real
43566,CERNAVODA,RO,44.333333,28.05,V,RN,real
43558,BASARABI,RO,44.166667,28.433333,V,RN,real
43565,DANUBE-BLACK SEA CANAL,RO,44.266667,28.183333,M,LC,real
43562,MEDGIDIA,RO,44.25,28.266667,V,LC,real
43568,MIDIA,RO,44.35,28.666667,V,OR,real
43572,TULCEA,RO,45.166667,28.816667,V,RN,real
43700,BELGOROD-DNESTROVSKY,UA,46.183333,30.366667,V,CN,real
43677,DNIPRO-BUZKYY,UA,46.733333,31.883333,S,CB,real
43673,PORT OKTYABRSK,UA,46.833333,31.933333,V,CN,real
43747,UST-DUNAISK,UA,45.466667,29.7,V,CN,real
42600,KAVALA,GR,40.933333,24.4,S,CB,real
43334,ALIAGA,TR,38.833333,26.933333,V,CB,real
43388,AMBARLI,TR,40.966667,28.7,V,CN,real
43384,BORUSAN FERTILIZER JETTY,TR,40.416667,29.1,V,CN,real
42420,KYMASSI,GR,38.833333,23.466667,V,CN,real
42378,ASPROPIRGOS,GR,38.033333,23.6,V,OR,real
42434,ACHLADI,GR,38.9,22.816667,V,CN,real
42345,ASTAKOS,GR,38.483333,21.1,S,CN,real
43093,AKRA KAVONISI,GR,35.516667,23.633333,V,CB,real
52480,TELUK BEO,ID,4.233333,126.783333,V,CN,real
52560,PATANI,ID,0.366667,128.75,V,CN,real
52660,WAHAI,ID,-2.783333,129.5,V,CN,real
53000,MIEI,ID,-2.733333,134.5,V,CN,real
53020,TG. SORONG,ID,-0.883333,131.233333,S,OR,real
50922,MERAK MAS TERMINAL,ID,-5.916667,105.983333,M,CN,real
61380,TOKYO KO,JP,35.666667,139.75,L,CN,real
36290,PONTRIEUX,FR,48.7,-3.15,V,CB,real
36300,TREGUIER,FR,48.783333,-3.233333,V,RN,real
36360,MORLAIX,FR,48.583333,-3.833333,S,RT,real
36370,PORT DE ROSCOFF-BLOSCON,FR,48.733333,-3.983333,V,CB,real
10770,KINGSTON,JM,17.966667,-76.783333,M,CN,real
48650,BEDI,IN,22.516667,70.033333,V,RN,real
61465,MIKAWA,JP,34.716667,137.3,L,CB,real
48680,PORBANDAR,IN,21.633333,69.6,V,CB,real
11000,SANTA BARBARA DE SAMANA,DO,19.2,-69.333333,S,CN,real
10980,PUERTO PLATA,DO,19.8,-70.7,S,OR,real
10960,PEPILLO SALCEDO,DO,19.7,-71.75,V,OR,real
10930,CAP HAITIEN,HT,19.766667,-72.2,V,OR,real
11370,PHILLIPSBURG,SX,18.016667,-63.05,S,CN,real
11410,CHARLESTOWN,KN,17.133333,-62.633333,V,OR,real
11625,GRAND CUL DE SAC BAY,LC,13.983333,-61.016667,S,CN,real
16970,WASHOUGAL,US,45.583333,-122.35,V,RN,real
16980,THE DALLES,US,45.6,-121.183333,V,RN,real
17000,NAHCOTTA,US,46.5,-124.033333,V,CN,real
17010,SOUTH BEND,US,46.666667,-123.783333,S,RN,real
17020,RAYMOND,US,46.683333,-123.733333,S,RN,real
17030,WILLAPA HARBOR,US,46.683333,-123.75,V,RN,real
17040,WESTHAVEN COVE,US,46.916667,-124.116667,V,RN,real
17050,BAY CITY,US,46.866667,-124.066667,V,RN,real
17060,ABERDEEN,US,46.983333,-123.816667,S,RN,real
17080,HOQUIAM,US,46.966667,-123.9,S,RN,real
17090,LA PUSH,US,47.9,-124.633333,V,RN,real
17100,NEAH BAY,US,48.366667,-124.616667,V,CB,real
17110,SEKIU,US,48.266667,-124.3,V,CN,real
17120,PORT ANGELES,US,48.116667,-123.433333,S,CN,real
17160,PORT TOWNSEND,US,48.116667,-122.75,S,CN,real
17170,GLEN COVE,US,48.083333,-122.783333,V,CN,real
17190,HOODSPORT,US,47.416667,-123.133333,V,CN,real
17230,PORT GAMBLE,US,47.85,-122.583333,V,CN,real
17250,POULSBO,US,47.733333,-122.65,V,CN,real
17260,KEYPORT,US,47.7,-122.616667,V,CN,real
17320,WINSLOW,US,47.616667,-122.516667,V,CN,real
17330,CREOSOTE,US,47.616667,-122.5,V,CN,real
17350,FORT WARD,US,47.583333,-122.516667,V,CN,real
17380,EAST BREMERTON,US,47.566667,-122.616667,V,CN,real
17410,SILVERDALE,US,47.65,-122.7,V,CN,real
17430,BREMERTON,US,47.566667,-122.65,M,CN,real
17440,PORT ORCHARD,US,47.533333,-122.633333,V,CN,real
17550,QUARTERMASTER HARBOR,US,47.383333,-122.466667,V,CN,real
17650,SHELTON,US,47.216667,-123.1,V,CN,real
17660,OLYMPIA,US,47.05,-122.9,S,CN,real
17670,NISQUALLY HEAD,US,47.116667,-122.75,V,CN,real
17700,TACOMA,US,47.283333,-122.416667,M,CN,real
17730,SEATTLE,US,47.6,-122.333333,L,CN,real
17750,POINT WELLS,US,47.783333,-122.4,V,CN,real
17760,EDWARDS POINT,US,47.8,-122.4,V,CN,real
17780,MUKILTEO,US,47.95,-122.3,V,CN,real
17790,EVERETT,US,48.0,-122.216667,S,CN,real
17840,COUPEVILLE,US,48.233333,-122.683333,V,CN,real
17900,RICHARDSON,US,48.45,-122.9,V,CN,real
16840,WARRENTON,US,46.166667,-123.916667,V,RN,real
16850,ASTORIA,US,46.2,-123.833333,S,RN,real
16870,TONGUE POINT,US,46.2,-123.75,V,RN,real
16300,SAN FRANCISCO,US,37.816667,-122.416667,L,CN,real
16310,YERBABUENA ISLAND,US,37.816667,-122.366667,V,CN,real
16320,REDWOOD CITY,US,37.533333,-122.2,V,RN,real
16330,ALAMEDA,US,37.783333,-122.266667,S,CN,real
16340,OAKLAND,US,37.816667,-122.333333,L,CN,real
16360,BERKELEY,US,37.866667,-122.3,V,CN,real
16370,POINT RICHMOND,US,37.916667,-122.366667,S,CN,real
7450,MONTAUK HARBOR,US,41.066667,-71.933333,V,CB,real
7460,GREENPORT,US,41.1,-72.366667,V,CB,real
7470,STONINGTON,US,41.333333,-71.9,V,RN,real
7480,NOANK,US,41.316667,-71.983333,V,CN,real
7490,MYSTIC,US,41.35,-71.966667,V,RN,real
7500,NEW LONDON,US,41.35,-72.083333,S,RN,real
7510,NORWICH,US,41.516667,-72.083333,V,RN,real
7520,ESSEX,US,41.35,-72.383333,V,RN,real
7550,NEW HAVEN,US,41.233333,-72.916667,S,CB,real
7560,PORT JEFFERSON,US,40.95,-73.083333,V,CB,real
7570,BRIDGEPORT,US,41.166667,-73.183333,M,CB,real
7580,SOUTHPORT,US,41.133333,-73.283333,V,RN,real
7590,NORWALK,US,41.1,-73.416667,V,RN,real
7600,STAMFORD,US,41.033333,-73.55,V,RN,real
7610,GREENWICH,US,41.016667,-73.616667,V,CN,real
7620,PORT CHESTER,US,41.0,-73.666667,V,RN,real
7190,NEWBURYPORT,US,42.816667,-70.866667,V,RN,real
7200,ROCKPORT,US,42.666667,-70.616667,V,CB,real
6680,WINTER HARBOR,US,44.383333,-68.083333,V,CN,real
6690,SORRENTO,US,44.466667,-68.183333,V,CN,real
6700,BAR HARBOR,US,44.383333,-68.2,V,CN,real
6710,NORTHEAST HARBOR,US,44.3,-68.283333,V,CN,real
6720,SOUTHWEST HARBOR,US,44.283333,-68.316667,V,CN,real
6730,MOUNT DESERT,US,44.366667,-68.333333,V,CN,real
6740,FRENCHBORO,US,44.116667,-68.366667,V,CN,real
6750,MINTURN,US,44.15,-68.45,V,CN,real
6760,SWANS ISLAND,US,44.133333,-68.45,V,CN,real
6770,BASS HARBOR,US,44.233333,-68.35,V,CN,real
6780,ELLSWORTH,US,44.55,-68.416667,V,RN,real
6790,BROOKLIN,US,44.266667,-68.583333,V,CN,real
6800,BUCKS HARBOR,US,44.333333,-68.733333,V,CN,real
6810,STONINGTON,US,44.15,-68.666667,V,CN,real
6820,CRIEHAVEN,US,43.833333,-68.883333,V,CB,real
6830,MATINICUS,US,43.866667,-68.883333,V,CB,real
6840,VINALHAVEN,US,44.05,-68.833333,V,CN,real
6850,NORTH HAVEN,US,44.133333,-68.866667,V,CN,real
6860,CASTINE,US,44.383333,-68.733333,V,CN,real
6870,SANDYPOINT,US,44.516667,-68.816667,V,RN,real
6880,BUCKSPORT,US,44.566667,-68.783333,V,RN,real
6890,WINTERPORT,US,44.633333,-68.85,V,RN,real
6900,BANGOR,US,44.8,-68.766667,S,RN,real
6910,SEARSPORT,US,44.45,-68.916667,S,RN,real
6920,BELFAST,US,44.416667,-69.0,V,RN,real
6940,CAMDEN,US,44.216667,-69.066667,V,CN,real
6950,ROCKPORT,US,44.183333,-69.066667,V,CN,real
6960,ROCKLAND,US,44.1,-69.1,V,CB,real
43120,RETHIMNON,GR,35.366667,24.466667,V,CB,real
40980,ZALIV RASA,HR,45.05,14.066667,V,CN,real
41350,DUGI RAT,HR,43.45,16.65,V,CN,real
41420,KORCULA,HR,42.933333,17.133333,V,CN,real
40120,TERMINI IMERESE,IT,37.983333,13.7,V,CB,real
39720,PORTOFERRAIO,IT,42.816667,10.333333,S,OR,real
39460,ORISTANO,IT,39.866667,8.55,V,CB,real
40505,TORRE DEL GRECO,IT,40.783333,14.366667,V,CB,real
42070,SPETSES,GR,37.266667,23.166667,V,OR,real
38398,PUERTO DE GARRUCHA,ES,37.183333,-1.816667,V,CB,real
38543,VILLANUEVA Y GELTRU,ES,41.233333,1.733333,V,CB,real
34025,DROGHEDA,IE,53.716667,-6.3,V,RB,real
34196,VALENTIA,IE,51.933333,-10.3,V,CN,real
32702,RUNAVIK,FO,62.116667,-6.716667,V,CN,real
32676,VAGUR,FO,61.483333,-6.8,V,CN,real
35210,ST. MARY'S (SCILLY ISL.),GB,49.916667,-6.316667,S,CB,real
33577,BANGOR,GB,54.65,-5.666667,V,RB,real
31895,BIRD PORT,GB,51.566667,-2.966667,V,RN,real
34648,GARLSTON,GB,53.35,-2.9,V,RT,real
31665,HOWDENDYKE,GB,53.733333,-0.883333,V,RN,real
33780,KILROOT,GB,54.733333,-5.716667,S,CN,real
33985,LANCASTER,GB,54.05,-2.783333,S,RB,real
34685,MOSTYN,GB,53.316667,-3.266667,V,CN,real
31668,NEW HOLLAND,GB,53.7,-0.366667,V,OR,real
31430,TILBURY,GB,51.466667,0.333333,S,RT,real
33680,WARREN POINT,GB,54.1,-6.25,V,CN,real
31600,WISBECH,GB,52.666667,0.15,S,LC,real
30985,EEMSHAVEN,NL,53.45,6.833333,S,RB,real
31215,HANSWEERT,NL,51.45,4.0,V,CT,real
30695,BUSUM,DE,54.133333,8.866667,V,CN,real
30785,BUTZFLETH,DE,53.65,9.516667,S,OR,real
30725,ITZEHOE,DE,53.916667,9.516667,V,RN,real
30740,NEUHAUS,DE,53.8,9.033333,V,RN,real
28912,ORTH,DE,54.45,11.05,V,CB,real
30480,LEMVIG,DK,56.583333,8.283333,V,CB,real
29905,SKAERBAEK,DK,55.516667,9.616667,V,OR,real
30500,HOLSTEBRO-STUER,DK,56.5,8.583333,S,CB,real
30457,THISTED,DK,56.95,8.7,V,CB,real
28750,POLICE,PL,53.566667,14.566667,S,CN,real
28615,LIELUPE,LV,57.0,23.433333,V,RN,real
28605,SALACGRIVA,LV,57.7,24.366667,V,RN,real
28654,BUTINGE OIL TERMINAL,LT,56.033333,20.95,V,OR,real
29390,HUNDESTED,DK,55.966667,11.85,V,CB,real
61850,FUSHIKI-TOYAMA,JP,36.766667,137.133333,S,CB,real
11640,KINGSTOWN,VC,13.15,-61.233333,S,CN,real
11670,ST GEORGE'S,GD,12.05,-61.75,S,CN,real
11772,GALEOTA POINT TERMINAL,TT,10.133333,-60.983333,S,OR,real
61820,FUKUI KO,JP,36.183333,136.1,M,RN,real
11720,PORT OF SPAIN,TT,10.65,-61.516667,M,CN,real
11730,POINTE A PIERRE,TT,10.316667,-61.466667,S,OR,real
38610,IBIZA,ES,38.9,1.45,V,CB,real
11780,KRALENDIJK,BQ,12.15,-68.283333,V,OR,real
38080,HORTA,PT,38.533333,-28.633333,S,CB,real
61568,HIGASHI-HARIMA,JP,34.7,134.833333,M,CB,real
61550,OSAKA,JP,34.65,135.433333,L,CB,real
62110,SAKAIDE KO,JP,34.333333,133.85,V,CN,real
11830,SINT NICOLAAS BAAI,AW,12.433333,-69.916667,S,CB,real
12220,CUMANA (PUERTO SUCRE),VE,10.466667,-64.183333,V,OR,real
12185,PUERTO LA CRUZ,VE,10.25,-64.633333,L,OR,real
12180,JOSE TERMINAL,VE,10.1,-64.85,V,OR,real
12145,CATIA LA MAR,VE,10.6,-67.016667,V,CN,real
12130,PUERTO BORBURATA,VE,10.483333,-67.983333,V,CN,real
12100,PUERTO CHICHIRIVICHE,VE,10.916667,-68.266667,V,CN,real
37230,BAYONNE,FR,43.5,-1.466667,M,RN,real
38870,TOULON,FR,43.1,5.916667,L,CB,real
39070,PORTO VECCHIO,FR,41.583333,9.283333,V,CN,real
12060,LAS PIEDRAS,VE,11.7,-70.216667,S,OR,real
61605,FUKUYAMA,JP,34.433333,133.433333,M,CN,real
62894,VITINO,RU,67.083333,32.316667,V,CN,real
45460,TABARKA,TN,36.966667,8.766667,V,CB,real
45350,ABU KHAMMASH,LY,33.066667,11.816667,V,CN,real
48348,RAS AL MISHAB,SA,28.116667,48.633333,S,OR,real
48349,RAS AL KHAFJI,SA,28.433333,48.583333,S,OR,real
38433,ISLAS HORMIGAS,ES,37.65,-0.65,,,real
38585,LAS HORMIGAS,ES,41.866667,3.183333,,,real
33200,FORT WILLIAM,GB,56.816667,-5.116667,V,RB,real
33210,GLENSANDA,GB,56.566667,-5.533333,V,RN,real
33160,LOCHALINE,GB,56.55,-5.766667,V,RB,real
38010,LAGOS,PT,37.1,-8.616667,,,real
48327,KHALIFA BIN SALMAN,BH,26.25,50.75,M,CB,real
60205,SUIZHANG GANG,CN,40.066667,121.05,V,OR,real
44790,BODRUM,TR,37.033333,27.433333,V,CN,real
47110,LAMU,KE,-2.266667,40.9,S,CN,real
60376,GWANGYANG HANG,KR,34.85,127.8,M,CN,real
61245,ISHIKARI BAY NEW PORT,JP,43.216667,141.283333,M,CB,real
