origin_country,destination_country,product_category,effective_year,tariff_rate,is_country_level_proxy
FIN,ANY,ALL,1988,6.26,True
HKG,ANY,ALL,1988,0.0,True
JPN,ANY,ALL,1988,4.12,True
KOR,ANY,ALL,1988,13.95,True
MYS,ANY,ALL,1988,14.4,True
NGA,ANY,ALL,1988,23.8,True
NOR,ANY,ALL,1988,0.87,True
PHL,ANY,ALL,1988,22.5,True
SWE,ANY,ALL,1988,0.99,True
ZAF,ANY,ALL,1988,13.39,True
BGD,ANY,ALL,1989,88.43,True
BRA,ANY,ALL,1989,31.92,True
CAN,ANY,ALL,1989,7.02,True
IDN,ANY,ALL,1989,14.54,True
JPN,ANY,ALL,1989,4.07,True
KOR,ANY,ALL,1989,10.61,True
NGA,ANY,ALL,1989,24.69,True
PHL,ANY,ALL,1989,22.51,True
SGP,ANY,ALL,1989,3.26,True
SWE,ANY,ALL,1989,4.31,True
THA,ANY,ALL,1989,33.65,True
USA,ANY,ALL,1989,3.91,True
AUT,ANY,ALL,1990,17.52,True
BRA,ANY,ALL,1990,18.95,True
CHE,ANY,ALL,1990,7.35,True
FIN,ANY,ALL,1990,6.37,True
IDN,ANY,ALL,1990,15.09,True
IND,ANY,ALL,1990,56.36,True
JPN,ANY,ALL,1990,3.61,True
KOR,ANY,ALL,1990,9.54,True
LKA,ANY,ALL,1990,28.96,True
NGA,ANY,ALL,1990,24.83,True
PHL,ANY,ALL,1990,14.79,True
TUN,ANY,ALL,1990,25.87,True
USA,ANY,ALL,1990,3.92,True
ZAF,ANY,ALL,1990,10.5,True
AUS,ANY,ALL,1991,18.56,True
BRA,ANY,ALL,1991,16.54,True
COL,ANY,ALL,1991,6.45,True
HUN,ANY,ALL,1991,10.07,True
JPN,ANY,ALL,1991,4.04,True
MEX,ANY,ALL,1991,11.91,True
MYS,ANY,ALL,1991,10.84,True
POL,ANY,ALL,1991,9.45,True
PRY,ANY,ALL,1991,11.85,True
ROU,ANY,ALL,1991,11.87,True
THA,ANY,ALL,1991,33.63,True
TTO,ANY,ALL,1991,13.15,True
USA,ANY,ALL,1991,3.95,True
ZAF,ANY,ALL,1991,11.32,True
ARG,ANY,ALL,1992,12.66,True
BRA,ANY,ALL,1992,15.71,True
BRN,ANY,ALL,1992,4.43,True
CHL,ANY,ALL,1992,10.95,True
CHN,ANY,ALL,1992,32.17,True
COL,ANY,ALL,1992,10.55,True
IND,ANY,ALL,1992,27.01,True
JPN,ANY,ALL,1992,4.24,True
KOR,ANY,ALL,1992,8.53,True
NGA,ANY,ALL,1992,25.32,True
NZL,ANY,ALL,1992,11.24,True
OMN,ANY,ALL,1992,7.43,True
PHL,ANY,ALL,1992,14.72,True
POL,ANY,ALL,1992,9.61,True
TTO,ANY,ALL,1992,15.09,True
TUN,ANY,ALL,1992,26.02,True
URY,ANY,ALL,1992,5.81,True
USA,ANY,ALL,1992,3.95,True
VEN,ANY,ALL,1992,16.36,True
ARG,ANY,ALL,1993,12.53,True
AUS,ANY,ALL,1993,9.75,True
BFA,ANY,ALL,1993,5.0,True
BOL,ANY,ALL,1993,9.44,True
BRA,ANY,ALL,1993,13.02,True
CAN,ANY,ALL,1993,3.59,True
CHE,ANY,ALL,1993,8.84,True
CHL,ANY,ALL,1993,10.94,True
CHN,ANY,ALL,1993,30.29,True
CIV,ANY,ALL,1993,4.89,True
CUB,ANY,ALL,1993,10.75,True
DZA,ANY,ALL,1993,15.44,True
ECU,ANY,ALL,1993,8.15,True
GHA,ANY,ALL,1993,10.0,True
HUN,ANY,ALL,1993,8.96,True
IDN,ANY,ALL,1993,12.51,True
ISL,ANY,ALL,1993,3.41,True
ISR,ANY,ALL,1993,3.79,True
JPN,ANY,ALL,1993,4.36,True
LKA,ANY,ALL,1993,31.22,True
MAR,ANY,ALL,1993,45.44,True
MYS,ANY,ALL,1993,9.33,True
NOR,ANY,ALL,1993,1.26,True
NPL,ANY,ALL,1993,15.96,True
NZL,ANY,ALL,1993,9.02,True
PER,ANY,ALL,1993,16.39,True
PHL,ANY,ALL,1993,15.56,True
RUS,ANY,ALL,1993,6.25,True
RWA,ANY,ALL,1993,25.33,True
THA,ANY,ALL,1993,36.64,True
TUR,ANY,ALL,1993,6.1,True
TZA,ANY,ALL,1993,15.62,True
USA,ANY,ALL,1993,3.75,True
ZAF,ANY,ALL,1993,13.45,True
ZMB,ANY,ALL,1993,17.89,True
BGD,ANY,ALL,1994,77.19,True
BOL,ANY,ALL,1994,9.95,True
BRA,ANY,ALL,1994,13.26,True
CHL,ANY,ALL,1994,10.93,True
CHN,ANY,ALL,1994,27.93,True
CMR,ANY,ALL,1994,13.7,True
COG,ANY,ALL,1994,16.35,True
COL,ANY,ALL,1994,11.64,True
ECU,ANY,ALL,1994,11.47,True
JPN,ANY,ALL,1994,4.3,True
KEN,ANY,ALL,1994,20.64,True
LKA,ANY,ALL,1994,31.16,True
MWI,ANY,ALL,1994,22.31,True
PHL,ANY,ALL,1994,15.22,True
PRY,ANY,ALL,1994,8.02,True
RUS,ANY,ALL,1994,9.21,True
SAU,ANY,ALL,1994,10.72,True
UGA,ANY,ALL,1994,13.53,True
VNM,ANY,ALL,1994,15.19,True
ARG,ANY,ALL,1995,8.34,True
BOL,ANY,ALL,1995,9.49,True
BRA,ANY,ALL,1995,10.97,True
CAF,ANY,ALL,1995,13.36,True
CAN,ANY,ALL,1995,6.69,True
CHE,ANY,ALL,1995,16.77,True
CHL,ANY,ALL,1995,10.63,True
CMR,ANY,ALL,1995,14.49,True
COL,ANY,ALL,1995,11.91,True
CRI,ANY,ALL,1995,8.56,True
ECU,ANY,ALL,1995,11.05,True
EGY,ANY,ALL,1995,17.05,True
EST,ANY,ALL,1995,0.39,True
ETH,ANY,ALL,1995,18.15,True
GAB,ANY,ALL,1995,16.38,True
GTM,ANY,ALL,1995,8.66,True
HND,ANY,ALL,1995,8.97,True
IDN,ANY,ALL,1995,10.84,True
JPN,ANY,ALL,1995,5.22,True
KGZ,ANY,ALL,1995,0.0,True
KOR,ANY,ALL,1995,6.84,True
LTU,ANY,ALL,1995,2.55,True
MDG,ANY,ALL,1995,5.18,True
MEX,ANY,ALL,1995,7.25,True
MLI,ANY,ALL,1995,2.94,True
MUS,ANY,ALL,1995,23.54,True
NGA,ANY,ALL,1995,91.27,True
NIC,ANY,ALL,1995,5.55,True
NOR,ANY,ALL,1995,6.45,True
PAK,ANY,ALL,1995,44.94,True
PER,ANY,ALL,1995,15.34,True
PHL,ANY,ALL,1995,14.65,True
POL,ANY,ALL,1995,6.07,True
PRY,ANY,ALL,1995,6.35,True
SGP,ANY,ALL,1995,0.33,True
SLV,ANY,ALL,1995,9.15,True
TCD,ANY,ALL,1995,14.58,True
THA,ANY,ALL,1995,14.86,True
TUN,ANY,ALL,1995,27.36,True
TUR,ANY,ALL,1995,6.74,True
UKR,ANY,ALL,1995,3.36,True
URY,ANY,ALL,1995,10.62,True
USA,ANY,ALL,1995,2.94,True
VEN,ANY,ALL,1995,11.49,True
ARG,ANY,ALL,1996,13.33,True
ATG,ANY,ALL,1996,22.64,True
AUS,ANY,ALL,1996,6.81,True
BLR,ANY,ALL,1996,8.85,True
BLZ,ANY,ALL,1996,15.63,True
BOL,ANY,ALL,1996,9.31,True
BRA,ANY,ALL,1996,14.83,True
BRB,ANY,ALL,1996,22.93,True
BRN,ANY,ALL,1996,11.41,True
BTN,ANY,ALL,1996,14.55,True
CAN,ANY,ALL,1996,5.43,True
CHE,ANY,ALL,1996,7.91,True
CHL,ANY,ALL,1996,10.97,True
CHN,ANY,ALL,1996,19.76,True
CIV,ANY,ALL,1996,4.1,True
COL,ANY,ALL,1996,11.19,True
CRI,ANY,ALL,1996,9.04,True
CUB,ANY,ALL,1996,8.88,True
CYP,ANY,ALL,1996,10.67,True
CZE,ANY,ALL,1996,5.83,True
DMA,ANY,ALL,1996,18.61,True
DOM,ANY,ALL,1996,7.87,True
ECU,ANY,ALL,1996,10.95,True
EST,ANY,ALL,1996,0.04,True
GRD,ANY,ALL,1996,18.58,True
GUY,ANY,ALL,1996,18.71,True
HKG,ANY,ALL,1996,0.0,True
HND,ANY,ALL,1996,7.8,True
HUN,ANY,ALL,1996,8.62,True
IDN,ANY,ALL,1996,7.73,True
IND,ANY,ALL,1996,23.72,True
ISL,ANY,ALL,1996,3.64,True
JAM,ANY,ALL,1996,17.85,True
JPN,ANY,ALL,1996,5.59,True
KNA,ANY,ALL,1996,21.57,True
KOR,ANY,ALL,1996,15.02,True
LBY,ANY,ALL,1996,35.63,True
LCA,ANY,ALL,1996,18.52,True
LVA,ANY,ALL,1996,2.18,True
MAC,ANY,ALL,1996,0.0,True
MDA,ANY,ALL,1996,1.89,True
MDG,ANY,ALL,1996,4.6,True
MEX,ANY,ALL,1996,14.02,True
MLI,ANY,ALL,1996,10.35,True
MMR,ANY,ALL,1996,4.13,True
MUS,ANY,ALL,1996,17.99,True
MWI,ANY,ALL,1996,17.75,True
MYS,ANY,ALL,1996,6.27,True
NGA,ANY,ALL,1996,16.06,True
NIC,ANY,ALL,1996,8.26,True
NOR,ANY,ALL,1996,2.41,True
NZL,ANY,ALL,1996,4.83,True
PHL,ANY,ALL,1996,8.53,True
POL,ANY,ALL,1996,8.5,True
PRY,ANY,ALL,1996,10.45,True
RUS,ANY,ALL,1996,9.64,True
SDN,ANY,ALL,1996,3.66,True
SGP,ANY,ALL,1996,0.05,True
SLV,ANY,ALL,1996,7.72,True
SUR,ANY,ALL,1996,16.7,True
TGO,ANY,ALL,1996,13.79,True
TTO,ANY,ALL,1996,7.18,True
TUR,ANY,ALL,1996,3.19,True
URY,ANY,ALL,1996,10.32,True
USA,ANY,ALL,1996,2.86,True
VCT,ANY,ALL,1996,17.45,True
ZAF,ANY,ALL,1996,8.27,True
ZWE,ANY,ALL,1996,39.06,True
ALB,ANY,ALL,1997,14.41,True
ARG,ANY,ALL,1997,13.93,True
AUS,ANY,ALL,1997,6.82,True
BLR,ANY,ALL,1997,9.5,True
BOL,ANY,ALL,1997,9.31,True
BRA,ANY,ALL,1997,14.0,True
BRN,ANY,ALL,1997,11.25,True
CAF,ANY,ALL,1997,13.44,True
CAN,ANY,ALL,1997,1.99,True
CHE,ANY,ALL,1997,3.04,True
CHL,ANY,ALL,1997,10.97,True
CHN,ANY,ALL,1997,15.82,True
COG,ANY,ALL,1997,15.19,True
COL,ANY,ALL,1997,11.31,True
CRI,ANY,ALL,1997,7.53,True
CUB,ANY,ALL,1997,8.82,True
CYP,ANY,ALL,1997,9.75,True
CZE,ANY,ALL,1997,5.45,True
DMA,ANY,ALL,1997,15.98,True
DOM,ANY,ALL,1997,12.29,True
DZA,ANY,ALL,1997,16.93,True
ECU,ANY,ALL,1997,10.39,True
EST,ANY,ALL,1997,0.03,True
GTM,ANY,ALL,1997,6.8,True
HKG,ANY,ALL,1997,0.0,True
HND,ANY,ALL,1997,9.76,True
HUN,ANY,ALL,1997,4.48,True
IDN,ANY,ALL,1997,15.06,True
IND,ANY,ALL,1997,20.13,True
JPN,ANY,ALL,1997,4.33,True
KOR,ANY,ALL,1997,13.45,True
LKA,ANY,ALL,1997,25.88,True
LTU,ANY,ALL,1997,2.28,True
LVA,ANY,ALL,1997,3.21,True
MAC,ANY,ALL,1997,0.0,True
MAR,ANY,ALL,1997,17.31,True
MDG,ANY,ALL,1997,5.31,True
MEX,ANY,ALL,1997,13.08,True
MLI,ANY,ALL,1997,10.35,True
MLT,ANY,ALL,1997,8.71,True
MMR,ANY,ALL,1997,4.13,True
MUS,ANY,ALL,1997,19.24,True
MWI,ANY,ALL,1997,20.77,True
MYS,ANY,ALL,1997,5.37,True
NGA,ANY,ALL,1997,16.21,True
NIC,ANY,ALL,1997,5.94,True
NOR,ANY,ALL,1997,4.42,True
NZL,ANY,ALL,1997,4.15,True
OMN,ANY,ALL,1997,4.49,True
PAN,ANY,ALL,1997,10.62,True
PER,ANY,ALL,1997,12.7,True
PHL,ANY,ALL,1997,7.56,True
PNG,ANY,ALL,1997,15.6,True
POL,ANY,ALL,1997,8.63,True
PRY,ANY,ALL,1997,9.46,True
RUS,ANY,ALL,1997,11.28,True
SGP,ANY,ALL,1997,0.05,True
SLV,ANY,ALL,1997,7.37,True
TCD,ANY,ALL,1997,14.58,True
TGO,ANY,ALL,1997,14.58,True
TUR,ANY,ALL,1997,5.65,True
TZA,ANY,ALL,1997,18.29,True
UKR,ANY,ALL,1997,3.93,True
URY,ANY,ALL,1997,10.55,True
USA,ANY,ALL,1997,2.6,True
VEN,ANY,ALL,1997,13.4,True
ZAF,ANY,ALL,1997,5.99,True
ZMB,ANY,ALL,1997,11.33,True
ZWE,ANY,ALL,1997,17.11,True
ARG,ANY,ALL,1998,15.67,True
AUS,ANY,ALL,1998,6.49,True
BGD,ANY,ALL,1998,22.14,True
BGR,ANY,ALL,1998,8.7,True
BOL,ANY,ALL,1998,9.04,True
BRA,ANY,ALL,1998,15.94,True
BRN,ANY,ALL,1998,11.26,True
CAN,ANY,ALL,1998,1.44,True
CHE,ANY,ALL,1998,2.7,True
CHL,ANY,ALL,1998,10.94,True
CHN,ANY,ALL,1998,15.5,True
COL,ANY,ALL,1998,11.18,True
CRI,ANY,ALL,1998,6.32,True
CUB,ANY,ALL,1998,8.88,True
CYP,ANY,ALL,1998,10.95,True
CZE,ANY,ALL,1998,5.17,True
DJI,ANY,ALL,1998,56.72,True
DMA,ANY,ALL,1998,16.0,True
DOM,ANY,ALL,1998,7.87,True
DZA,ANY,ALL,1998,17.26,True
ECU,ANY,ALL,1998,10.7,True
EGY,ANY,ALL,1998,14.17,True
EST,ANY,ALL,1998,0.0,True
GAB,ANY,ALL,1998,15.43,True
GIN,ANY,ALL,1998,5.97,True
GNQ,ANY,ALL,1998,15.16,True
GTM,ANY,ALL,1998,6.98,True
HKG,ANY,ALL,1998,0.0,True
HND,ANY,ALL,1998,8.05,True
IDN,ANY,ALL,1998,5.48,True
ISL,ANY,ALL,1998,4.51,True
JPN,ANY,ALL,1998,4.17,True
KOR,ANY,ALL,1998,13.61,True
LKA,ANY,ALL,1998,9.89,True
MAC,ANY,ALL,1998,0.0,True
MDG,ANY,ALL,1998,4.73,True
MEX,ANY,ALL,1998,13.05,True
MLI,ANY,ALL,1998,10.35,True
MMR,ANY,ALL,1998,4.13,True
MUS,ANY,ALL,1998,23.83,True
MWI,ANY,ALL,1998,12.74,True
MYS,ANY,ALL,1998,5.23,True
NGA,ANY,ALL,1998,16.21,True
NIC,ANY,ALL,1998,4.53,True
NOR,ANY,ALL,1998,3.61,True
NPL,ANY,ALL,1998,20.09,True
NZL,ANY,ALL,1998,3.57,True
PAK,ANY,ALL,1998,40.69,True
PAN,ANY,ALL,1998,8.69,True
PER,ANY,ALL,1998,12.71,True
PHL,ANY,ALL,1998,6.37,True
POL,ANY,ALL,1998,6.39,True
PRY,ANY,ALL,1998,11.46,True
SGP,ANY,ALL,1998,0.05,True
SLV,ANY,ALL,1998,6.34,True
TKM,ANY,ALL,1998,0.0,True
TUN,ANY,ALL,1998,25.67,True
TUR,ANY,ALL,1998,3.2,True
TZA,ANY,ALL,1998,18.31,True
URY,ANY,ALL,1998,12.88,True
USA,ANY,ALL,1998,3.09,True
VEN,ANY,ALL,1998,13.69,True
ZWE,ANY,ALL,1998,17.76,True
ARG,ANY,ALL,1999,11.29,True
ATG,ANY,ALL,1999,20.3,True
AUS,ANY,ALL,1999,6.1,True
BGD,ANY,ALL,1999,18.51,True
BGR,ANY,ALL,1999,5.74,True
BHR,ANY,ALL,1999,10.72,True
BHS,ANY,ALL,1999,28.58,True
BLZ,ANY,ALL,1999,11.19,True
BOL,ANY,ALL,1999,9.06,True
BRA,ANY,ALL,1999,12.31,True
BRB,ANY,ALL,1999,22.77,True
BRN,ANY,ALL,1999,6.35,True
CAN,ANY,ALL,1999,1.01,True
CHE,ANY,ALL,1999,2.6,True
CHL,ANY,ALL,1999,9.96,True
CHN,ANY,ALL,1999,14.46,True
COL,ANY,ALL,1999,10.68,True
CRI,ANY,ALL,1999,4.07,True
CUB,ANY,ALL,1999,8.78,True
CYP,ANY,ALL,1999,8.93,True
CZE,ANY,ALL,1999,2.79,True
DJI,ANY,ALL,1999,217.78,True
DMA,ANY,ALL,1999,15.96,True
DOM,ANY,ALL,1999,7.87,True
ECU,ANY,ALL,1999,11.11,True
EGY,ANY,ALL,1999,16.68,True
EST,ANY,ALL,1999,0.0,True
GEO,ANY,ALL,1999,10.12,True
GRD,ANY,ALL,1999,16.2,True
GTM,ANY,ALL,1999,5.94,True
GUY,ANY,ALL,1999,15.2,True
HKG,ANY,ALL,1999,0.0,True
HND,ANY,ALL,1999,7.7,True
IDN,ANY,ALL,1999,6.05,True
IND,ANY,ALL,1999,28.51,True
ISL,ANY,ALL,1999,3.65,True
ISR,ANY,ALL,1999,5.64,True
JAM,ANY,ALL,1999,16.67,True
JPN,ANY,ALL,1999,4.42,True
KEN,ANY,ALL,1999,12.86,True
KNA,ANY,ALL,1999,17.87,True
KOR,ANY,ALL,1999,5.9,True
LBN,ANY,ALL,1999,11.59,True
LCA,ANY,ALL,1999,16.3,True
MAC,ANY,ALL,1999,0.0,True
MEX,ANY,ALL,1999,6.59,True
MLI,ANY,ALL,1999,6.68,True
MMR,ANY,ALL,1999,4.13,True
MNG,ANY,ALL,1999,0.09,True
MUS,ANY,ALL,1999,19.98,True
MYS,ANY,ALL,1999,5.14,True
NGA,ANY,ALL,1999,19.77,True
NIC,ANY,ALL,1999,8.27,True
NOR,ANY,ALL,1999,2.49,True
NPL,ANY,ALL,1999,14.01,True
NZL,ANY,ALL,1999,3.0,True
PAK,ANY,ALL,1999,23.13,True
PAN,ANY,ALL,1999,7.83,True
PER,ANY,ALL,1999,12.65,True
PHL,ANY,ALL,1999,6.09,True
PNG,ANY,ALL,1999,15.66,True
POL,ANY,ALL,1999,4.19,True
PRY,ANY,ALL,1999,6.2,True
ROU,ANY,ALL,1999,7.31,True
SAU,ANY,ALL,1999,11.5,True
SGP,ANY,ALL,1999,0.05,True
SLV,ANY,ALL,1999,6.38,True
SUR,ANY,ALL,1999,14.0,True
SVN,ANY,ALL,1999,11.38,True
TGO,ANY,ALL,1999,14.99,True
THA,ANY,ALL,1999,33.51,True
TTO,ANY,ALL,1999,17.85,True
TUR,ANY,ALL,1999,5.34,True
URY,ANY,ALL,1999,12.31,True
USA,ANY,ALL,1999,2.31,True
VCT,ANY,ALL,1999,15.83,True
VEN,ANY,ALL,1999,13.02,True
VNM,ANY,ALL,1999,19.2,True
ZAF,ANY,ALL,1999,5.47,True
ZWE,ANY,ALL,1999,17.59,True
ALB,ANY,ALL,2000,11.65,True
ARG,ANY,ALL,2000,10.52,True
ATG,ANY,ALL,2000,15.39,True
AUS,ANY,ALL,2000,5.83,True
AUT,ANY,ALL,2000,2.41,True
BEL,ANY,ALL,2000,2.41,True
BGD,ANY,ALL,2000,18.1,True
BGR,ANY,ALL,2000,10.31,True
BHR,ANY,ALL,2000,10.36,True
BLR,ANY,ALL,2000,7.63,True
BOL,ANY,ALL,2000,8.46,True
BRA,ANY,ALL,2000,12.69,True
BRB,ANY,ALL,2000,21.01,True
BRN,ANY,ALL,2000,7.85,True
CAN,ANY,ALL,2000,1.31,True
CHE,ANY,ALL,2000,2.34,True
CHL,ANY,ALL,2000,9.0,True
CHN,ANY,ALL,2000,14.67,True
COL,ANY,ALL,2000,10.96,True
CRI,ANY,ALL,2000,3.7,True
CUB,ANY,ALL,2000,8.45,True
CYP,ANY,ALL,2000,5.24,True
CZE,ANY,ALL,2000,4.32,True
DEU,ANY,ALL,2000,2.41,True
DMA,ANY,ALL,2000,13.82,True
DNK,ANY,ALL,2000,2.41,True
DOM,ANY,ALL,2000,15.86,True
ECU,ANY,ALL,2000,9.58,True
EGY,ANY,ALL,2000,16.82,True
ESP,ANY,ALL,2000,2.41,True
EST,ANY,ALL,2000,0.98,True
FIN,ANY,ALL,2000,2.41,True
FRA,ANY,ALL,2000,2.41,True
GAB,ANY,ALL,2000,14.59,True
GBR,ANY,ALL,2000,2.41,True
GHA,ANY,ALL,2000,16.2,True
GRC,ANY,ALL,2000,2.41,True
GRD,ANY,ALL,2000,11.31,True
GTM,ANY,ALL,2000,5.81,True
GUY,ANY,ALL,2000,15.54,True
HKG,ANY,ALL,2000,0.0,True
HND,ANY,ALL,2000,8.35,True
IDN,ANY,ALL,2000,5.16,True
IND,ANY,ALL,2000,23.36,True
IRL,ANY,ALL,2000,2.41,True
IRN,ANY,ALL,2000,22.74,True
ISL,ANY,ALL,2000,4.72,True
ISR,ANY,ALL,2000,3.83,True
ITA,ANY,ALL,2000,2.41,True
JAM,ANY,ALL,2000,9.85,True
JOR,ANY,ALL,2000,18.92,True
JPN,ANY,ALL,2000,4.49,True
KEN,ANY,ALL,2000,16.52,True
KGZ,ANY,ALL,2000,2.78,True
KNA,ANY,ALL,2000,13.11,True
KOR,ANY,ALL,2000,9.55,True
LAO,ANY,ALL,2000,14.06,True
LBN,ANY,ALL,2000,16.94,True
LCA,ANY,ALL,2000,16.34,True
LKA,ANY,ALL,2000,6.78,True
MAC,ANY,ALL,2000,0.0,True
MAR,ANY,ALL,2000,25.42,True
MDA,ANY,ALL,2000,2.34,True
MDG,ANY,ALL,2000,4.5,True
MDV,ANY,ALL,2000,20.45,True
MEX,ANY,ALL,2000,15.15,True
MLT,ANY,ALL,2000,9.71,True
MMR,ANY,ALL,2000,4.13,True
MNG,ANY,ALL,2000,5.04,True
MUS,ANY,ALL,2000,11.72,True
MWI,ANY,ALL,2000,12.39,True
MYS,ANY,ALL,2000,4.81,True
NGA,ANY,ALL,2000,19.99,True
NIC,ANY,ALL,2000,2.87,True
NLD,ANY,ALL,2000,2.41,True
NOR,ANY,ALL,2000,3.45,True
NPL,ANY,ALL,2000,16.84,True
NZL,ANY,ALL,2000,2.37,True
PAK,ANY,ALL,2000,23.12,True
PAN,ANY,ALL,2000,7.19,True
PER,ANY,ALL,2000,12.82,True
PHL,ANY,ALL,2000,3.77,True
PNG,ANY,ALL,2000,3.13,True
POL,ANY,ALL,2000,2.87,True
PRT,ANY,ALL,2000,2.41,True
PRY,ANY,ALL,2000,10.25,True
RWA,ANY,ALL,2000,9.03,True
SAU,ANY,ALL,2000,12.48,True
SGP,ANY,ALL,2000,0.04,True
SLV,ANY,ALL,2000,6.84,True
SUR,ANY,ALL,2000,12.17,True
SWE,ANY,ALL,2000,2.41,True
SYC,ANY,ALL,2000,26.92,True
TGO,ANY,ALL,2000,11.36,True
THA,ANY,ALL,2000,9.54,True
TUN,ANY,ALL,2000,23.38,True
TUR,ANY,ALL,2000,2.38,True
TZA,ANY,ALL,2000,13.07,True
UGA,ANY,ALL,2000,6.01,True
URY,ANY,ALL,2000,6.16,True
USA,ANY,ALL,2000,2.1,True
VCT,ANY,ALL,2000,15.04,True
VEN,ANY,ALL,2000,13.37,True
YEM,ANY,ALL,2000,11.73,True
ZAF,ANY,ALL,2000,5.27,True
ZWE,ANY,ALL,2000,11.57,True
ALB,ANY,ALL,2001,11.28,True
ARG,ANY,ALL,2001,9.25,True
ARM,ANY,ALL,2001,2.43,True
ATG,ANY,ALL,2001,12.8,True
AUS,ANY,ALL,2001,4.8,True
AUT,ANY,ALL,2001,3.37,True
BEL,ANY,ALL,2001,3.37,True
BEN,ANY,ALL,2001,12.62,True
BFA,ANY,ALL,2001,11.16,True
BGD,ANY,ALL,2001,17.88,True
BGR,ANY,ALL,2001,5.6,True
BHR,ANY,ALL,2001,8.51,True
BIH,ANY,ALL,2001,5.07,True
BLR,ANY,ALL,2001,7.91,True
BLZ,ANY,ALL,2001,10.72,True
BOL,ANY,ALL,2001,8.71,True
BRA,ANY,ALL,2001,10.47,True
BRB,ANY,ALL,2001,20.34,True
BRN,ANY,ALL,2001,10.88,True
BWA,ANY,ALL,2001,1.63,True
CAF,ANY,ALL,2001,18.3,True
CAN,ANY,ALL,2001,1.6,True
CHE,ANY,ALL,2001,2.35,True
CHL,ANY,ALL,2001,8.0,True
CHN,ANY,ALL,2001,14.11,True
CIV,ANY,ALL,2001,7.22,True
CMR,ANY,ALL,2001,13.49,True
COG,ANY,ALL,2001,11.89,True
COL,ANY,ALL,2001,10.83,True
CRI,ANY,ALL,2001,4.44,True
CUB,ANY,ALL,2001,9.15,True
CYP,ANY,ALL,2001,6.78,True
CZE,ANY,ALL,2001,4.21,True
DEU,ANY,ALL,2001,3.37,True
DMA,ANY,ALL,2001,13.51,True
DNK,ANY,ALL,2001,3.37,True
DOM,ANY,ALL,2001,8.11,True
DZA,ANY,ALL,2001,15.16,True
ECU,ANY,ALL,2001,11.16,True
EGY,ANY,ALL,2001,16.72,True
ESP,ANY,ALL,2001,3.37,True
EST,ANY,ALL,2001,1.02,True
ETH,ANY,ALL,2001,12.11,True
FIN,ANY,ALL,2001,3.37,True
FRA,ANY,ALL,2001,3.37,True
GAB,ANY,ALL,2001,16.15,True
GBR,ANY,ALL,2001,3.37,True
GEO,ANY,ALL,2001,9.67,True
GHA,ANY,ALL,2001,9.05,True
GNB,ANY,ALL,2001,12.8,True
GNQ,ANY,ALL,2001,14.43,True
GRC,ANY,ALL,2001,3.37,True
GRD,ANY,ALL,2001,15.81,True
GTM,ANY,ALL,2001,6.44,True
GUY,ANY,ALL,2001,11.61,True
HKG,ANY,ALL,2001,0.0,True
HND,ANY,ALL,2001,8.76,True
HRV,ANY,ALL,2001,4.51,True
HTI,ANY,ALL,2001,3.59,True
IDN,ANY,ALL,2001,4.14,True
IND,ANY,ALL,2001,26.51,True
IRL,ANY,ALL,2001,3.37,True
ISL,ANY,ALL,2001,3.68,True
ISR,ANY,ALL,2001,3.66,True
ITA,ANY,ALL,2001,3.37,True
JAM,ANY,ALL,2001,9.53,True
JOR,ANY,ALL,2001,12.32,True
JPN,ANY,ALL,2001,5.75,True
KEN,ANY,ALL,2001,15.0,True
KGZ,ANY,ALL,2001,3.33,True
KHM,ANY,ALL,2001,16.43,True
KNA,ANY,ALL,2001,12.61,True
KOR,ANY,ALL,2001,10.41,True
LAO,ANY,ALL,2001,12.97,True
LBN,ANY,ALL,2001,8.36,True
LCA,ANY,ALL,2001,12.22,True
LKA,ANY,ALL,2001,6.55,True
LSO,ANY,ALL,2001,1.38,True
LVA,ANY,ALL,2001,2.56,True
MAC,ANY,ALL,2001,0.0,True
MAR,ANY,ALL,2001,24.8,True
MDA,ANY,ALL,2001,2.9,True
MDG,ANY,ALL,2001,3.47,True
MDV,ANY,ALL,2001,20.22,True
MEX,ANY,ALL,2001,15.24,True
MKD,ANY,ALL,2001,9.29,True
MLI,ANY,ALL,2001,10.64,True
MMR,ANY,ALL,2001,3.98,True
MNG,ANY,ALL,2001,6.95,True
MOZ,ANY,ALL,2001,11.37,True
MRT,ANY,ALL,2001,9.92,True
MUS,ANY,ALL,2001,12.01,True
MWI,ANY,ALL,2001,9.88,True
MYS,ANY,ALL,2001,5.06,True
NAM,ANY,ALL,2001,0.74,True
NER,ANY,ALL,2001,13.66,True
NGA,ANY,ALL,2001,21.47,True
NIC,ANY,ALL,2001,3.12,True
NLD,ANY,ALL,2001,3.37,True
NOR,ANY,ALL,2001,3.11,True
NZL,ANY,ALL,2001,3.61,True
OMN,ANY,ALL,2001,12.73,True
PAK,ANY,ALL,2001,20.62,True
PAN,ANY,ALL,2001,6.86,True
PER,ANY,ALL,2001,11.32,True
PHL,ANY,ALL,2001,3.47,True
PNG,ANY,ALL,2001,3.09,True
POL,ANY,ALL,2001,3.12,True
PRT,ANY,ALL,2001,3.37,True
PRY,ANY,ALL,2001,10.74,True
ROU,ANY,ALL,2001,8.26,True
RUS,ANY,ALL,2001,10.78,True
RWA,ANY,ALL,2001,7.64,True
SAU,ANY,ALL,2001,11.12,True
SEN,ANY,ALL,2001,9.4,True
SGP,ANY,ALL,2001,0.04,True
SLV,ANY,ALL,2001,6.89,True
SRB,ANY,ALL,2001,5.8,True
SVN,ANY,ALL,2001,10.0,True
SWE,ANY,ALL,2001,3.37,True
SWZ,ANY,ALL,2001,2.6,True
SYC,ANY,ALL,2001,32.53,True
TCD,ANY,ALL,2001,13.07,True
TGO,ANY,ALL,2001,10.91,True
THA,ANY,ALL,2001,8.33,True
TTO,ANY,ALL,2001,6.56,True
TUR,ANY,ALL,2001,1.95,True
UGA,ANY,ALL,2001,6.09,True
URY,ANY,ALL,2001,6.61,True
USA,ANY,ALL,2001,2.11,True
UZB,ANY,ALL,2001,5.83,True
VCT,ANY,ALL,2001,12.5,True
VEN,ANY,ALL,2001,14.46,True
VNM,ANY,ALL,2001,15.29,True
ZAF,ANY,ALL,2001,5.1,True
ZMB,ANY,ALL,2001,14.28,True
ZWE,ANY,ALL,2001,10.55,True
AGO,ANY,ALL,2002,8.44,True
ALB,ANY,ALL,2002,8.35,True
ARG,ANY,ALL,2002,12.01,True
ATG,ANY,ALL,2002,12.8,True
AUS,ANY,ALL,2002,3.69,True
AUT,ANY,ALL,2002,2.45,True
AZE,ANY,ALL,2002,6.75,True
BDI,ANY,ALL,2002,13.34,True
BEL,ANY,ALL,2002,2.45,True
BEN,ANY,ALL,2002,12.7,True
BFA,ANY,ALL,2002,11.45,True
BGD,ANY,ALL,2002,18.31,True
BGR,ANY,ALL,2002,9.56,True
BHR,ANY,ALL,2002,5.79,True
BHS,ANY,ALL,2002,25.02,True
BLR,ANY,ALL,2002,8.8,True
BLZ,ANY,ALL,2002,11.65,True
BOL,ANY,ALL,2002,9.25,True
BRA,ANY,ALL,2002,10.01,True
BRB,ANY,ALL,2002,20.78,True
BRN,ANY,ALL,2002,10.74,True
BTN,ANY,ALL,2002,15.54,True
BWA,ANY,ALL,2002,0.99,True
CAF,ANY,ALL,2002,16.86,True
CAN,ANY,ALL,2002,1.49,True
CHE,ANY,ALL,2002,2.19,True
CHL,ANY,ALL,2002,6.96,True
CHN,ANY,ALL,2002,7.72,True
CIV,ANY,ALL,2002,9.69,True
CMR,ANY,ALL,2002,13.9,True
COG,ANY,ALL,2002,11.89,True
COL,ANY,ALL,2002,11.28,True
CRI,ANY,ALL,2002,4.23,True
CUB,ANY,ALL,2002,8.79,True
CYP,ANY,ALL,2002,8.83,True
CZE,ANY,ALL,2002,4.33,True
DEU,ANY,ALL,2002,2.45,True
DJI,ANY,ALL,2002,28.49,True
DMA,ANY,ALL,2002,14.82,True
DNK,ANY,ALL,2002,2.45,True
DOM,ANY,ALL,2002,9.2,True
DZA,ANY,ALL,2002,12.99,True
ECU,ANY,ALL,2002,10.67,True
EGY,ANY,ALL,2002,19.89,True
ERI,ANY,ALL,2002,5.8,True
ESP,ANY,ALL,2002,2.45,True
EST,ANY,ALL,2002,0.91,True
ETH,ANY,ALL,2002,13.48,True
FIN,ANY,ALL,2002,2.45,True
FRA,ANY,ALL,2002,2.45,True
GAB,ANY,ALL,2002,14.72,True
GBR,ANY,ALL,2002,2.45,True
GEO,ANY,ALL,2002,10.7,True
GHA,ANY,ALL,2002,9.05,True
GNB,ANY,ALL,2002,12.8,True
GNQ,ANY,ALL,2002,15.8,True
GRC,ANY,ALL,2002,2.45,True
GRD,ANY,ALL,2002,12.04,True
GTM,ANY,ALL,2002,6.11,True
GUY,ANY,ALL,2002,11.84,True
HKG,ANY,ALL,2002,0.0,True
HND,ANY,ALL,2002,7.18,True
HRV,ANY,ALL,2002,4.76,True
HTI,ANY,ALL,2002,3.8,True
HUN,ANY,ALL,2002,7.91,True
IDN,ANY,ALL,2002,4.38,True
IND,ANY,ALL,2002,23.08,True
IRL,ANY,ALL,2002,2.45,True
ISR,ANY,ALL,2002,3.47,True
ITA,ANY,ALL,2002,2.45,True
JAM,ANY,ALL,2002,9.83,True
JOR,ANY,ALL,2002,12.66,True
JPN,ANY,ALL,2002,5.52,True
KEN,ANY,ALL,2002,12.23,True
KGZ,ANY,ALL,2002,6.8,True
KHM,ANY,ALL,2002,16.18,True
KNA,ANY,ALL,2002,13.68,True
KOR,ANY,ALL,2002,9.98,True
KWT,ANY,ALL,2002,4.3,True
LBN,ANY,ALL,2002,27.08,True
LBY,ANY,ALL,2002,30.73,True
LCA,ANY,ALL,2002,12.69,True
LTU,ANY,ALL,2002,0.63,True
MAC,ANY,ALL,2002,0.0,True
MAR,ANY,ALL,2002,24.49,True
MDG,ANY,ALL,2002,2.72,True
MDV,ANY,ALL,2002,19.87,True
MEX,ANY,ALL,2002,5.03,True
MKD,ANY,ALL,2002,7.74,True
MLI,ANY,ALL,2002,10.77,True
MLT,ANY,ALL,2002,5.94,True
MMR,ANY,ALL,2002,3.98,True
MNG,ANY,ALL,2002,6.98,True
MOZ,ANY,ALL,2002,8.43,True
MUS,ANY,ALL,2002,12.94,True
MYS,ANY,ALL,2002,4.2,True
NAM,ANY,ALL,2002,1.11,True
NER,ANY,ALL,2002,12.81,True
NGA,ANY,ALL,2002,18.45,True
NIC,ANY,ALL,2002,2.89,True
NLD,ANY,ALL,2002,2.45,True
NOR,ANY,ALL,2002,2.65,True
NPL,ANY,ALL,2002,15.45,True
NZL,ANY,ALL,2002,3.85,True
OMN,ANY,ALL,2002,13.65,True
PAK,ANY,ALL,2002,17.39,True
PAN,ANY,ALL,2002,7.46,True
PER,ANY,ALL,2002,9.92,True
PHL,ANY,ALL,2002,2.62,True
PNG,ANY,ALL,2002,2.95,True
POL,ANY,ALL,2002,3.8,True
PRT,ANY,ALL,2002,2.45,True
PRY,ANY,ALL,2002,9.94,True
QAT,ANY,ALL,2002,4.28,True
RUS,ANY,ALL,2002,10.8,True
RWA,ANY,ALL,2002,20.12,True
SAU,ANY,ALL,2002,6.53,True
SDN,ANY,ALL,2002,17.02,True
SEN,ANY,ALL,2002,8.26,True
SGP,ANY,ALL,2002,0.04,True
SLV,ANY,ALL,2002,4.35,True
SRB,ANY,ALL,2002,7.88,True
SVK,ANY,ALL,2002,4.61,True
SVN,ANY,ALL,2002,1.65,True
SWE,ANY,ALL,2002,2.45,True
SWZ,ANY,ALL,2002,8.78,True
SYR,ANY,ALL,2002,15.5,True
TCD,ANY,ALL,2002,14.38,True
TGO,ANY,ALL,2002,10.2,True
TKM,ANY,ALL,2002,2.88,True
TTO,ANY,ALL,2002,4.92,True
TUN,ANY,ALL,2002,26.38,True
TUR,ANY,ALL,2002,1.84,True
UGA,ANY,ALL,2002,5.98,True
UKR,ANY,ALL,2002,3.99,True
URY,ANY,ALL,2002,10.67,True
USA,ANY,ALL,2002,2.16,True
VCT,ANY,ALL,2002,11.68,True
VEN,ANY,ALL,2002,13.7,True
VNM,ANY,ALL,2002,14.73,True
VUT,ANY,ALL,2002,20.27,True
ZAF,ANY,ALL,2002,4.95,True
ZMB,ANY,ALL,2002,10.68,True
ZWE,ANY,ALL,2002,17.48,True
ALB,ANY,ALL,2003,8.17,True
ARG,ANY,ALL,2003,12.87,True
ARM,ANY,ALL,2003,2.27,True
ATG,ANY,ALL,2003,12.36,True
AUS,ANY,ALL,2003,3.74,True
AUT,ANY,ALL,2003,2.52,True
BDI,ANY,ALL,2003,13.8,True
BEL,ANY,ALL,2003,2.52,True
BEN,ANY,ALL,2003,12.69,True
BFA,ANY,ALL,2003,11.3,True
BGD,ANY,ALL,2003,19.06,True
BGR,ANY,ALL,2003,9.67,True
BHR,ANY,ALL,2003,5.76,True
BLZ,ANY,ALL,2003,11.35,True
BOL,ANY,ALL,2003,8.56,True
BRA,ANY,ALL,2003,9.53,True
BRB,ANY,ALL,2003,21.45,True
BRN,ANY,ALL,2003,11.9,True
CAF,ANY,ALL,2003,29.86,True
CAN,ANY,ALL,2003,2.46,True
CHE,ANY,ALL,2003,2.65,True
CHL,ANY,ALL,2003,5.77,True
CHN,ANY,ALL,2003,6.48,True
CIV,ANY,ALL,2003,9.61,True
CMR,ANY,ALL,2003,14.27,True
COD,ANY,ALL,2003,12.65,True
COG,ANY,ALL,2003,11.79,True
COL,ANY,ALL,2003,11.06,True
CRI,ANY,ALL,2003,3.44,True
CUB,ANY,ALL,2003,9.01,True
CZE,ANY,ALL,2003,4.35,True
DEU,ANY,ALL,2003,2.52,True
DMA,ANY,ALL,2003,14.2,True
DNK,ANY,ALL,2003,2.52,True
DOM,ANY,ALL,2003,8.91,True
DZA,ANY,ALL,2003,11.97,True
ECU,ANY,ALL,2003,9.9,True
EGY,ANY,ALL,2003,15.04,True
ESP,ANY,ALL,2003,2.52,True
EST,ANY,ALL,2003,0.89,True
FIN,ANY,ALL,2003,2.52,True
FJI,ANY,ALL,2003,9.51,True
FRA,ANY,ALL,2003,2.52,True
GAB,ANY,ALL,2003,16.78,True
GBR,ANY,ALL,2003,2.52,True
GEO,ANY,ALL,2003,9.44,True
GHA,ANY,ALL,2003,9.05,True
GMB,ANY,ALL,2003,11.09,True
GNB,ANY,ALL,2003,13.28,True
GRC,ANY,ALL,2003,2.52,True
GRD,ANY,ALL,2003,11.43,True
GTM,ANY,ALL,2003,6.18,True
GUY,ANY,ALL,2003,11.5,True
HKG,ANY,ALL,2003,0.0,True
HND,ANY,ALL,2003,7.18,True
HRV,ANY,ALL,2003,2.55,True
IDN,ANY,ALL,2003,4.04,True
IND,ANY,ALL,2003,21.45,True
IRL,ANY,ALL,2003,2.52,True
IRN,ANY,ALL,2003,16.74,True
ISL,ANY,ALL,2003,4.31,True
ISR,ANY,ALL,2003,3.28,True
ITA,ANY,ALL,2003,2.52,True
JAM,ANY,ALL,2003,10.08,True
JOR,ANY,ALL,2003,11.44,True
JPN,ANY,ALL,2003,5.23,True
KGZ,ANY,ALL,2003,4.31,True
KHM,ANY,ALL,2003,16.29,True
KNA,ANY,ALL,2003,13.71,True
KOR,ANY,ALL,2003,9.7,True
KWT,ANY,ALL,2003,4.52,True
LCA,ANY,ALL,2003,12.78,True
LKA,ANY,ALL,2003,6.27,True
LTU,ANY,ALL,2003,0.66,True
MAC,ANY,ALL,2003,0.0,True
MAR,ANY,ALL,2003,24.88,True
MDA,ANY,ALL,2003,3.37,True
MDG,ANY,ALL,2003,3.32,True
MDV,ANY,ALL,2003,20.68,True
MEX,ANY,ALL,2003,15.44,True
MLI,ANY,ALL,2003,10.9,True
MLT,ANY,ALL,2003,5.65,True
MMR,ANY,ALL,2003,3.9,True
MNG,ANY,ALL,2003,5.03,True
MOZ,ANY,ALL,2003,8.4,True
MWI,ANY,ALL,2003,11.13,True
MYS,ANY,ALL,2003,4.57,True
NER,ANY,ALL,2003,12.67,True
NGA,ANY,ALL,2003,20.62,True
NIC,ANY,ALL,2003,2.93,True
NLD,ANY,ALL,2003,2.52,True
NOR,ANY,ALL,2003,2.45,True
NPL,ANY,ALL,2003,15.86,True
NZL,ANY,ALL,2003,4.21,True
OMN,ANY,ALL,2003,5.07,True
PAK,ANY,ALL,2003,16.71,True
PAN,ANY,ALL,2003,7.89,True
PER,ANY,ALL,2003,9.5,True
PHL,ANY,ALL,2003,2.44,True
PNG,ANY,ALL,2003,2.3,True
POL,ANY,ALL,2003,2.36,True
PRT,ANY,ALL,2003,2.52,True
PRY,ANY,ALL,2003,9.85,True
QAT,ANY,ALL,2003,4.98,True
RWA,ANY,ALL,2003,8.33,True
SAU,ANY,ALL,2003,7.28,True
SEN,ANY,ALL,2003,9.12,True
SGP,ANY,ALL,2003,0.02,True
SLV,ANY,ALL,2003,6.99,True
SVN,ANY,ALL,2003,1.72,True
SWE,ANY,ALL,2003,2.52,True
TCD,ANY,ALL,2003,14.05,True
TGO,ANY,ALL,2003,10.78,True
THA,ANY,ALL,2003,8.27,True
TTO,ANY,ALL,2003,5.46,True
TUN,ANY,ALL,2003,22.15,True
TUR,ANY,ALL,2003,1.92,True
TZA,ANY,ALL,2003,8.38,True
UGA,ANY,ALL,2003,5.53,True
USA,ANY,ALL,2003,1.96,True
VCT,ANY,ALL,2003,11.76,True
VEN,ANY,ALL,2003,12.75,True
VNM,ANY,ALL,2003,11.79,True
VUT,ANY,ALL,2003,17.09,True
ZAF,ANY,ALL,2003,5.15,True
ZMB,ANY,ALL,2003,8.7,True
ZWE,ANY,ALL,2003,17.33,True
AFG,ANY,ALL,2004,4.01,True
AGO,ANY,ALL,2004,6.16,True
ALB,ANY,ALL,2004,7.34,True
ARG,ANY,ALL,2004,5.96,True
ARM,ANY,ALL,2004,2.41,True
ATG,ANY,ALL,2004,12.11,True
AUS,ANY,ALL,2004,3.69,True
AUT,ANY,ALL,2004,2.24,True
BEL,ANY,ALL,2004,2.24,True
BEN,ANY,ALL,2004,12.7,True
BFA,ANY,ALL,2004,11.38,True
BGD,ANY,ALL,2004,15.8,True
BGR,ANY,ALL,2004,9.6,True
BHR,ANY,ALL,2004,5.77,True
BOL,ANY,ALL,2004,5.48,True
BRA,ANY,ALL,2004,7.67,True
BRB,ANY,ALL,2004,15.48,True
BRN,ANY,ALL,2004,6.12,True
BTN,ANY,ALL,2004,21.49,True
BWA,ANY,ALL,2004,0.92,True
CAF,ANY,ALL,2004,29.86,True
CAN,ANY,ALL,2004,1.51,True
CHE,ANY,ALL,2004,2.11,True
CHL,ANY,ALL,2004,3.95,True
CHN,ANY,ALL,2004,5.96,True
CIV,ANY,ALL,2004,8.54,True
CMR,ANY,ALL,2004,14.27,True
COG,ANY,ALL,2004,11.79,True
COL,ANY,ALL,2004,9.77,True
CRI,ANY,ALL,2004,4.04,True
CUB,ANY,ALL,2004,7.78,True
CYP,ANY,ALL,2004,2.24,True
CZE,ANY,ALL,2004,2.24,True
DEU,ANY,ALL,2004,2.24,True
DNK,ANY,ALL,2004,2.24,True
DOM,ANY,ALL,2004,8.92,True
ECU,ANY,ALL,2004,8.95,True
EGY,ANY,ALL,2004,10.63,True
ESP,ANY,ALL,2004,2.24,True
EST,ANY,ALL,2004,2.24,True
FIN,ANY,ALL,2004,2.24,True
FJI,ANY,ALL,2004,10.44,True
FRA,ANY,ALL,2004,2.24,True
GAB,ANY,ALL,2004,16.78,True
GBR,ANY,ALL,2004,2.24,True
GEO,ANY,ALL,2004,9.43,True
GIN,ANY,ALL,2004,6.11,True
GNB,ANY,ALL,2004,13.94,True
GRC,ANY,ALL,2004,2.24,True
GTM,ANY,ALL,2004,4.9,True
HKG,ANY,ALL,2004,0.0,True
HND,ANY,ALL,2004,4.94,True
HRV,ANY,ALL,2004,1.27,True
HUN,ANY,ALL,2004,2.24,True
IDN,ANY,ALL,2004,4.02,True
IND,ANY,ALL,2004,22.96,True
IRL,ANY,ALL,2004,2.24,True
IRN,ANY,ALL,2004,13.84,True
ISL,ANY,ALL,2004,4.52,True
ISR,ANY,ALL,2004,1.22,True
ITA,ANY,ALL,2004,2.24,True
JAM,ANY,ALL,2004,9.43,True
JOR,ANY,ALL,2004,11.23,True
JPN,ANY,ALL,2004,4.0,True
KAZ,ANY,ALL,2004,1.91,True
KEN,ANY,ALL,2004,10.44,True
KOR,ANY,ALL,2004,9.25,True
KWT,ANY,ALL,2004,4.52,True
LAO,ANY,ALL,2004,10.96,True
LBN,ANY,ALL,2004,5.33,True
LKA,ANY,ALL,2004,6.73,True
LSO,ANY,ALL,2004,16.35,True
LTU,ANY,ALL,2004,2.24,True
LVA,ANY,ALL,2004,2.24,True
MAC,ANY,ALL,2004,0.0,True
MDA,ANY,ALL,2004,3.08,True
MDG,ANY,ALL,2004,1.74,True
MDV,ANY,ALL,2004,19.84,True
MEX,ANY,ALL,2004,3.0,True
MKD,ANY,ALL,2004,8.09,True
MLI,ANY,ALL,2004,10.96,True
MLT,ANY,ALL,2004,2.24,True
MMR,ANY,ALL,2004,3.68,True
MNG,ANY,ALL,2004,5.02,True
MUS,ANY,ALL,2004,12.02,True
MYS,ANY,ALL,2004,5.37,True
NAM,ANY,ALL,2004,0.88,True
NER,ANY,ALL,2004,11.69,True
NIC,ANY,ALL,2004,3.76,True
NLD,ANY,ALL,2004,2.24,True
NOR,ANY,ALL,2004,2.79,True
NPL,ANY,ALL,2004,15.49,True
NZL,ANY,ALL,2004,4.32,True
OMN,ANY,ALL,2004,4.68,True
PAK,ANY,ALL,2004,13.02,True
PAN,ANY,ALL,2004,7.63,True
PER,ANY,ALL,2004,8.7,True
PHL,ANY,ALL,2004,2.86,True
PNG,ANY,ALL,2004,2.1,True
POL,ANY,ALL,2004,2.24,True
PRT,ANY,ALL,2004,2.24,True
PRY,ANY,ALL,2004,5.12,True
QAT,ANY,ALL,2004,5.12,True
ROU,ANY,ALL,2004,3.31,True
SAU,ANY,ALL,2004,7.01,True
SEN,ANY,ALL,2004,9.25,True
SGP,ANY,ALL,2004,0.0,True
SLE,ANY,ALL,2004,15.32,True
SLV,ANY,ALL,2004,4.2,True
SVK,ANY,ALL,2004,2.24,True
SVN,ANY,ALL,2004,2.24,True
SWE,ANY,ALL,2004,2.24,True
SWZ,ANY,ALL,2004,10.45,True
TCD,ANY,ALL,2004,12.69,True
TGO,ANY,ALL,2004,10.79,True
THA,ANY,ALL,2004,6.03,True
TTO,ANY,ALL,2004,6.23,True
TUN,ANY,ALL,2004,22.4,True
TUR,ANY,ALL,2004,2.18,True
UGA,ANY,ALL,2004,5.32,True
URY,ANY,ALL,2004,4.18,True
USA,ANY,ALL,2004,1.79,True
VEN,ANY,ALL,2004,11.87,True
VNM,ANY,ALL,2004,11.69,True
VUT,ANY,ALL,2004,17.14,True
ZAF,ANY,ALL,2004,5.29,True
ZMB,ANY,ALL,2004,12.58,True
AGO,ANY,ALL,2005,7.08,True
ALB,ANY,ALL,2005,7.11,True
ARE,ANY,ALL,2005,4.2,True
ARG,ANY,ALL,2005,5.22,True
ARM,ANY,ALL,2005,2.28,True
ATG,ANY,ALL,2005,12.18,True
AUS,ANY,ALL,2005,3.07,True
AUT,ANY,ALL,2005,2.46,True
AZE,ANY,ALL,2005,6.09,True
BDI,ANY,ALL,2005,21.1,True
BEL,ANY,ALL,2005,2.46,True
BEN,ANY,ALL,2005,12.68,True
BFA,ANY,ALL,2005,11.03,True
BGD,ANY,ALL,2005,22.7,True
BGR,ANY,ALL,2005,9.12,True
BHR,ANY,ALL,2005,5.14,True
BOL,ANY,ALL,2005,5.57,True
BRA,ANY,ALL,2005,7.17,True
BRN,ANY,ALL,2005,5.85,True
BTN,ANY,ALL,2005,21.51,True
BWA,ANY,ALL,2005,0.85,True
CAF,ANY,ALL,2005,29.49,True
CAN,ANY,ALL,2005,1.46,True
CHE,ANY,ALL,2005,2.32,True
CHL,ANY,ALL,2005,3.99,True
CHN,ANY,ALL,2005,4.87,True
CIV,ANY,ALL,2005,7.61,True
CMR,ANY,ALL,2005,14.45,True
COG,ANY,ALL,2005,11.93,True
COL,ANY,ALL,2005,9.62,True
CPV,ANY,ALL,2005,13.75,True
CRI,ANY,ALL,2005,4.14,True
CUB,ANY,ALL,2005,7.26,True
CYP,ANY,ALL,2005,2.46,True
CZE,ANY,ALL,2005,2.46,True
DEU,ANY,ALL,2005,2.46,True
DJI,ANY,ALL,2005,26.31,True
DNK,ANY,ALL,2005,2.46,True
DOM,ANY,ALL,2005,9.18,True
DZA,ANY,ALL,2005,10.23,True
ECU,ANY,ALL,2005,8.69,True
EGY,ANY,ALL,2005,8.76,True
ESP,ANY,ALL,2005,2.46,True
EST,ANY,ALL,2005,2.46,True
FIN,ANY,ALL,2005,2.46,True
FRA,ANY,ALL,2005,2.46,True
GAB,ANY,ALL,2005,16.29,True
GBR,ANY,ALL,2005,2.46,True
GEO,ANY,ALL,2005,8.21,True
GIN,ANY,ALL,2005,12.53,True
GNB,ANY,ALL,2005,11.62,True
GNQ,ANY,ALL,2005,15.24,True
GRC,ANY,ALL,2005,2.46,True
GTM,ANY,ALL,2005,5.82,True
HKG,ANY,ALL,2005,0.0,True
HND,ANY,ALL,2005,6.01,True
HRV,ANY,ALL,2005,1.16,True
HUN,ANY,ALL,2005,2.46,True
IDN,ANY,ALL,2005,3.97,True
IND,ANY,ALL,2005,13.9,True
IRL,ANY,ALL,2005,2.46,True
ISL,ANY,ALL,2005,4.24,True
ISR,ANY,ALL,2005,1.33,True
ITA,ANY,ALL,2005,2.46,True
JOR,ANY,ALL,2005,7.5,True
JPN,ANY,ALL,2005,3.58,True
KEN,ANY,ALL,2005,6.58,True
KHM,ANY,ALL,2005,10.81,True
KOR,ANY,ALL,2005,7.95,True
KWT,ANY,ALL,2005,3.91,True
LAO,ANY,ALL,2005,9.95,True
LBN,ANY,ALL,2005,6.13,True
LCA,ANY,ALL,2005,13.76,True
LKA,ANY,ALL,2005,7.56,True
LSO,ANY,ALL,2005,16.74,True
LTU,ANY,ALL,2005,2.46,True
LVA,ANY,ALL,2005,2.46,True
MAC,ANY,ALL,2005,0.0,True
MAR,ANY,ALL,2005,13.54,True
MDA,ANY,ALL,2005,3.23,True
MDG,ANY,ALL,2005,5.89,True
MDV,ANY,ALL,2005,21.09,True
MEX,ANY,ALL,2005,3.0,True
MKD,ANY,ALL,2005,3.71,True
MLI,ANY,ALL,2005,10.41,True
MLT,ANY,ALL,2005,2.46,True
MMR,ANY,ALL,2005,2.86,True
MNG,ANY,ALL,2005,4.29,True
MOZ,ANY,ALL,2005,8.09,True
MUS,ANY,ALL,2005,4.65,True
MYS,ANY,ALL,2005,4.27,True
NAM,ANY,ALL,2005,0.96,True
NER,ANY,ALL,2005,11.99,True
NGA,ANY,ALL,2005,9.34,True
NIC,ANY,ALL,2005,5.46,True
NLD,ANY,ALL,2005,2.46,True
NOR,ANY,ALL,2005,2.87,True
NPL,ANY,ALL,2005,15.4,True
NZL,ANY,ALL,2005,4.14,True
OMN,ANY,ALL,2005,3.22,True
PAK,ANY,ALL,2005,13.0,True
PAN,ANY,ALL,2005,6.91,True
PER,ANY,ALL,2005,8.33,True
PHL,ANY,ALL,2005,3.14,True
PLW,ANY,ALL,2005,1.76,True
PNG,ANY,ALL,2005,2.13,True
POL,ANY,ALL,2005,2.46,True
PRT,ANY,ALL,2005,2.46,True
PRY,ANY,ALL,2005,4.61,True
QAT,ANY,ALL,2005,4.3,True
ROU,ANY,ALL,2005,3.09,True
RUS,ANY,ALL,2005,10.48,True
RWA,ANY,ALL,2005,14.18,True
SAU,ANY,ALL,2005,4.05,True
SEN,ANY,ALL,2005,9.2,True
SGP,ANY,ALL,2005,0.03,True
SLV,ANY,ALL,2005,7.48,True
SRB,ANY,ALL,2005,6.03,True
SVK,ANY,ALL,2005,2.46,True
SVN,ANY,ALL,2005,2.46,True
SWE,ANY,ALL,2005,2.46,True
SWZ,ANY,ALL,2005,9.44,True
SYC,ANY,ALL,2005,32.6,True
TCD,ANY,ALL,2005,13.63,True
TGO,ANY,ALL,2005,10.4,True
THA,ANY,ALL,2005,4.81,True
TTO,ANY,ALL,2005,8.3,True
TUN,ANY,ALL,2005,8.77,True
TUR,ANY,ALL,2005,1.5,True
TZA,ANY,ALL,2005,7.85,True
UGA,ANY,ALL,2005,8.98,True
URY,ANY,ALL,2005,3.46,True
USA,ANY,ALL,2005,1.75,True
VEN,ANY,ALL,2005,12.77,True
VNM,ANY,ALL,2005,11.35,True
VUT,ANY,ALL,2005,17.16,True
ZAF,ANY,ALL,2005,5.64,True
ZMB,ANY,ALL,2005,9.32,True
AFG,ANY,ALL,2006,7.79,True
AGO,ANY,ALL,2006,7.08,True
ALB,ANY,ALL,2006,6.61,True
ARG,ANY,ALL,2006,5.49,True
ARM,ANY,ALL,2006,1.94,True
ATG,ANY,ALL,2006,11.73,True
AUS,ANY,ALL,2006,3.38,True
AUT,ANY,ALL,2006,2.3,True
BDI,ANY,ALL,2006,17.49,True
BEL,ANY,ALL,2006,2.3,True
BEN,ANY,ALL,2006,11.57,True
BFA,ANY,ALL,2006,8.73,True
BGD,ANY,ALL,2006,21.62,True
BGR,ANY,ALL,2006,2.07,True
BHR,ANY,ALL,2006,4.96,True
BHS,ANY,ALL,2006,23.88,True
BIH,ANY,ALL,2006,8.88,True
BLZ,ANY,ALL,2006,9.57,True
BOL,ANY,ALL,2006,4.17,True
BRA,ANY,ALL,2006,6.7,True
BRB,ANY,ALL,2006,12.66,True
BRN,ANY,ALL,2006,5.46,True
BWA,ANY,ALL,2006,0.88,True
CAF,ANY,ALL,2006,29.87,True
CAN,ANY,ALL,2006,1.45,True
CHE,ANY,ALL,2006,2.71,True
CHL,ANY,ALL,2006,2.36,True
CHN,ANY,ALL,2006,4.25,True
CIV,ANY,ALL,2006,7.29,True
CMR,ANY,ALL,2006,13.81,True
COD,ANY,ALL,2006,11.26,True
COG,ANY,ALL,2006,11.79,True
COL,ANY,ALL,2006,8.75,True
CPV,ANY,ALL,2006,13.19,True
CRI,ANY,ALL,2006,3.32,True
CUB,ANY,ALL,2006,9.25,True
CYP,ANY,ALL,2006,2.3,True
CZE,ANY,ALL,2006,2.3,True
DEU,ANY,ALL,2006,2.3,True
DJI,ANY,ALL,2006,27.16,True
DMA,ANY,ALL,2006,7.78,True
DNK,ANY,ALL,2006,2.3,True
DOM,ANY,ALL,2006,8.33,True
DZA,ANY,ALL,2006,9.93,True
ECU,ANY,ALL,2006,6.16,True
EGY,ANY,ALL,2006,10.05,True
ERI,ANY,ALL,2006,5.43,True
ESP,ANY,ALL,2006,2.3,True
EST,ANY,ALL,2006,2.3,True
ETH,ANY,ALL,2006,12.03,True
FIN,ANY,ALL,2006,2.3,True
FJI,ANY,ALL,2006,8.92,True
FRA,ANY,ALL,2006,2.3,True
GBR,ANY,ALL,2006,2.3,True
GEO,ANY,ALL,2006,4.32,True
GNB,ANY,ALL,2006,11.54,True
GRC,ANY,ALL,2006,2.3,True
GRD,ANY,ALL,2006,8.75,True
GTM,ANY,ALL,2006,5.39,True
GUY,ANY,ALL,2006,6.21,True
HKG,ANY,ALL,2006,0.0,True
HND,ANY,ALL,2006,5.92,True
HRV,ANY,ALL,2006,1.11,True
HUN,ANY,ALL,2006,2.3,True
IDN,ANY,ALL,2006,3.53,True
IND,ANY,ALL,2006,8.99,True
IRL,ANY,ALL,2006,2.3,True
ISL,ANY,ALL,2006,1.83,True
ISR,ANY,ALL,2006,2.42,True
ITA,ANY,ALL,2006,2.3,True
JAM,ANY,ALL,2006,8.91,True
JOR,ANY,ALL,2006,5.63,True
JPN,ANY,ALL,2006,2.82,True
KEN,ANY,ALL,2006,6.32,True
KGZ,ANY,ALL,2006,1.18,True
KHM,ANY,ALL,2006,10.46,True
KNA,ANY,ALL,2006,12.41,True
KOR,ANY,ALL,2006,7.43,True
KWT,ANY,ALL,2006,3.74,True
LAO,ANY,ALL,2006,9.22,True
LBN,ANY,ALL,2006,4.32,True
LBY,ANY,ALL,2006,0.0,True
LCA,ANY,ALL,2006,9.43,True
LKA,ANY,ALL,2006,7.23,True
LSO,ANY,ALL,2006,15.67,True
LTU,ANY,ALL,2006,2.3,True
LVA,ANY,ALL,2006,2.3,True
MAC,ANY,ALL,2006,0.0,True
MAR,ANY,ALL,2006,10.82,True
MDA,ANY,ALL,2006,1.68,True
MDG,ANY,ALL,2006,9.54,True
MDV,ANY,ALL,2006,21.23,True
MEX,ANY,ALL,2006,2.39,True
MKD,ANY,ALL,2006,4.45,True
MLI,ANY,ALL,2006,8.31,True
MLT,ANY,ALL,2006,2.3,True
MMR,ANY,ALL,2006,2.83,True
MNG,ANY,ALL,2006,4.4,True
MOZ,ANY,ALL,2006,7.31,True
MRT,ANY,ALL,2006,9.9,True
MUS,ANY,ALL,2006,1.68,True
MWI,ANY,ALL,2006,8.11,True
MYS,ANY,ALL,2006,3.68,True
NAM,ANY,ALL,2006,0.97,True
NER,ANY,ALL,2006,9.58,True
NGA,ANY,ALL,2006,9.4,True
NIC,ANY,ALL,2006,4.13,True
NLD,ANY,ALL,2006,2.3,True
NOR,ANY,ALL,2006,2.35,True
NPL,ANY,ALL,2006,13.13,True
NZL,ANY,ALL,2006,4.52,True
OMN,ANY,ALL,2006,3.4,True
PAK,ANY,ALL,2006,12.71,True
PAN,ANY,ALL,2006,7.6,True
PER,ANY,ALL,2006,5.25,True
PHL,ANY,ALL,2006,3.1,True
PLW,ANY,ALL,2006,1.76,True
PNG,ANY,ALL,2006,1.89,True
POL,ANY,ALL,2006,2.3,True
PRT,ANY,ALL,2006,2.3,True
PRY,ANY,ALL,2006,2.4,True
QAT,ANY,ALL,2006,4.28,True
RWA,ANY,ALL,2006,12.45,True
SAU,ANY,ALL,2006,4.12,True
SDN,ANY,ALL,2006,10.19,True
SEN,ANY,ALL,2006,9.35,True
SGP,ANY,ALL,2006,0.01,True
SLE,ANY,ALL,2006,14.33,True
SLV,ANY,ALL,2006,3.93,True
SVK,ANY,ALL,2006,2.3,True
SVN,ANY,ALL,2006,2.3,True
SWE,ANY,ALL,2006,2.3,True
SWZ,ANY,ALL,2006,8.67,True
SYC,ANY,ALL,2006,32.58,True
TCD,ANY,ALL,2006,14.52,True
TGO,ANY,ALL,2006,10.82,True
THA,ANY,ALL,2006,4.62,True
TJK,ANY,ALL,2006,3.97,True
TTO,ANY,ALL,2006,12.26,True
TUN,ANY,ALL,2006,18.26,True
TUR,ANY,ALL,2006,1.47,True
TZA,ANY,ALL,2006,7.4,True
UGA,ANY,ALL,2006,7.71,True
UKR,ANY,ALL,2006,3.05,True
URY,ANY,ALL,2006,3.26,True
USA,ANY,ALL,2006,1.7,True
UZB,ANY,ALL,2006,7.54,True
VCT,ANY,ALL,2006,3.75,True
VEN,ANY,ALL,2006,10.61,True
VNM,ANY,ALL,2006,10.21,True
VUT,ANY,ALL,2006,15.81,True
YEM,ANY,ALL,2006,6.46,True
ZAF,ANY,ALL,2006,5.29,True
ZMB,ANY,ALL,2006,11.56,True
AFG,ANY,ALL,2007,7.8,True
ALB,ANY,ALL,2007,5.72,True
ARE,ANY,ALL,2007,3.69,True
ARG,ANY,ALL,2007,5.83,True
ARM,ANY,ALL,2007,2.42,True
ATG,ANY,ALL,2007,13.57,True
AUS,ANY,ALL,2007,3.45,True
AUT,ANY,ALL,2007,2.24,True
AZE,ANY,ALL,2007,4.04,True
BDI,ANY,ALL,2007,12.28,True
BEL,ANY,ALL,2007,2.24,True
BEN,ANY,ALL,2007,11.03,True
BFA,ANY,ALL,2007,8.77,True
BGD,ANY,ALL,2007,9.23,True
BGR,ANY,ALL,2007,2.24,True
BHR,ANY,ALL,2007,4.48,True
BIH,ANY,ALL,2007,6.36,True
BLZ,ANY,ALL,2007,9.27,True
BMU,ANY,ALL,2007,18.75,True
BOL,ANY,ALL,2007,4.33,True
BRA,ANY,ALL,2007,6.77,True
BRB,ANY,ALL,2007,14.79,True
BRN,ANY,ALL,2007,5.24,True
BTN,ANY,ALL,2007,9.97,True
BWA,ANY,ALL,2007,0.83,True
CAF,ANY,ALL,2007,15.23,True
CAN,ANY,ALL,2007,1.54,True
CHE,ANY,ALL,2007,1.89,True
CHL,ANY,ALL,2007,2.95,True
CHN,ANY,ALL,2007,5.07,True
CIV,ANY,ALL,2007,6.56,True
CMR,ANY,ALL,2007,13.01,True
COD,ANY,ALL,2007,11.57,True
COG,ANY,ALL,2007,15.43,True
COL,ANY,ALL,2007,8.82,True
CPV,ANY,ALL,2007,12.23,True
CRI,ANY,ALL,2007,3.76,True
CUB,ANY,ALL,2007,9.23,True
CYP,ANY,ALL,2007,2.24,True
CZE,ANY,ALL,2007,2.24,True
DEU,ANY,ALL,2007,2.24,True
DMA,ANY,ALL,2007,7.85,True
DNK,ANY,ALL,2007,2.24,True
DOM,ANY,ALL,2007,4.46,True
DZA,ANY,ALL,2007,9.63,True
ECU,ANY,ALL,2007,5.9,True
EGY,ANY,ALL,2007,8.92,True
ESP,ANY,ALL,2007,2.24,True
EST,ANY,ALL,2007,2.24,True
FIN,ANY,ALL,2007,2.24,True
FJI,ANY,ALL,2007,9.07,True
FRA,ANY,ALL,2007,2.24,True
GAB,ANY,ALL,2007,14.25,True
GBR,ANY,ALL,2007,2.24,True
GEO,ANY,ALL,2007,0.55,True
GHA,ANY,ALL,2007,8.96,True
GMB,ANY,ALL,2007,14.72,True
GNB,ANY,ALL,2007,13.36,True
GNQ,ANY,ALL,2007,15.63,True
GRC,ANY,ALL,2007,2.24,True
GRD,ANY,ALL,2007,9.5,True
GTM,ANY,ALL,2007,4.53,True
GUY,ANY,ALL,2007,11.08,True
HKG,ANY,ALL,2007,0.0,True
HND,ANY,ALL,2007,4.47,True
HRV,ANY,ALL,2007,1.13,True
HTI,ANY,ALL,2007,4.75,True
HUN,ANY,ALL,2007,2.24,True
IDN,ANY,ALL,2007,2.9,True
IND,ANY,ALL,2007,11.99,True
IRL,ANY,ALL,2007,2.24,True
IRN,ANY,ALL,2007,17.55,True
ISL,ANY,ALL,2007,1.9,True
ISR,ANY,ALL,2007,1.37,True
ITA,ANY,ALL,2007,2.24,True
JAM,ANY,ALL,2007,8.92,True
JOR,ANY,ALL,2007,5.62,True
JPN,ANY,ALL,2007,2.74,True
KEN,ANY,ALL,2007,6.79,True
KGZ,ANY,ALL,2007,1.06,True
KHM,ANY,ALL,2007,10.53,True
KNA,ANY,ALL,2007,12.32,True
KOR,ANY,ALL,2007,7.13,True
KWT,ANY,ALL,2007,3.53,True
LAO,ANY,ALL,2007,8.09,True
LBN,ANY,ALL,2007,4.79,True
LCA,ANY,ALL,2007,9.0,True
LKA,ANY,ALL,2007,7.19,True
LSO,ANY,ALL,2007,13.58,True
LTU,ANY,ALL,2007,2.24,True
LVA,ANY,ALL,2007,2.24,True
MAC,ANY,ALL,2007,0.0,True
MAR,ANY,ALL,2007,10.04,True
MDA,ANY,ALL,2007,2.7,True
MDG,ANY,ALL,2007,8.48,True
MEX,ANY,ALL,2007,2.41,True
MKD,ANY,ALL,2007,5.76,True
MLI,ANY,ALL,2007,8.44,True
MLT,ANY,ALL,2007,2.24,True
MMR,ANY,ALL,2007,2.78,True
MNE,ANY,ALL,2007,5.46,True
MNG,ANY,ALL,2007,5.1,True
MOZ,ANY,ALL,2007,7.74,True
MRT,ANY,ALL,2007,9.46,True
MUS,ANY,ALL,2007,2.18,True
MYS,ANY,ALL,2007,3.71,True
NAM,ANY,ALL,2007,1.15,True
NER,ANY,ALL,2007,9.41,True
NIC,ANY,ALL,2007,3.59,True
NLD,ANY,ALL,2007,2.24,True
NOR,ANY,ALL,2007,2.57,True
NPL,ANY,ALL,2007,13.29,True
NZL,ANY,ALL,2007,2.62,True
OMN,ANY,ALL,2007,3.29,True
PAK,ANY,ALL,2007,12.11,True
PAN,ANY,ALL,2007,7.54,True
PER,ANY,ALL,2007,5.18,True
PHL,ANY,ALL,2007,2.78,True
PNG,ANY,ALL,2007,1.59,True
POL,ANY,ALL,2007,2.24,True
PRT,ANY,ALL,2007,2.24,True
PRY,ANY,ALL,2007,3.34,True
QAT,ANY,ALL,2007,3.68,True
ROU,ANY,ALL,2007,2.24,True
RUS,ANY,ALL,2007,7.26,True
SAU,ANY,ALL,2007,3.77,True
SEN,ANY,ALL,2007,8.49,True
SGP,ANY,ALL,2007,0.01,True
SLV,ANY,ALL,2007,4.82,True
SRB,ANY,ALL,2007,5.63,True
SUR,ANY,ALL,2007,10.12,True
SVK,ANY,ALL,2007,2.24,True
SVN,ANY,ALL,2007,2.24,True
SWE,ANY,ALL,2007,2.24,True
SWZ,ANY,ALL,2007,8.32,True
SYC,ANY,ALL,2007,30.07,True
TCD,ANY,ALL,2007,13.27,True
TGO,ANY,ALL,2007,10.59,True
THA,ANY,ALL,2007,4.32,True
TTO,ANY,ALL,2007,10.34,True
TUR,ANY,ALL,2007,2.06,True
TZA,ANY,ALL,2007,7.21,True
UGA,ANY,ALL,2007,8.44,True
UKR,ANY,ALL,2007,4.69,True
URY,ANY,ALL,2007,3.6,True
USA,ANY,ALL,2007,1.55,True
UZB,ANY,ALL,2007,6.91,True
VCT,ANY,ALL,2007,9.03,True
VEN,ANY,ALL,2007,11.1,True
VNM,ANY,ALL,2007,9.13,True
VUT,ANY,ALL,2007,18.93,True
ZAF,ANY,ALL,2007,4.81,True
ZMB,ANY,ALL,2007,9.63,True
ZWE,ANY,ALL,2007,12.48,True
AFG,ANY,ALL,2008,5.0,True
AGO,ANY,ALL,2008,9.17,True
ALB,ANY,ALL,2008,2.08,True
ARE,ANY,ALL,2008,3.62,True
ARG,ANY,ALL,2008,5.39,True
ARM,ANY,ALL,2008,2.27,True
ATG,ANY,ALL,2008,12.83,True
AUS,ANY,ALL,2008,3.15,True
AUT,ANY,ALL,2008,1.72,True
AZE,ANY,ALL,2008,3.86,True
BDI,ANY,ALL,2008,10.72,True
BEL,ANY,ALL,2008,1.72,True
BEN,ANY,ALL,2008,11.03,True
BFA,ANY,ALL,2008,8.77,True
BGD,ANY,ALL,2008,7.71,True
BGR,ANY,ALL,2008,1.72,True
BHR,ANY,ALL,2008,4.23,True
BIH,ANY,ALL,2008,5.96,True
BLR,ANY,ALL,2008,2.75,True
BLZ,ANY,ALL,2008,8.96,True
BMU,ANY,ALL,2008,18.98,True
BOL,ANY,ALL,2008,4.04,True
BRA,ANY,ALL,2008,6.74,True
BRN,ANY,ALL,2008,1.52,True
BWA,ANY,ALL,2008,0.84,True
CAF,ANY,ALL,2008,15.23,True
CAN,ANY,ALL,2008,1.54,True
CHE,ANY,ALL,2008,1.79,True
CHL,ANY,ALL,2008,2.27,True
CHN,ANY,ALL,2008,4.47,True
CIV,ANY,ALL,2008,6.56,True
CMR,ANY,ALL,2008,13.0,True
COD,ANY,ALL,2008,11.07,True
COG,ANY,ALL,2008,15.4,True
COL,ANY,ALL,2008,8.72,True
COM,ANY,ALL,2008,4.58,True
CPV,ANY,ALL,2008,12.23,True
CRI,ANY,ALL,2008,3.31,True
CUB,ANY,ALL,2008,9.13,True
CYP,ANY,ALL,2008,1.72,True
CZE,ANY,ALL,2008,1.72,True
DEU,ANY,ALL,2008,1.72,True
DNK,ANY,ALL,2008,1.72,True
DOM,ANY,ALL,2008,5.71,True
DZA,ANY,ALL,2008,9.2,True
ECU,ANY,ALL,2008,5.14,True
EGY,ANY,ALL,2008,8.02,True
ESP,ANY,ALL,2008,1.72,True
EST,ANY,ALL,2008,1.72,True
ETH,ANY,ALL,2008,10.05,True
FIN,ANY,ALL,2008,1.72,True
FJI,ANY,ALL,2008,9.97,True
FRA,ANY,ALL,2008,1.72,True
GAB,ANY,ALL,2008,14.45,True
GBR,ANY,ALL,2008,1.72,True
GEO,ANY,ALL,2008,0.57,True
GHA,ANY,ALL,2008,8.58,True
GIN,ANY,ALL,2008,11.91,True
GMB,ANY,ALL,2008,14.77,True
GNB,ANY,ALL,2008,12.42,True
GRC,ANY,ALL,2008,1.72,True
GRD,ANY,ALL,2008,9.36,True
GTM,ANY,ALL,2008,2.74,True
GUY,ANY,ALL,2008,6.31,True
HKG,ANY,ALL,2008,0.0,True
HND,ANY,ALL,2008,3.5,True
HRV,ANY,ALL,2008,1.12,True
HTI,ANY,ALL,2008,4.81,True
HUN,ANY,ALL,2008,1.72,True
IDN,ANY,ALL,2008,4.38,True
IND,ANY,ALL,2008,5.98,True
IRL,ANY,ALL,2008,1.72,True
IRN,ANY,ALL,2008,14.28,True
ISL,ANY,ALL,2008,1.85,True
ISR,ANY,ALL,2008,1.54,True
ITA,ANY,ALL,2008,1.72,True
JOR,ANY,ALL,2008,5.09,True
JPN,ANY,ALL,2008,2.49,True
KAZ,ANY,ALL,2008,2.22,True
KEN,ANY,ALL,2008,7.35,True
KGZ,ANY,ALL,2008,2.32,True
KHM,ANY,ALL,2008,9.91,True
KNA,ANY,ALL,2008,13.6,True
KOR,ANY,ALL,2008,8.26,True
KWT,ANY,ALL,2008,3.98,True
LAO,ANY,ALL,2008,13.15,True
LKA,ANY,ALL,2008,7.12,True
LSO,ANY,ALL,2008,12.06,True
LTU,ANY,ALL,2008,1.72,True
LVA,ANY,ALL,2008,1.72,True
MAC,ANY,ALL,2008,0.0,True
MAR,ANY,ALL,2008,8.85,True
MDA,ANY,ALL,2008,2.02,True
MDG,ANY,ALL,2008,8.51,True
MDV,ANY,ALL,2008,20.25,True
MEX,ANY,ALL,2008,1.87,True
MKD,ANY,ALL,2008,3.59,True
MLI,ANY,ALL,2008,8.44,True
MLT,ANY,ALL,2008,1.72,True
MMR,ANY,ALL,2008,2.75,True
MNE,ANY,ALL,2008,5.75,True
MNG,ANY,ALL,2008,5.1,True
MOZ,ANY,ALL,2008,7.07,True
MRT,ANY,ALL,2008,9.29,True
MUS,ANY,ALL,2008,2.16,True
MWI,ANY,ALL,2008,5.96,True
MYS,ANY,ALL,2008,3.89,True
NAM,ANY,ALL,2008,1.75,True
NER,ANY,ALL,2008,9.41,True
NGA,ANY,ALL,2008,9.79,True
NIC,ANY,ALL,2008,4.4,True
NLD,ANY,ALL,2008,1.72,True
NOR,ANY,ALL,2008,2.46,True
NPL,ANY,ALL,2008,421.5,True
NZL,ANY,ALL,2008,1.82,True
OMN,ANY,ALL,2008,2.75,True
PAK,ANY,ALL,2008,9.5,True
PAN,ANY,ALL,2008,7.24,True
PER,ANY,ALL,2008,2.09,True
PHL,ANY,ALL,2008,4.1,True
PNG,ANY,ALL,2008,2.77,True
POL,ANY,ALL,2008,1.72,True
PRT,ANY,ALL,2008,1.72,True
PRY,ANY,ALL,2008,3.59,True
PYF,ANY,ALL,2008,3.93,True
QAT,ANY,ALL,2008,3.7,True
ROU,ANY,ALL,2008,1.72,True
RUS,ANY,ALL,2008,8.59,True
RWA,ANY,ALL,2008,12.91,True
SAU,ANY,ALL,2008,3.25,True
SDN,ANY,ALL,2008,8.22,True
SEN,ANY,ALL,2008,8.49,True
SGP,ANY,ALL,2008,0.05,True
SLB,ANY,ALL,2008,14.6,True
SLV,ANY,ALL,2008,3.02,True
SRB,ANY,ALL,2008,5.51,True
SVK,ANY,ALL,2008,1.72,True
SVN,ANY,ALL,2008,1.72,True
SWE,ANY,ALL,2008,1.72,True
SWZ,ANY,ALL,2008,5.95,True
TCD,ANY,ALL,2008,14.51,True
TGO,ANY,ALL,2008,10.59,True
THA,ANY,ALL,2008,4.27,True
TTO,ANY,ALL,2008,13.99,True
TUN,ANY,ALL,2008,15.93,True
TUR,ANY,ALL,2008,1.97,True
TZA,ANY,ALL,2008,7.89,True
UGA,ANY,ALL,2008,8.75,True
UKR,ANY,ALL,2008,3.85,True
URY,ANY,ALL,2008,3.08,True
USA,ANY,ALL,2008,1.58,True
UZB,ANY,ALL,2008,8.58,True
VEN,ANY,ALL,2008,9.62,True
VNM,ANY,ALL,2008,5.03,True
VUT,ANY,ALL,2008,18.8,True
ZAF,ANY,ALL,2008,3.9,True
ZMB,ANY,ALL,2008,5.25,True
AGO,ANY,ALL,2009,9.15,True
ALB,ANY,ALL,2009,4.9,True
ARE,ANY,ALL,2009,3.62,True
ARG,ANY,ALL,2009,5.93,True
ARM,ANY,ALL,2009,2.69,True
ATG,ANY,ALL,2009,14.8,True
AUS,ANY,ALL,2009,3.67,True
AUT,ANY,ALL,2009,1.85,True
AZE,ANY,ALL,2009,4.4,True
BDI,ANY,ALL,2009,13.84,True
BEL,ANY,ALL,2009,1.85,True
BEN,ANY,ALL,2009,11.03,True
BFA,ANY,ALL,2009,8.77,True
BGD,ANY,ALL,2009,10.71,True
BGR,ANY,ALL,2009,1.85,True
BHR,ANY,ALL,2009,4.61,True
BIH,ANY,ALL,2009,3.65,True
BLR,ANY,ALL,2009,2.79,True
BLZ,ANY,ALL,2009,11.68,True
BMU,ANY,ALL,2009,18.68,True
BOL,ANY,ALL,2009,3.79,True
BRA,ANY,ALL,2009,7.59,True
BRN,ANY,ALL,2009,1.42,True
BWA,ANY,ALL,2009,0.82,True
CAF,ANY,ALL,2009,15.23,True
CAN,ANY,ALL,2009,1.7,True
CHE,ANY,ALL,2009,1.77,True
CHL,ANY,ALL,2009,1.92,True
CHN,ANY,ALL,2009,3.94,True
CIV,ANY,ALL,2009,7.48,True
CMR,ANY,ALL,2009,11.58,True
COD,ANY,ALL,2009,12.04,True
COG,ANY,ALL,2009,15.4,True
COL,ANY,ALL,2009,8.23,True
CPV,ANY,ALL,2009,11.93,True
CRI,ANY,ALL,2009,2.18,True
CUB,ANY,ALL,2009,9.15,True
CYP,ANY,ALL,2009,1.85,True
CZE,ANY,ALL,2009,1.85,True
DEU,ANY,ALL,2009,1.85,True
DJI,ANY,ALL,2009,17.27,True
DNK,ANY,ALL,2009,1.85,True
DZA,ANY,ALL,2009,9.36,True
ECU,ANY,ALL,2009,4.5,True
EGY,ANY,ALL,2009,8.26,True
ESP,ANY,ALL,2009,1.85,True
EST,ANY,ALL,2009,1.85,True
ETH,ANY,ALL,2009,10.36,True
FIN,ANY,ALL,2009,1.85,True
FJI,ANY,ALL,2009,12.15,True
FRA,ANY,ALL,2009,1.85,True
GAB,ANY,ALL,2009,14.75,True
GBR,ANY,ALL,2009,1.85,True
GEO,ANY,ALL,2009,0.5,True
GHA,ANY,ALL,2009,9.92,True
GIN,ANY,ALL,2009,11.75,True
GMB,ANY,ALL,2009,13.46,True
GNB,ANY,ALL,2009,9.84,True
GRC,ANY,ALL,2009,1.85,True
GTM,ANY,ALL,2009,2.84,True
GUY,ANY,ALL,2009,11.58,True
HKG,ANY,ALL,2009,0.0,True
HND,ANY,ALL,2009,6.71,True
HRV,ANY,ALL,2009,1.31,True
HTI,ANY,ALL,2009,3.5,True
HUN,ANY,ALL,2009,1.85,True
IDN,ANY,ALL,2009,1.71,True
IND,ANY,ALL,2009,6.84,True
IRL,ANY,ALL,2009,1.85,True
ISL,ANY,ALL,2009,1.65,True
ISR,ANY,ALL,2009,3.49,True
ITA,ANY,ALL,2009,1.85,True
JOR,ANY,ALL,2009,5.13,True
JPN,ANY,ALL,2009,2.91,True
KEN,ANY,ALL,2009,9.52,True
KGZ,ANY,ALL,2009,2.38,True
KNA,ANY,ALL,2009,15.11,True
KOR,ANY,ALL,2009,7.8,True
KWT,ANY,ALL,2009,2.87,True
LKA,ANY,ALL,2009,7.21,True
LSO,ANY,ALL,2009,10.32,True
LTU,ANY,ALL,2009,1.85,True
LVA,ANY,ALL,2009,1.85,True
MAC,ANY,ALL,2009,0.0,True
MAR,ANY,ALL,2009,7.62,True
MDA,ANY,ALL,2009,3.21,True
MDG,ANY,ALL,2009,7.89,True
MDV,ANY,ALL,2009,19.91,True
MEX,ANY,ALL,2009,1.61,True
MKD,ANY,ALL,2009,3.39,True
MLI,ANY,ALL,2009,8.46,True
MLT,ANY,ALL,2009,1.85,True
MNE,ANY,ALL,2009,6.73,True
MNG,ANY,ALL,2009,5.1,True
MOZ,ANY,ALL,2009,4.82,True
MRT,ANY,ALL,2009,8.68,True
MUS,ANY,ALL,2009,1.16,True
MWI,ANY,ALL,2009,8.44,True
MYS,ANY,ALL,2009,3.55,True
NAM,ANY,ALL,2009,1.77,True
NER,ANY,ALL,2009,9.41,True
NGA,ANY,ALL,2009,9.83,True
NIC,ANY,ALL,2009,2.37,True
NLD,ANY,ALL,2009,1.85,True
NOR,ANY,ALL,2009,2.33,True
NPL,ANY,ALL,2009,12.65,True
NZL,ANY,ALL,2009,1.68,True
OMN,ANY,ALL,2009,2.91,True
PAK,ANY,ALL,2009,9.88,True
PAN,ANY,ALL,2009,7.04,True
PER,ANY,ALL,2009,2.24,True
PHL,ANY,ALL,2009,3.98,True
PNG,ANY,ALL,2009,2.72,True
POL,ANY,ALL,2009,1.85,True
PRT,ANY,ALL,2009,1.85,True
PRY,ANY,ALL,2009,3.45,True
PYF,ANY,ALL,2009,4.36,True
QAT,ANY,ALL,2009,4.28,True
ROU,ANY,ALL,2009,1.85,True
RUS,ANY,ALL,2009,8.12,True
RWA,ANY,ALL,2009,7.45,True
SAU,ANY,ALL,2009,3.13,True
SDN,ANY,ALL,2009,15.02,True
SEN,ANY,ALL,2009,9.0,True
SGP,ANY,ALL,2009,0.06,True
SLV,ANY,ALL,2009,2.43,True
SRB,ANY,ALL,2009,3.56,True
SUR,ANY,ALL,2009,10.78,True
SVK,ANY,ALL,2009,1.85,True
SVN,ANY,ALL,2009,1.85,True
SWE,ANY,ALL,2009,1.85,True
SWZ,ANY,ALL,2009,9.53,True
SYR,ANY,ALL,2009,6.3,True
TCD,ANY,ALL,2009,14.27,True
TGO,ANY,ALL,2009,10.51,True
THA,ANY,ALL,2009,4.76,True
TON,ANY,ALL,2009,4.71,True
TUN,ANY,ALL,2009,18.61,True
TUR,ANY,ALL,2009,2.21,True
TZA,ANY,ALL,2009,8.8,True
UGA,ANY,ALL,2009,9.22,True
UKR,ANY,ALL,2009,1.93,True
URY,ANY,ALL,2009,3.63,True
USA,ANY,ALL,2009,1.71,True
UZB,ANY,ALL,2009,7.04,True
VEN,ANY,ALL,2009,9.09,True
VNM,ANY,ALL,2009,6.76,True
VUT,ANY,ALL,2009,18.76,True
YEM,ANY,ALL,2009,4.25,True
ZAF,ANY,ALL,2009,4.32,True
ZMB,ANY,ALL,2009,4.1,True
AGO,ANY,ALL,2010,9.23,True
ALB,ANY,ALL,2010,4.87,True
ARG,ANY,ALL,2010,5.99,True
ARM,ANY,ALL,2010,2.8,True
ATG,ANY,ALL,2010,11.56,True
AUS,ANY,ALL,2010,2.8,True
AUT,ANY,ALL,2010,2.13,True
BDI,ANY,ALL,2010,8.0,True
BEL,ANY,ALL,2010,2.13,True
BEN,ANY,ALL,2010,11.03,True
BFA,ANY,ALL,2010,8.7,True
BGD,ANY,ALL,2010,9.94,True
BGR,ANY,ALL,2010,2.13,True
BHR,ANY,ALL,2010,5.15,True
BHS,ANY,ALL,2010,20.22,True
BIH,ANY,ALL,2010,3.04,True
BLR,ANY,ALL,2010,2.63,True
BLZ,ANY,ALL,2010,11.73,True
BMU,ANY,ALL,2010,18.61,True
BOL,ANY,ALL,2010,5.57,True
BRA,ANY,ALL,2010,7.76,True
BRB,ANY,ALL,2010,15.77,True
BRN,ANY,ALL,2010,2.51,True
BWA,ANY,ALL,2010,0.83,True
CAF,ANY,ALL,2010,15.23,True
CAN,ANY,ALL,2010,1.46,True
CHE,ANY,ALL,2010,1.49,True
CHL,ANY,ALL,2010,2.08,True
CHN,ANY,ALL,2010,4.65,True
CIV,ANY,ALL,2010,7.14,True
CMR,ANY,ALL,2010,13.0,True
COD,ANY,ALL,2010,11.03,True
COG,ANY,ALL,2010,15.4,True
COL,ANY,ALL,2010,9.02,True
COM,ANY,ALL,2010,6.06,True
CPV,ANY,ALL,2010,11.05,True
CRI,ANY,ALL,2010,2.07,True
CUB,ANY,ALL,2010,8.88,True
CYP,ANY,ALL,2010,2.13,True
CZE,ANY,ALL,2010,2.13,True
DEU,ANY,ALL,2010,2.13,True
DMA,ANY,ALL,2010,11.11,True
DNK,ANY,ALL,2010,2.13,True
DOM,ANY,ALL,2010,4.33,True
ECU,ANY,ALL,2010,6.11,True
EGY,ANY,ALL,2010,9.71,True
ESP,ANY,ALL,2010,2.13,True
EST,ANY,ALL,2010,2.13,True
ETH,ANY,ALL,2010,10.24,True
FIN,ANY,ALL,2010,2.13,True
FJI,ANY,ALL,2010,11.28,True
FRA,ANY,ALL,2010,2.13,True
GAB,ANY,ALL,2010,14.99,True
GBR,ANY,ALL,2010,2.13,True
GEO,ANY,ALL,2010,0.48,True
GHA,ANY,ALL,2010,10.06,True
GIN,ANY,ALL,2010,11.91,True
GMB,ANY,ALL,2010,12.02,True
GNB,ANY,ALL,2010,11.69,True
GRC,ANY,ALL,2010,2.13,True
GRD,ANY,ALL,2010,7.82,True
GTM,ANY,ALL,2010,2.35,True
GUY,ANY,ALL,2010,6.6,True
HKG,ANY,ALL,2010,0.0,True
HND,ANY,ALL,2010,6.65,True
HRV,ANY,ALL,2010,1.34,True
HTI,ANY,ALL,2010,6.97,True
HUN,ANY,ALL,2010,2.13,True
IDN,ANY,ALL,2010,2.56,True
IND,ANY,ALL,2010,6.1,True
IRL,ANY,ALL,2010,2.13,True
ISL,ANY,ALL,2010,1.5,True
ITA,ANY,ALL,2010,2.13,True
JAM,ANY,ALL,2010,7.45,True
JOR,ANY,ALL,2010,8.46,True
JPN,ANY,ALL,2010,2.2,True
KAZ,ANY,ALL,2010,4.4,True
KEN,ANY,ALL,2010,7.32,True
KGZ,ANY,ALL,2010,2.29,True
KHM,ANY,ALL,2010,9.5,True
KNA,ANY,ALL,2010,13.02,True
KOR,ANY,ALL,2010,7.19,True
KWT,ANY,ALL,2010,3.94,True
LCA,ANY,ALL,2010,5.92,True
LKA,ANY,ALL,2010,8.04,True
LSO,ANY,ALL,2010,10.56,True
LTU,ANY,ALL,2010,2.13,True
LVA,ANY,ALL,2010,2.13,True
MAC,ANY,ALL,2010,0.0,True
MAR,ANY,ALL,2010,13.01,True
MDA,ANY,ALL,2010,2.28,True
MDG,ANY,ALL,2010,6.32,True
MDV,ANY,ALL,2010,19.71,True
MEX,ANY,ALL,2010,5.37,True
MKD,ANY,ALL,2010,2.92,True
MLI,ANY,ALL,2010,8.46,True
MLT,ANY,ALL,2010,2.13,True
MMR,ANY,ALL,2010,2.43,True
MNE,ANY,ALL,2010,6.88,True
MNG,ANY,ALL,2010,5.03,True
MOZ,ANY,ALL,2010,4.77,True
MRT,ANY,ALL,2010,7.94,True
MUS,ANY,ALL,2010,1.13,True
MWI,ANY,ALL,2010,6.41,True
MYS,ANY,ALL,2010,3.12,True
NAM,ANY,ALL,2010,1.33,True
NER,ANY,ALL,2010,10.31,True
NGA,ANY,ALL,2010,10.7,True
NIC,ANY,ALL,2010,2.1,True
NLD,ANY,ALL,2010,2.13,True
NOR,ANY,ALL,2010,3.04,True
NPL,ANY,ALL,2010,13.05,True
NZL,ANY,ALL,2010,5.53,True
PAK,ANY,ALL,2010,10.2,True
PAN,ANY,ALL,2010,6.93,True
PER,ANY,ALL,2010,2.52,True
PHL,ANY,ALL,2010,3.96,True
PLW,ANY,ALL,2010,6.76,True
PNG,ANY,ALL,2010,2.67,True
POL,ANY,ALL,2010,2.13,True
PRT,ANY,ALL,2010,2.13,True
PRY,ANY,ALL,2010,3.95,True
QAT,ANY,ALL,2010,4.42,True
ROU,ANY,ALL,2010,2.13,True
RUS,ANY,ALL,2010,5.2,True
RWA,ANY,ALL,2010,8.03,True
SDN,ANY,ALL,2010,12.9,True
SEN,ANY,ALL,2010,8.85,True
SGP,ANY,ALL,2010,0.05,True
SLE,ANY,ALL,2010,10.26,True
SLV,ANY,ALL,2010,4.79,True
SRB,ANY,ALL,2010,2.79,True
SUR,ANY,ALL,2010,10.79,True
SVK,ANY,ALL,2010,2.13,True
SVN,ANY,ALL,2010,2.13,True
SWE,ANY,ALL,2010,2.13,True
SWZ,ANY,ALL,2010,5.05,True
SYR,ANY,ALL,2010,7.23,True
TCD,ANY,ALL,2010,14.69,True
TGO,ANY,ALL,2010,10.44,True
THA,ANY,ALL,2010,5.0,True
TJK,ANY,ALL,2010,5.94,True
TON,ANY,ALL,2010,5.12,True
TTO,ANY,ALL,2010,8.61,True
TUN,ANY,ALL,2010,13.77,True
TUR,ANY,ALL,2010,2.35,True
TUV,ANY,ALL,2010,1.59,True
TZA,ANY,ALL,2010,8.97,True
UGA,ANY,ALL,2010,9.18,True
UKR,ANY,ALL,2010,2.9,True
URY,ANY,ALL,2010,4.21,True
USA,ANY,ALL,2010,1.66,True
VCT,ANY,ALL,2010,10.8,True
VEN,ANY,ALL,2010,9.96,True
VNM,ANY,ALL,2010,5.02,True
ZAF,ANY,ALL,2010,4.59,True
ZMB,ANY,ALL,2010,3.29,True
ZWE,ANY,ALL,2010,16.6,True
ABW,ANY,ALL,2011,9.97,True
AGO,ANY,ALL,2011,8.36,True
ALB,ANY,ALL,2011,1.24,True
ARE,ANY,ALL,2011,3.87,True
ARG,ANY,ALL,2011,5.68,True
ARM,ANY,ALL,2011,3.08,True
ATG,ANY,ALL,2011,11.56,True
AUS,ANY,ALL,2011,1.77,True
AUT,ANY,ALL,2011,1.59,True
AZE,ANY,ALL,2011,4.06,True
BDI,ANY,ALL,2011,6.83,True
BEL,ANY,ALL,2011,1.59,True
BEN,ANY,ALL,2011,11.15,True
BFA,ANY,ALL,2011,8.48,True
BGD,ANY,ALL,2011,9.63,True
BGR,ANY,ALL,2011,1.59,True
BHR,ANY,ALL,2011,3.15,True
BHS,ANY,ALL,2011,19.46,True
BIH,ANY,ALL,2011,2.56,True
BLR,ANY,ALL,2011,2.34,True
BLZ,ANY,ALL,2011,8.47,True
BMU,ANY,ALL,2011,17.06,True
BOL,ANY,ALL,2011,4.05,True
BRA,ANY,ALL,2011,7.84,True
BRB,ANY,ALL,2011,13.15,True
BRN,ANY,ALL,2011,0.95,True
BWA,ANY,ALL,2011,1.1,True
CAF,ANY,ALL,2011,15.51,True
CAN,ANY,ALL,2011,1.38,True
CHE,ANY,ALL,2011,1.91,True
CHL,ANY,ALL,2011,1.98,True
CHN,ANY,ALL,2011,5.99,True
CIV,ANY,ALL,2011,6.95,True
CMR,ANY,ALL,2011,12.65,True
COG,ANY,ALL,2011,15.4,True
COL,ANY,ALL,2011,5.51,True
COM,ANY,ALL,2011,6.06,True
CPV,ANY,ALL,2011,10.3,True
CRI,ANY,ALL,2011,2.13,True
CUB,ANY,ALL,2011,8.07,True
CYP,ANY,ALL,2011,1.59,True
CZE,ANY,ALL,2011,1.59,True
DEU,ANY,ALL,2011,1.59,True
DJI,ANY,ALL,2011,17.7,True
DMA,ANY,ALL,2011,8.18,True
DNK,ANY,ALL,2011,1.59,True
DOM,ANY,ALL,2011,6.29,True
ECU,ANY,ALL,2011,4.2,True
EGY,ANY,ALL,2011,7.71,True
ESP,ANY,ALL,2011,1.59,True
EST,ANY,ALL,2011,1.59,True
ETH,ANY,ALL,2011,10.48,True
FIN,ANY,ALL,2011,1.59,True
FJI,ANY,ALL,2011,19.88,True
FRA,ANY,ALL,2011,1.59,True
GAB,ANY,ALL,2011,15.11,True
GBR,ANY,ALL,2011,1.59,True
GEO,ANY,ALL,2011,0.81,True
GMB,ANY,ALL,2011,12.5,True
GNB,ANY,ALL,2011,11.21,True
GRC,ANY,ALL,2011,1.59,True
GRD,ANY,ALL,2011,11.24,True
GTM,ANY,ALL,2011,2.21,True
GUY,ANY,ALL,2011,6.84,True
HKG,ANY,ALL,2011,0.0,True
HND,ANY,ALL,2011,6.35,True
HRV,ANY,ALL,2011,1.34,True
HTI,ANY,ALL,2011,6.58,True
HUN,ANY,ALL,2011,1.59,True
IDN,ANY,ALL,2011,2.62,True
IND,ANY,ALL,2011,7.33,True
IRL,ANY,ALL,2011,1.59,True
IRN,ANY,ALL,2011,15.23,True
ISL,ANY,ALL,2011,1.58,True
ISR,ANY,ALL,2011,2.94,True
ITA,ANY,ALL,2011,1.59,True
JAM,ANY,ALL,2011,7.34,True
JOR,ANY,ALL,2011,8.06,True
JPN,ANY,ALL,2011,2.37,True
KAZ,ANY,ALL,2011,3.2,True
KEN,ANY,ALL,2011,6.6,True
KGZ,ANY,ALL,2011,2.38,True
KHM,ANY,ALL,2011,8.94,True
KNA,ANY,ALL,2011,12.46,True
KOR,ANY,ALL,2011,7.32,True
KWT,ANY,ALL,2011,3.94,True
LCA,ANY,ALL,2011,5.8,True
LKA,ANY,ALL,2011,7.68,True
LSO,ANY,ALL,2011,13.16,True
LTU,ANY,ALL,2011,1.59,True
LVA,ANY,ALL,2011,1.59,True
MAC,ANY,ALL,2011,0.0,True
MAR,ANY,ALL,2011,11.71,True
MDA,ANY,ALL,2011,3.35,True
MDG,ANY,ALL,2011,6.37,True
MDV,ANY,ALL,2011,20.75,True
MEX,ANY,ALL,2011,5.37,True
MKD,ANY,ALL,2011,2.22,True
MLI,ANY,ALL,2011,7.78,True
MLT,ANY,ALL,2011,1.59,True
MMR,ANY,ALL,2011,1.99,True
MNE,ANY,ALL,2011,6.16,True
MNG,ANY,ALL,2011,5.03,True
MOZ,ANY,ALL,2011,7.09,True
MRT,ANY,ALL,2011,8.05,True
MUS,ANY,ALL,2011,0.81,True
MWI,ANY,ALL,2011,6.08,True
MYS,ANY,ALL,2011,4.17,True
NAM,ANY,ALL,2011,1.07,True
NER,ANY,ALL,2011,9.7,True
NGA,ANY,ALL,2011,10.15,True
NIC,ANY,ALL,2011,2.88,True
NLD,ANY,ALL,2011,1.59,True
NOR,ANY,ALL,2011,3.35,True
NPL,ANY,ALL,2011,12.45,True
NZL,ANY,ALL,2011,2.11,True
PAK,ANY,ALL,2011,9.02,True
PAN,ANY,ALL,2011,5.76,True
PER,ANY,ALL,2011,1.51,True
PHL,ANY,ALL,2011,1.98,True
PLW,ANY,ALL,2011,6.54,True
POL,ANY,ALL,2011,1.59,True
PRT,ANY,ALL,2011,1.59,True
PRY,ANY,ALL,2011,4.27,True
PYF,ANY,ALL,2011,4.21,True
QAT,ANY,ALL,2011,4.42,True
ROU,ANY,ALL,2011,1.59,True
RUS,ANY,ALL,2011,7.24,True
RWA,ANY,ALL,2011,6.82,True
SAU,ANY,ALL,2011,4.16,True
SDN,ANY,ALL,2011,11.95,True
SEN,ANY,ALL,2011,8.51,True
SGP,ANY,ALL,2011,0.16,True
SLE,ANY,ALL,2011,9.81,True
SLV,ANY,ALL,2011,4.8,True
SRB,ANY,ALL,2011,2.36,True
SUR,ANY,ALL,2011,9.8,True
SVK,ANY,ALL,2011,1.59,True
SVN,ANY,ALL,2011,1.59,True
SWE,ANY,ALL,2011,1.59,True
SWZ,ANY,ALL,2011,9.03,True
TCD,ANY,ALL,2011,15.13,True
TGO,ANY,ALL,2011,11.06,True
THA,ANY,ALL,2011,4.85,True
TLS,ANY,ALL,2011,2.5,True
TON,ANY,ALL,2011,5.58,True
TTO,ANY,ALL,2011,8.62,True
TUN,ANY,ALL,2011,14.46,True
TUR,ANY,ALL,2011,2.65,True
TZA,ANY,ALL,2011,7.6,True
UGA,ANY,ALL,2011,8.44,True
UKR,ANY,ALL,2011,1.9,True
URY,ANY,ALL,2011,4.47,True
USA,ANY,ALL,2011,1.67,True
VCT,ANY,ALL,2011,10.25,True
VEN,ANY,ALL,2011,8.59,True
WSM,ANY,ALL,2011,9.85,True
YEM,ANY,ALL,2011,3.84,True
ZAF,ANY,ALL,2011,4.39,True
ZMB,ANY,ALL,2011,3.45,True
ZWE,ANY,ALL,2011,5.82,True
ABW,ANY,ALL,2012,9.52,True
AFG,ANY,ALL,2012,5.47,True
AGO,ANY,ALL,2012,7.61,True
ALB,ANY,ALL,2012,1.1,True
ARE,ANY,ALL,2012,3.53,True
ARG,ANY,ALL,2012,6.02,True
ARM,ANY,ALL,2012,2.41,True
ATG,ANY,ALL,2012,12.0,True
AUS,ANY,ALL,2012,1.81,True
AUT,ANY,ALL,2012,1.46,True
AZE,ANY,ALL,2012,4.76,True
BDI,ANY,ALL,2012,6.99,True
BEL,ANY,ALL,2012,1.46,True
BEN,ANY,ALL,2012,11.15,True
BFA,ANY,ALL,2012,8.42,True
BGD,ANY,ALL,2012,12.84,True
BGR,ANY,ALL,2012,1.46,True
BHR,ANY,ALL,2012,3.15,True
BIH,ANY,ALL,2012,2.42,True
BLR,ANY,ALL,2012,2.47,True
BLZ,ANY,ALL,2012,8.16,True
BMU,ANY,ALL,2012,17.44,True
BOL,ANY,ALL,2012,3.86,True
BRA,ANY,ALL,2012,7.76,True
BRB,ANY,ALL,2012,8.42,True
BWA,ANY,ALL,2012,3.91,True
CAF,ANY,ALL,2012,17.44,True
CAN,ANY,ALL,2012,1.4,True
CHE,ANY,ALL,2012,1.36,True
CHL,ANY,ALL,2012,1.78,True
CIV,ANY,ALL,2012,6.59,True
CMR,ANY,ALL,2012,11.7,True
COL,ANY,ALL,2012,4.43,True
COM,ANY,ALL,2012,6.19,True
CPV,ANY,ALL,2012,10.6,True
CRI,ANY,ALL,2012,1.76,True
CUB,ANY,ALL,2012,8.18,True
CYP,ANY,ALL,2012,1.46,True
CZE,ANY,ALL,2012,1.46,True
DEU,ANY,ALL,2012,1.46,True
DJI,ANY,ALL,2012,17.7,True
DMA,ANY,ALL,2012,8.15,True
DNK,ANY,ALL,2012,1.46,True
DOM,ANY,ALL,2012,6.2,True
ECU,ANY,ALL,2012,4.34,True
EGY,ANY,ALL,2012,7.47,True
ESP,ANY,ALL,2012,1.46,True
EST,ANY,ALL,2012,1.46,True
ETH,ANY,ALL,2012,9.96,True
FIN,ANY,ALL,2012,1.46,True
FJI,ANY,ALL,2012,11.75,True
FRA,ANY,ALL,2012,1.46,True
GAB,ANY,ALL,2012,15.17,True
GBR,ANY,ALL,2012,1.46,True
GEO,ANY,ALL,2012,0.7,True
GIN,ANY,ALL,2012,11.91,True
GMB,ANY,ALL,2012,12.5,True
GNB,ANY,ALL,2012,9.66,True
GRC,ANY,ALL,2012,1.46,True
GRD,ANY,ALL,2012,12.05,True
GTM,ANY,ALL,2012,2.46,True
GUY,ANY,ALL,2012,7.13,True
HKG,ANY,ALL,2012,0.0,True
HND,ANY,ALL,2012,6.31,True
HRV,ANY,ALL,2012,1.44,True
HTI,ANY,ALL,2012,4.44,True
HUN,ANY,ALL,2012,1.46,True
IDN,ANY,ALL,2012,2.54,True
IND,ANY,ALL,2012,6.32,True
IRL,ANY,ALL,2012,1.46,True
ISL,ANY,ALL,2012,1.47,True
ISR,ANY,ALL,2012,1.35,True
ITA,ANY,ALL,2012,1.46,True
JAM,ANY,ALL,2012,10.38,True
JOR,ANY,ALL,2012,8.1,True
JPN,ANY,ALL,2012,2.27,True
KAZ,ANY,ALL,2012,3.68,True
KEN,ANY,ALL,2012,12.38,True
KGZ,ANY,ALL,2012,2.46,True
KHM,ANY,ALL,2012,9.08,True
KNA,ANY,ALL,2012,12.31,True
KOR,ANY,ALL,2012,7.59,True
KWT,ANY,ALL,2012,4.15,True
LBR,ANY,ALL,2012,13.11,True
LCA,ANY,ALL,2012,6.75,True
LKA,ANY,ALL,2012,7.05,True
LSO,ANY,ALL,2012,13.08,True
LTU,ANY,ALL,2012,1.46,True
LVA,ANY,ALL,2012,1.46,True
MAC,ANY,ALL,2012,0.0,True
MAR,ANY,ALL,2012,4.11,True
MDA,ANY,ALL,2012,2.61,True
MDG,ANY,ALL,2012,6.18,True
MDV,ANY,ALL,2012,6.45,True
MEX,ANY,ALL,2012,5.17,True
MKD,ANY,ALL,2012,2.07,True
MLI,ANY,ALL,2012,7.43,True
MLT,ANY,ALL,2012,1.46,True
MMR,ANY,ALL,2012,4.86,True
MNE,ANY,ALL,2012,5.79,True
MOZ,ANY,ALL,2012,4.77,True
MUS,ANY,ALL,2012,0.91,True
MWI,ANY,ALL,2012,5.73,True
MYS,ANY,ALL,2012,4.41,True
NAM,ANY,ALL,2012,0.61,True
NER,ANY,ALL,2012,9.56,True
NIC,ANY,ALL,2012,2.87,True
NLD,ANY,ALL,2012,1.46,True
NOR,ANY,ALL,2012,3.57,True
NPL,ANY,ALL,2012,12.45,True
NZL,ANY,ALL,2012,2.32,True
OMN,ANY,ALL,2012,2.34,True
PAK,ANY,ALL,2012,9.02,True
PAN,ANY,ALL,2012,6.13,True
PHL,ANY,ALL,2012,1.85,True
PLW,ANY,ALL,2012,6.4,True
PNG,ANY,ALL,2012,2.57,True
POL,ANY,ALL,2012,1.46,True
PRT,ANY,ALL,2012,1.46,True
PRY,ANY,ALL,2012,4.18,True
PYF,ANY,ALL,2012,3.89,True
QAT,ANY,ALL,2012,4.0,True
ROU,ANY,ALL,2012,1.46,True
RUS,ANY,ALL,2012,6.84,True
RWA,ANY,ALL,2012,9.41,True
SAU,ANY,ALL,2012,3.57,True
SDN,ANY,ALL,2012,12.12,True
SEN,ANY,ALL,2012,8.08,True
SGP,ANY,ALL,2012,0.06,True
SLE,ANY,ALL,2012,10.31,True
SLV,ANY,ALL,2012,2.28,True
SUR,ANY,ALL,2012,7.61,True
SVK,ANY,ALL,2012,1.46,True
SVN,ANY,ALL,2012,1.46,True
SWE,ANY,ALL,2012,1.46,True
SWZ,ANY,ALL,2012,5.47,True
TGO,ANY,ALL,2012,9.37,True
TJK,ANY,ALL,2012,5.22,True
TLS,ANY,ALL,2012,2.5,True
TON,ANY,ALL,2012,5.5,True
TTO,ANY,ALL,2012,8.66,True
TUN,ANY,ALL,2012,12.58,True
TZA,ANY,ALL,2012,9.03,True
UGA,ANY,ALL,2012,8.9,True
UKR,ANY,ALL,2012,2.05,True
URY,ANY,ALL,2012,4.2,True
USA,ANY,ALL,2012,1.67,True
UZB,ANY,ALL,2012,7.21,True
VCT,ANY,ALL,2012,7.55,True
VEN,ANY,ALL,2012,8.59,True
VNM,ANY,ALL,2012,3.65,True
VUT,ANY,ALL,2012,5.53,True
WSM,ANY,ALL,2012,9.86,True
YEM,ANY,ALL,2012,4.3,True
ZAF,ANY,ALL,2012,4.22,True
ZMB,ANY,ALL,2012,3.55,True
ZWE,ANY,ALL,2012,14.76,True
ABW,ANY,ALL,2013,9.69,True
AFG,ANY,ALL,2013,5.47,True
AGO,ANY,ALL,2013,7.52,True
ALB,ANY,ALL,2013,1.17,True
ARE,ANY,ALL,2013,3.61,True
ARG,ANY,ALL,2013,6.27,True
ARM,ANY,ALL,2013,2.23,True
ATG,ANY,ALL,2013,14.51,True
AUS,ANY,ALL,2013,1.84,True
AUT,ANY,ALL,2013,1.49,True
AZE,ANY,ALL,2013,4.74,True
BDI,ANY,ALL,2013,5.39,True
BEL,ANY,ALL,2013,1.49,True
BEN,ANY,ALL,2013,11.15,True
BFA,ANY,ALL,2013,8.42,True
BGD,ANY,ALL,2013,12.09,True
BGR,ANY,ALL,2013,1.49,True
BHR,ANY,ALL,2013,3.76,True
BHS,ANY,ALL,2013,19.78,True
BIH,ANY,ALL,2013,2.39,True
BLR,ANY,ALL,2013,2.96,True
BLZ,ANY,ALL,2013,10.05,True
BMU,ANY,ALL,2013,17.23,True
BOL,ANY,ALL,2013,4.23,True
BRA,ANY,ALL,2013,10.08,True
BRB,ANY,ALL,2013,14.21,True
BWA,ANY,ALL,2013,0.5,True
CAF,ANY,ALL,2013,16.61,True
CAN,ANY,ALL,2013,1.45,True
CHE,ANY,ALL,2013,1.97,True
CHL,ANY,ALL,2013,5.89,True
CIV,ANY,ALL,2013,6.59,True
CMR,ANY,ALL,2013,12.99,True
COG,ANY,ALL,2013,15.85,True
COL,ANY,ALL,2013,4.51,True
COM,ANY,ALL,2013,6.48,True
CPV,ANY,ALL,2013,10.89,True
CRI,ANY,ALL,2013,1.8,True
CUB,ANY,ALL,2013,7.74,True
CYP,ANY,ALL,2013,1.49,True
CZE,ANY,ALL,2013,1.49,True
DEU,ANY,ALL,2013,1.49,True
DMA,ANY,ALL,2013,8.7,True
DNK,ANY,ALL,2013,1.49,True
DOM,ANY,ALL,2013,6.37,True
EGY,ANY,ALL,2013,8.55,True
ESP,ANY,ALL,2013,1.49,True
EST,ANY,ALL,2013,1.49,True
FIN,ANY,ALL,2013,1.49,True
FJI,ANY,ALL,2013,12.02,True
FRA,ANY,ALL,2013,1.49,True
GAB,ANY,ALL,2013,14.36,True
GBR,ANY,ALL,2013,1.49,True
GEO,ANY,ALL,2013,0.66,True
GHA,ANY,ALL,2013,9.96,True
GMB,ANY,ALL,2013,12.66,True
GNB,ANY,ALL,2013,12.79,True
GRC,ANY,ALL,2013,1.49,True
GRD,ANY,ALL,2013,11.19,True
GTM,ANY,ALL,2013,1.75,True
GUY,ANY,ALL,2013,8.01,True
HKG,ANY,ALL,2013,0.0,True
HND,ANY,ALL,2013,5.77,True
HRV,ANY,ALL,2013,1.49,True
HTI,ANY,ALL,2013,6.52,True
HUN,ANY,ALL,2013,1.49,True
IDN,ANY,ALL,2013,2.37,True
IND,ANY,ALL,2013,6.34,True
IRL,ANY,ALL,2013,1.49,True
ISL,ANY,ALL,2013,1.66,True
ISR,ANY,ALL,2013,1.42,True
ITA,ANY,ALL,2013,1.49,True
JAM,ANY,ALL,2013,9.59,True
JOR,ANY,ALL,2013,8.08,True
JPN,ANY,ALL,2013,1.18,True
KAZ,ANY,ALL,2013,3.75,True
KEN,ANY,ALL,2013,9.64,True
KGZ,ANY,ALL,2013,2.46,True
KNA,ANY,ALL,2013,12.31,True
KOR,ANY,ALL,2013,7.85,True
KWT,ANY,ALL,2013,3.93,True
LBR,ANY,ALL,2013,12.2,True
LCA,ANY,ALL,2013,10.55,True
LSO,ANY,ALL,2013,1.37,True
LTU,ANY,ALL,2013,1.49,True
LVA,ANY,ALL,2013,1.49,True
MAC,ANY,ALL,2013,0.0,True
MDA,ANY,ALL,2013,5.71,True
MDG,ANY,ALL,2013,6.39,True
MDV,ANY,ALL,2013,6.96,True
MEX,ANY,ALL,2013,4.87,True
MKD,ANY,ALL,2013,7.14,True
MLI,ANY,ALL,2013,7.43,True
MLT,ANY,ALL,2013,1.49,True
MMR,ANY,ALL,2013,4.07,True
MNE,ANY,ALL,2013,3.96,True
MNG,ANY,ALL,2013,5.03,True
MUS,ANY,ALL,2013,0.98,True
MWI,ANY,ALL,2013,3.8,True
MYS,ANY,ALL,2013,4.44,True
NAM,ANY,ALL,2013,0.75,True
NER,ANY,ALL,2013,10.21,True
NGA,ANY,ALL,2013,10.07,True
NIC,ANY,ALL,2013,1.74,True
NLD,ANY,ALL,2013,1.49,True
NOR,ANY,ALL,2013,3.82,True
NPL,ANY,ALL,2013,15.04,True
NZL,ANY,ALL,2013,1.38,True
OMN,ANY,ALL,2013,2.45,True
PAK,ANY,ALL,2013,9.41,True
PAN,ANY,ALL,2013,6.08,True
PER,ANY,ALL,2013,1.52,True
PHL,ANY,ALL,2013,1.86,True
PNG,ANY,ALL,2013,2.59,True
POL,ANY,ALL,2013,1.49,True
PRT,ANY,ALL,2013,1.49,True
PRY,ANY,ALL,2013,4.42,True
PSE,ANY,ALL,2013,3.34,True
PYF,ANY,ALL,2013,3.99,True
QAT,ANY,ALL,2013,4.1,True
ROU,ANY,ALL,2013,1.49,True
RUS,ANY,ALL,2013,6.21,True
RWA,ANY,ALL,2013,8.7,True
SAU,ANY,ALL,2013,3.57,True
SDN,ANY,ALL,2013,12.14,True
SEN,ANY,ALL,2013,8.08,True
SGP,ANY,ALL,2013,0.07,True
SLV,ANY,ALL,2013,2.12,True
SRB,ANY,ALL,2013,4.82,True
STP,ANY,ALL,2013,8.02,True
SUR,ANY,ALL,2013,7.61,True
SVK,ANY,ALL,2013,1.49,True
SVN,ANY,ALL,2013,1.49,True
SWE,ANY,ALL,2013,1.49,True
SWZ,ANY,ALL,2013,0.52,True
SYR,ANY,ALL,2013,14.18,True
TCD,ANY,ALL,2013,14.16,True
TGO,ANY,ALL,2013,9.36,True
THA,ANY,ALL,2013,6.06,True
TJK,ANY,ALL,2013,5.69,True
TLS,ANY,ALL,2013,2.5,True
TON,ANY,ALL,2013,5.17,True
TTO,ANY,ALL,2013,8.63,True
TUN,ANY,ALL,2013,4.12,True
TUR,ANY,ALL,2013,2.78,True
TZA,ANY,ALL,2013,8.37,True
UGA,ANY,ALL,2013,8.5,True
UKR,ANY,ALL,2013,2.78,True
URY,ANY,ALL,2013,4.69,True
USA,ANY,ALL,2013,1.67,True
VCT,ANY,ALL,2013,7.55,True
VEN,ANY,ALL,2013,8.42,True
VNM,ANY,ALL,2013,3.54,True
WSM,ANY,ALL,2013,9.71,True
YEM,ANY,ALL,2013,4.09,True
ZAF,ANY,ALL,2013,4.15,True
ZMB,ANY,ALL,2013,3.35,True
AGO,ANY,ALL,2014,10.3,True
ALB,ANY,ALL,2014,1.14,True
ARE,ANY,ALL,2014,3.21,True
ARG,ANY,ALL,2014,6.63,True
ARM,ANY,ALL,2014,2.39,True
ATG,ANY,ALL,2014,9.95,True
AUS,ANY,ALL,2014,1.91,True
AUT,ANY,ALL,2014,2.03,True
AZE,ANY,ALL,2014,5.23,True
BDI,ANY,ALL,2014,5.99,True
BEL,ANY,ALL,2014,2.03,True
BEN,ANY,ALL,2014,10.64,True
BFA,ANY,ALL,2014,7.92,True
BGR,ANY,ALL,2014,2.03,True
BHR,ANY,ALL,2014,2.93,True
BHS,ANY,ALL,2014,19.71,True
BIH,ANY,ALL,2014,2.58,True
BLR,ANY,ALL,2014,2.39,True
BLZ,ANY,ALL,2014,10.05,True
BMU,ANY,ALL,2014,15.27,True
BOL,ANY,ALL,2014,4.49,True
BRA,ANY,ALL,2014,7.79,True
BRN,ANY,ALL,2014,0.46,True
BWA,ANY,ALL,2014,0.61,True
CAN,ANY,ALL,2014,1.43,True
CHE,ANY,ALL,2014,1.87,True
CHN,ANY,ALL,2014,4.74,True
CIV,ANY,ALL,2014,6.33,True
CMR,ANY,ALL,2014,12.7,True
COD,ANY,ALL,2014,10.19,True
COG,ANY,ALL,2014,15.78,True
COL,ANY,ALL,2014,4.21,True
COM,ANY,ALL,2014,7.41,True
CRI,ANY,ALL,2014,1.73,True
CYP,ANY,ALL,2014,2.03,True
CZE,ANY,ALL,2014,2.03,True
DEU,ANY,ALL,2014,2.03,True
DJI,ANY,ALL,2014,17.56,True
DNK,ANY,ALL,2014,2.03,True
DZA,ANY,ALL,2014,8.35,True
ECU,ANY,ALL,2014,5.09,True
EGY,ANY,ALL,2014,7.43,True
ESP,ANY,ALL,2014,2.03,True
EST,ANY,ALL,2014,2.03,True
FIN,ANY,ALL,2014,2.03,True
FRA,ANY,ALL,2014,2.03,True
GBR,ANY,ALL,2014,2.03,True
GNB,ANY,ALL,2014,9.9,True
GRC,ANY,ALL,2014,2.03,True
GTM,ANY,ALL,2014,1.48,True
HKG,ANY,ALL,2014,0.0,True
HRV,ANY,ALL,2014,2.03,True
HTI,ANY,ALL,2014,7.18,True
HUN,ANY,ALL,2014,2.03,True
IRL,ANY,ALL,2014,2.03,True
ISL,ANY,ALL,2014,1.6,True
ISR,ANY,ALL,2014,1.46,True
ITA,ANY,ALL,2014,2.03,True
JOR,ANY,ALL,2014,4.0,True
JPN,ANY,ALL,2014,2.29,True
KAZ,ANY,ALL,2014,3.46,True
KEN,ANY,ALL,2014,10.55,True
KGZ,ANY,ALL,2014,2.34,True
KHM,ANY,ALL,2014,4.85,True
KNA,ANY,ALL,2014,12.29,True
KOR,ANY,ALL,2014,6.1,True
KWT,ANY,ALL,2014,3.14,True
LAO,ANY,ALL,2014,3.38,True
LBN,ANY,ALL,2014,3.26,True
LBR,ANY,ALL,2014,12.18,True
LCA,ANY,ALL,2014,8.11,True
LKA,ANY,ALL,2014,7.09,True
LSO,ANY,ALL,2014,2.43,True
LTU,ANY,ALL,2014,2.03,True
LVA,ANY,ALL,2014,2.03,True
MAC,ANY,ALL,2014,0.0,True
MAR,ANY,ALL,2014,3.02,True
MDA,ANY,ALL,2014,2.53,True
MDG,ANY,ALL,2014,5.99,True
MDV,ANY,ALL,2014,7.59,True
MEX,ANY,ALL,2014,1.02,True
MKD,ANY,ALL,2014,2.26,True
MLI,ANY,ALL,2014,7.43,True
MLT,ANY,ALL,2014,2.03,True
MNE,ANY,ALL,2014,3.63,True
MOZ,ANY,ALL,2014,4.17,True
MRT,ANY,ALL,2014,8.62,True
MUS,ANY,ALL,2014,0.69,True
MWI,ANY,ALL,2014,4.25,True
MYS,ANY,ALL,2014,1.28,True
NAM,ANY,ALL,2014,0.7,True
NER,ANY,ALL,2014,9.28,True
NGA,ANY,ALL,2014,11.34,True
NIC,ANY,ALL,2014,1.95,True
NLD,ANY,ALL,2014,2.03,True
NOR,ANY,ALL,2014,3.0,True
NPL,ANY,ALL,2014,10.55,True
NZL,ANY,ALL,2014,1.31,True
OMN,ANY,ALL,2014,2.41,True
PAK,ANY,ALL,2014,8.92,True
PER,ANY,ALL,2014,1.43,True
POL,ANY,ALL,2014,2.03,True
PRT,ANY,ALL,2014,2.03,True
PRY,ANY,ALL,2014,4.2,True
PSE,ANY,ALL,2014,3.33,True
PYF,ANY,ALL,2014,3.99,True
QAT,ANY,ALL,2014,3.42,True
ROU,ANY,ALL,2014,2.03,True
RUS,ANY,ALL,2014,5.37,True
RWA,ANY,ALL,2014,8.9,True
SAU,ANY,ALL,2014,3.39,True
SEN,ANY,ALL,2014,8.46,True
SGP,ANY,ALL,2014,0.07,True
SLV,ANY,ALL,2014,1.75,True
STP,ANY,ALL,2014,8.24,True
SVK,ANY,ALL,2014,2.03,True
SVN,ANY,ALL,2014,2.03,True
SWE,ANY,ALL,2014,2.03,True
SWZ,ANY,ALL,2014,0.58,True
TGO,ANY,ALL,2014,9.35,True
THA,ANY,ALL,2014,3.53,True
TJK,ANY,ALL,2014,5.56,True
TLS,ANY,ALL,2014,2.5,True
TZA,ANY,ALL,2014,8.33,True
UGA,ANY,ALL,2014,8.64,True
UKR,ANY,ALL,2014,2.06,True
URY,ANY,ALL,2014,4.68,True
USA,ANY,ALL,2014,1.69,True
UZB,ANY,ALL,2014,6.83,True
VEN,ANY,ALL,2014,9.67,True
VNM,ANY,ALL,2014,3.43,True
WSM,ANY,ALL,2014,9.98,True
ZAF,ANY,ALL,2014,3.87,True
ABW,ANY,ALL,2015,10.02,True
AGO,ANY,ALL,2015,9.38,True
ALB,ANY,ALL,2015,1.11,True
ARE,ANY,ALL,2015,2.99,True
ARG,ANY,ALL,2015,7.35,True
ARM,ANY,ALL,2015,2.93,True
ATG,ANY,ALL,2015,12.03,True
AUS,ANY,ALL,2015,1.9,True
AUT,ANY,ALL,2015,2.02,True
AZE,ANY,ALL,2015,5.19,True
BDI,ANY,ALL,2015,6.13,True
BEL,ANY,ALL,2015,2.02,True
BEN,ANY,ALL,2015,11.81,True
BFA,ANY,ALL,2015,6.86,True
BGD,ANY,ALL,2015,11.82,True
BGR,ANY,ALL,2015,2.02,True
BHR,ANY,ALL,2015,3.3,True
BHS,ANY,ALL,2015,18.66,True
BIH,ANY,ALL,2015,1.22,True
BLR,ANY,ALL,2015,1.97,True
BLZ,ANY,ALL,2015,10.04,True
BMU,ANY,ALL,2015,18.67,True
BOL,ANY,ALL,2015,4.75,True
BRA,ANY,ALL,2015,8.27,True
BTN,ANY,ALL,2015,2.82,True
BWA,ANY,ALL,2015,0.56,True
CAF,ANY,ALL,2015,16.44,True
CAN,ANY,ALL,2015,1.65,True
CHE,ANY,ALL,2015,1.3,True
CHL,ANY,ALL,2015,0.64,True
CHN,ANY,ALL,2015,4.52,True
CIV,ANY,ALL,2015,8.0,True
COG,ANY,ALL,2015,11.55,True
COL,ANY,ALL,2015,6.54,True
COM,ANY,ALL,2015,5.04,True
CPV,ANY,ALL,2015,10.89,True
CUB,ANY,ALL,2015,7.66,True
CYP,ANY,ALL,2015,2.02,True
CZE,ANY,ALL,2015,2.02,True
DEU,ANY,ALL,2015,2.02,True
DMA,ANY,ALL,2015,13.72,True
DNK,ANY,ALL,2015,2.02,True
DOM,ANY,ALL,2015,6.04,True
DZA,ANY,ALL,2015,8.27,True
ECU,ANY,ALL,2015,6.38,True
EGY,ANY,ALL,2015,7.08,True
ESP,ANY,ALL,2015,2.02,True
EST,ANY,ALL,2015,2.02,True
ETH,ANY,ALL,2015,12.14,True
FIN,ANY,ALL,2015,2.02,True
FJI,ANY,ALL,2015,11.12,True
FRA,ANY,ALL,2015,2.02,True
GAB,ANY,ALL,2015,14.54,True
GBR,ANY,ALL,2015,2.02,True
GEO,ANY,ALL,2015,0.3,True
GRC,ANY,ALL,2015,2.02,True
GRD,ANY,ALL,2015,11.92,True
GTM,ANY,ALL,2015,1.39,True
GUY,ANY,ALL,2015,6.73,True
HKG,ANY,ALL,2015,0.0,True
HND,ANY,ALL,2015,2.79,True
HRV,ANY,ALL,2015,2.02,True
HTI,ANY,ALL,2015,6.55,True
HUN,ANY,ALL,2015,2.02,True
IND,ANY,ALL,2015,7.32,True
IRL,ANY,ALL,2015,2.02,True
ISL,ANY,ALL,2015,1.42,True
ISR,ANY,ALL,2015,2.83,True
ITA,ANY,ALL,2015,2.02,True
JAM,ANY,ALL,2015,10.52,True
JOR,ANY,ALL,2015,3.98,True
JPN,ANY,ALL,2015,2.3,True
KAZ,ANY,ALL,2015,4.85,True
KEN,ANY,ALL,2015,11.47,True
KGZ,ANY,ALL,2015,3.2,True
KNA,ANY,ALL,2015,12.29,True
KOR,ANY,ALL,2015,5.72,True
KWT,ANY,ALL,2015,2.96,True
LAO,ANY,ALL,2015,2.35,True
LBN,ANY,ALL,2015,3.39,True
LCA,ANY,ALL,2015,7.84,True
LKA,ANY,ALL,2015,4.43,True
LSO,ANY,ALL,2015,2.79,True
LTU,ANY,ALL,2015,2.02,True
LVA,ANY,ALL,2015,2.02,True
MAC,ANY,ALL,2015,0.0,True
MAR,ANY,ALL,2015,3.42,True
MDA,ANY,ALL,2015,3.39,True
MDG,ANY,ALL,2015,9.35,True
MDV,ANY,ALL,2015,11.13,True
MEX,ANY,ALL,2015,4.45,True
MKD,ANY,ALL,2015,1.21,True
MLI,ANY,ALL,2015,6.22,True
MLT,ANY,ALL,2015,2.02,True
MMR,ANY,ALL,2015,1.72,True
MNE,ANY,ALL,2015,3.69,True
MNG,ANY,ALL,2015,4.57,True
MRT,ANY,ALL,2015,8.67,True
MUS,ANY,ALL,2015,0.68,True
MWI,ANY,ALL,2015,4.24,True
NAM,ANY,ALL,2015,0.9,True
NER,ANY,ALL,2015,8.07,True
NGA,ANY,ALL,2015,8.22,True
NIC,ANY,ALL,2015,1.93,True
NLD,ANY,ALL,2015,2.02,True
NOR,ANY,ALL,2015,3.52,True
NPL,ANY,ALL,2015,12.31,True
NZL,ANY,ALL,2015,1.32,True
OMN,ANY,ALL,2015,1.9,True
PAK,ANY,ALL,2015,9.58,True
PAN,ANY,ALL,2015,5.41,True
PER,ANY,ALL,2015,1.8,True
PHL,ANY,ALL,2015,1.75,True
PLW,ANY,ALL,2015,7.69,True
POL,ANY,ALL,2015,2.02,True
PRT,ANY,ALL,2015,2.02,True
PRY,ANY,ALL,2015,4.43,True
PSE,ANY,ALL,2015,2.15,True
PYF,ANY,ALL,2015,5.08,True
QAT,ANY,ALL,2015,3.37,True
ROU,ANY,ALL,2015,2.02,True
RUS,ANY,ALL,2015,3.08,True
RWA,ANY,ALL,2015,9.75,True
SAU,ANY,ALL,2015,4.45,True
SEN,ANY,ALL,2015,8.62,True
SGP,ANY,ALL,2015,0.07,True
SLB,ANY,ALL,2015,35.65,True
SLV,ANY,ALL,2015,1.79,True
SRB,ANY,ALL,2015,1.29,True
STP,ANY,ALL,2015,9.07,True
SVK,ANY,ALL,2015,2.02,True
SVN,ANY,ALL,2015,2.02,True
SWE,ANY,ALL,2015,2.02,True
SWZ,ANY,ALL,2015,0.99,True
SYC,ANY,ALL,2015,2.82,True
TCD,ANY,ALL,2015,13.92,True
TGO,ANY,ALL,2015,9.73,True
THA,ANY,ALL,2015,3.52,True
TJK,ANY,ALL,2015,7.18,True
TLS,ANY,ALL,2015,2.5,True
TON,ANY,ALL,2015,5.72,True
TUN,ANY,ALL,2015,3.94,True
TUR,ANY,ALL,2015,3.19,True
TZA,ANY,ALL,2015,7.28,True
UGA,ANY,ALL,2015,7.88,True
UKR,ANY,ALL,2015,1.93,True
URY,ANY,ALL,2015,4.79,True
USA,ANY,ALL,2015,1.69,True
UZB,ANY,ALL,2015,8.73,True
VCT,ANY,ALL,2015,7.15,True
VEN,ANY,ALL,2015,10.67,True
VNM,ANY,ALL,2015,3.14,True
VUT,ANY,ALL,2015,4.84,True
WSM,ANY,ALL,2015,10.28,True
YEM,ANY,ALL,2015,5.14,True
ZAF,ANY,ALL,2015,4.38,True
ZMB,ANY,ALL,2015,3.95,True
ZWE,ANY,ALL,2015,5.72,True
ABW,ANY,ALL,2016,10.16,True
AGO,ANY,ALL,2016,9.38,True
ALB,ANY,ALL,2016,1.06,True
ARE,ANY,ALL,2016,2.82,True
ARG,ANY,ALL,2016,7.53,True
ARM,ANY,ALL,2016,2.13,True
ATG,ANY,ALL,2016,11.88,True
AUS,ANY,ALL,2016,1.18,True
AUT,ANY,ALL,2016,2.09,True
BDI,ANY,ALL,2016,5.91,True
BEL,ANY,ALL,2016,2.09,True
BEN,ANY,ALL,2016,11.2,True
BFA,ANY,ALL,2016,6.93,True
BGD,ANY,ALL,2016,10.72,True
BGR,ANY,ALL,2016,2.09,True
BHR,ANY,ALL,2016,3.13,True
BHS,ANY,ALL,2016,18.56,True
BIH,ANY,ALL,2016,1.23,True
BLR,ANY,ALL,2016,1.82,True
BLZ,ANY,ALL,2016,10.52,True
BMU,ANY,ALL,2016,18.73,True
BOL,ANY,ALL,2016,4.75,True
BRA,ANY,ALL,2016,8.01,True
BRN,ANY,ALL,2016,0.5,True
BWA,ANY,ALL,2016,0.59,True
CAF,ANY,ALL,2016,16.44,True
CAN,ANY,ALL,2016,1.56,True
CHE,ANY,ALL,2016,1.31,True
CHL,ANY,ALL,2016,5.89,True
CHN,ANY,ALL,2016,3.54,True
CIV,ANY,ALL,2016,8.16,True
COL,ANY,ALL,2016,6.98,True
CRI,ANY,ALL,2016,1.78,True
CUB,ANY,ALL,2016,8.02,True
CYM,ANY,ALL,2016,16.72,True
CYP,ANY,ALL,2016,2.09,True
CZE,ANY,ALL,2016,2.09,True
DEU,ANY,ALL,2016,2.09,True
DMA,ANY,ALL,2016,8.41,True
DNK,ANY,ALL,2016,2.09,True
DOM,ANY,ALL,2016,4.6,True
DZA,ANY,ALL,2016,8.85,True
ECU,ANY,ALL,2016,6.81,True
EGY,ANY,ALL,2016,6.63,True
ESP,ANY,ALL,2016,2.09,True
EST,ANY,ALL,2016,2.09,True
FIN,ANY,ALL,2016,2.09,True
FRA,ANY,ALL,2016,2.09,True
GAB,ANY,ALL,2016,16.93,True
GBR,ANY,ALL,2016,2.09,True
GEO,ANY,ALL,2016,0.67,True
GHA,ANY,ALL,2016,10.79,True
GRC,ANY,ALL,2016,2.09,True
GRD,ANY,ALL,2016,12.41,True
GUY,ANY,ALL,2016,6.58,True
HKG,ANY,ALL,2016,0.0,True
HRV,ANY,ALL,2016,2.09,True
HTI,ANY,ALL,2016,6.52,True
HUN,ANY,ALL,2016,2.09,True
IDN,ANY,ALL,2016,2.64,True
IND,ANY,ALL,2016,6.35,True
IRL,ANY,ALL,2016,2.09,True
ISL,ANY,ALL,2016,1.47,True
ISR,ANY,ALL,2016,2.81,True
ITA,ANY,ALL,2016,2.09,True
JAM,ANY,ALL,2016,10.84,True
JOR,ANY,ALL,2016,4.32,True
JPN,ANY,ALL,2016,2.55,True
KAZ,ANY,ALL,2016,2.55,True
KEN,ANY,ALL,2016,12.25,True
KGZ,ANY,ALL,2016,3.16,True
KHM,ANY,ALL,2016,9.77,True
KNA,ANY,ALL,2016,12.3,True
KOR,ANY,ALL,2016,8.67,True
KWT,ANY,ALL,2016,2.96,True
LAO,ANY,ALL,2016,1.65,True
LBN,ANY,ALL,2016,2.98,True
LCA,ANY,ALL,2016,9.25,True
LSO,ANY,ALL,2016,2.01,True
LTU,ANY,ALL,2016,2.09,True
LVA,ANY,ALL,2016,2.09,True
MAC,ANY,ALL,2016,0.0,True
MAR,ANY,ALL,2016,3.78,True
MDA,ANY,ALL,2016,3.54,True
MDG,ANY,ALL,2016,7.86,True
MDV,ANY,ALL,2016,11.16,True
MEX,ANY,ALL,2016,4.35,True
MKD,ANY,ALL,2016,3.96,True
MLI,ANY,ALL,2016,6.22,True
MLT,ANY,ALL,2016,2.09,True
MNE,ANY,ALL,2016,3.01,True
MOZ,ANY,ALL,2016,3.55,True
MUS,ANY,ALL,2016,0.79,True
MWI,ANY,ALL,2016,4.77,True
MYS,ANY,ALL,2016,4.02,True
NAM,ANY,ALL,2016,1.03,True
NER,ANY,ALL,2016,8.21,True
NGA,ANY,ALL,2016,8.52,True
NIC,ANY,ALL,2016,2.17,True
NLD,ANY,ALL,2016,2.09,True
NOR,ANY,ALL,2016,3.41,True
NPL,ANY,ALL,2016,12.35,True
NRU,ANY,ALL,2016,11.69,True
NZL,ANY,ALL,2016,1.27,True
OMN,ANY,ALL,2016,1.46,True
PAK,ANY,ALL,2016,10.09,True
PHL,ANY,ALL,2016,4.17,True
PLW,ANY,ALL,2016,7.8,True
POL,ANY,ALL,2016,2.09,True
PRT,ANY,ALL,2016,2.09,True
PRY,ANY,ALL,2016,4.21,True
PSE,ANY,ALL,2016,1.12,True
PYF,ANY,ALL,2016,5.36,True
QAT,ANY,ALL,2016,3.37,True
ROU,ANY,ALL,2016,2.09,True
RUS,ANY,ALL,2016,3.62,True
RWA,ANY,ALL,2016,7.33,True
SEN,ANY,ALL,2016,8.75,True
SGP,ANY,ALL,2016,0.07,True
SLB,ANY,ALL,2016,14.08,True
SRB,ANY,ALL,2016,1.37,True
STP,ANY,ALL,2016,10.44,True
SVK,ANY,ALL,2016,2.09,True
SVN,ANY,ALL,2016,2.09,True
SWE,ANY,ALL,2016,2.09,True
SWZ,ANY,ALL,2016,1.18,True
SYC,ANY,ALL,2016,4.32,True
TCD,ANY,ALL,2016,16.36,True
TGO,ANY,ALL,2016,9.48,True
TJK,ANY,ALL,2016,5.7,True
TLS,ANY,ALL,2016,2.5,True
TON,ANY,ALL,2016,5.74,True
TUN,ANY,ALL,2016,9.35,True
TUR,ANY,ALL,2016,2.74,True
TZA,ANY,ALL,2016,8.62,True
UGA,ANY,ALL,2016,7.33,True
UKR,ANY,ALL,2016,2.46,True
URY,ANY,ALL,2016,5.7,True
USA,ANY,ALL,2016,1.65,True
VCT,ANY,ALL,2016,9.19,True
VEN,ANY,ALL,2016,10.04,True
VNM,ANY,ALL,2016,2.86,True
VUT,ANY,ALL,2016,7.85,True
WSM,ANY,ALL,2016,10.58,True
YEM,ANY,ALL,2016,4.35,True
ZAF,ANY,ALL,2016,4.51,True
ZMB,ANY,ALL,2016,6.22,True
ZWE,ANY,ALL,2016,4.99,True
ABW,ANY,ALL,2017,10.3,True
ALB,ANY,ALL,2017,0.85,True
ARE,ANY,ALL,2017,4.75,True
ARG,ANY,ALL,2017,7.93,True
ARM,ANY,ALL,2017,2.22,True
ATG,ANY,ALL,2017,12.72,True
AUS,ANY,ALL,2017,0.89,True
AUT,ANY,ALL,2017,1.96,True
BEL,ANY,ALL,2017,1.96,True
BEN,ANY,ALL,2017,17.84,True
BFA,ANY,ALL,2017,9.08,True
BGR,ANY,ALL,2017,1.96,True
BHR,ANY,ALL,2017,7.83,True
BIH,ANY,ALL,2017,2.53,True
BLR,ANY,ALL,2017,1.51,True
BLZ,ANY,ALL,2017,10.39,True
BMU,ANY,ALL,2017,20.85,True
BOL,ANY,ALL,2017,6.1,True
BRA,ANY,ALL,2017,8.59,True
BRN,ANY,ALL,2017,0.03,True
BWA,ANY,ALL,2017,1.12,True
CAF,ANY,ALL,2017,16.44,True
CAN,ANY,ALL,2017,1.52,True
CHE,ANY,ALL,2017,1.68,True
CHL,ANY,ALL,2017,0.49,True
CHN,ANY,ALL,2017,3.83,True
CIV,ANY,ALL,2017,10.28,True
COL,ANY,ALL,2017,4.4,True
COM,ANY,ALL,2017,10.43,True
CUB,ANY,ALL,2017,7.15,True
CYP,ANY,ALL,2017,1.96,True
CZE,ANY,ALL,2017,1.96,True
DEU,ANY,ALL,2017,1.96,True
DMA,ANY,ALL,2017,8.3,True
DNK,ANY,ALL,2017,1.96,True
DOM,ANY,ALL,2017,4.2,True
DZA,ANY,ALL,2017,9.38,True
ECU,ANY,ALL,2017,7.03,True
EGY,ANY,ALL,2017,7.41,True
ESP,ANY,ALL,2017,1.96,True
EST,ANY,ALL,2017,1.96,True
FIN,ANY,ALL,2017,1.96,True
FJI,ANY,ALL,2017,16.05,True
FRA,ANY,ALL,2017,1.96,True
GBR,ANY,ALL,2017,1.96,True
GHA,ANY,ALL,2017,10.61,True
GIN,ANY,ALL,2017,12.25,True
GNB,ANY,ALL,2017,15.5,True
GRC,ANY,ALL,2017,1.96,True
GUY,ANY,ALL,2017,6.61,True
HKG,ANY,ALL,2017,0.0,True
HRV,ANY,ALL,2017,1.96,True
HUN,ANY,ALL,2017,1.96,True
IDN,ANY,ALL,2017,2.06,True
IND,ANY,ALL,2017,5.78,True
IRL,ANY,ALL,2017,1.96,True
ISL,ANY,ALL,2017,1.57,True
ISR,ANY,ALL,2017,1.85,True
ITA,ANY,ALL,2017,1.96,True
JOR,ANY,ALL,2017,4.41,True
JPN,ANY,ALL,2017,2.51,True
KAZ,ANY,ALL,2017,2.39,True
KGZ,ANY,ALL,2017,2.93,True
KNA,ANY,ALL,2017,21.08,True
KOR,ANY,ALL,2017,5.05,True
KWT,ANY,ALL,2017,4.34,True
LAO,ANY,ALL,2017,1.48,True
LBN,ANY,ALL,2017,3.76,True
LKA,ANY,ALL,2017,8.72,True
LSO,ANY,ALL,2017,1.43,True
LTU,ANY,ALL,2017,1.96,True
LVA,ANY,ALL,2017,1.96,True
MAC,ANY,ALL,2017,0.0,True
MAR,ANY,ALL,2017,3.86,True
MDG,ANY,ALL,2017,6.83,True
MDV,ANY,ALL,2017,12.04,True
MEX,ANY,ALL,2017,1.24,True
MKD,ANY,ALL,2017,1.92,True
MLI,ANY,ALL,2017,10.04,True
MLT,ANY,ALL,2017,1.96,True
MNE,ANY,ALL,2017,3.07,True
MNG,ANY,ALL,2017,5.52,True
MUS,ANY,ALL,2017,0.87,True
NAM,ANY,ALL,2017,0.91,True
NER,ANY,ALL,2017,11.92,True
NIC,ANY,ALL,2017,2.33,True
NLD,ANY,ALL,2017,1.96,True
NOR,ANY,ALL,2017,3.13,True
NRU,ANY,ALL,2017,11.27,True
NZL,ANY,ALL,2017,1.35,True
OMN,ANY,ALL,2017,1.73,True
PER,ANY,ALL,2017,0.8,True
PHL,ANY,ALL,2017,1.66,True
PLW,ANY,ALL,2017,29.88,True
POL,ANY,ALL,2017,1.96,True
PRT,ANY,ALL,2017,1.96,True
PRY,ANY,ALL,2017,4.8,True
PSE,ANY,ALL,2017,2.18,True
PYF,ANY,ALL,2017,5.05,True
QAT,ANY,ALL,2017,4.22,True
ROU,ANY,ALL,2017,1.96,True
RUS,ANY,ALL,2017,3.61,True
SAU,ANY,ALL,2017,4.85,True
SDN,ANY,ALL,2017,14.01,True
SEN,ANY,ALL,2017,12.3,True
SGP,ANY,ALL,2017,0.07,True
SLB,ANY,ALL,2017,18.49,True
SLV,ANY,ALL,2017,2.07,True
SRB,ANY,ALL,2017,1.41,True
SVK,ANY,ALL,2017,1.96,True
SVN,ANY,ALL,2017,1.96,True
SWE,ANY,ALL,2017,1.96,True
SWZ,ANY,ALL,2017,0.66,True
SYC,ANY,ALL,2017,3.7,True
TGO,ANY,ALL,2017,13.43,True
TJK,ANY,ALL,2017,4.98,True
TON,ANY,ALL,2017,5.53,True
TUR,ANY,ALL,2017,3.45,True
TUV,ANY,ALL,2017,2.43,True
UKR,ANY,ALL,2017,1.9,True
URY,ANY,ALL,2017,6.3,True
USA,ANY,ALL,2017,1.66,True
VCT,ANY,ALL,2017,8.93,True
VEN,ANY,ALL,2017,10.99,True
VNM,ANY,ALL,2017,2.69,True
VUT,ANY,ALL,2017,8.34,True
WSM,ANY,ALL,2017,10.19,True
YEM,ANY,ALL,2017,5.03,True
ZAF,ANY,ALL,2017,4.61,True
ABW,ANY,ALL,2018,10.15,True
AFG,ANY,ALL,2018,5.63,True
AGO,ANY,ALL,2018,7.68,True
ALB,ANY,ALL,2018,1.02,True
ARE,ANY,ALL,2018,4.4,True
ARG,ANY,ALL,2018,7.42,True
ATG,ANY,ALL,2018,14.89,True
AUS,ANY,ALL,2018,0.86,True
AUT,ANY,ALL,2018,1.83,True
BDI,ANY,ALL,2018,7.89,True
BEL,ANY,ALL,2018,1.83,True
BEN,ANY,ALL,2018,15.25,True
BFA,ANY,ALL,2018,7.79,True
BGR,ANY,ALL,2018,1.83,True
BHR,ANY,ALL,2018,4.28,True
BHS,ANY,ALL,2018,17.05,True
BIH,ANY,ALL,2018,2.76,True
BLR,ANY,ALL,2018,1.65,True
BLZ,ANY,ALL,2018,11.08,True
BMU,ANY,ALL,2018,27.59,True
BOL,ANY,ALL,2018,4.73,True
BRA,ANY,ALL,2018,7.95,True
BRN,ANY,ALL,2018,0.03,True
BWA,ANY,ALL,2018,0.33,True
CAN,ANY,ALL,2018,1.47,True
CHE,ANY,ALL,2018,1.7,True
CHL,ANY,ALL,2018,0.49,True
CHN,ANY,ALL,2018,3.39,True
CIV,ANY,ALL,2018,10.17,True
COL,ANY,ALL,2018,3.28,True
COM,ANY,ALL,2018,7.04,True
CRI,ANY,ALL,2018,1.8,True
CYP,ANY,ALL,2018,1.83,True
CZE,ANY,ALL,2018,1.83,True
DEU,ANY,ALL,2018,1.83,True
DNK,ANY,ALL,2018,1.83,True
DOM,ANY,ALL,2018,4.2,True
DZA,ANY,ALL,2018,9.98,True
ECU,ANY,ALL,2018,7.35,True
EGY,ANY,ALL,2018,8.19,True
ESP,ANY,ALL,2018,1.83,True
EST,ANY,ALL,2018,1.83,True
ETH,ANY,ALL,2018,12.13,True
FIN,ANY,ALL,2018,1.83,True
FJI,ANY,ALL,2018,16.34,True
FRA,ANY,ALL,2018,1.83,True
GBR,ANY,ALL,2018,1.83,True
GHA,ANY,ALL,2018,10.34,True
GIN,ANY,ALL,2018,11.29,True
GMB,ANY,ALL,2018,18.08,True
GNB,ANY,ALL,2018,14.39,True
GRC,ANY,ALL,2018,1.83,True
GUY,ANY,ALL,2018,3.74,True
HKG,ANY,ALL,2018,0.0,True
HND,ANY,ALL,2018,3.41,True
HRV,ANY,ALL,2018,1.83,True
HUN,ANY,ALL,2018,1.83,True
IDN,ANY,ALL,2018,2.0,True
IND,ANY,ALL,2018,4.88,True
IRL,ANY,ALL,2018,1.83,True
ITA,ANY,ALL,2018,1.83,True
JPN,ANY,ALL,2018,2.45,True
KAZ,ANY,ALL,2018,2.37,True
KEN,ANY,ALL,2018,10.07,True
KGZ,ANY,ALL,2018,2.92,True
KNA,ANY,ALL,2018,21.06,True
KOR,ANY,ALL,2018,4.83,True
KWT,ANY,ALL,2018,4.77,True
LAO,ANY,ALL,2018,0.73,True
LBN,ANY,ALL,2018,1.05,True
LBR,ANY,ALL,2018,9.54,True
LKA,ANY,ALL,2018,12.08,True
LSO,ANY,ALL,2018,3.36,True
LTU,ANY,ALL,2018,1.83,True
LVA,ANY,ALL,2018,1.83,True
MAC,ANY,ALL,2018,0.0,True
MDG,ANY,ALL,2018,7.74,True
MDV,ANY,ALL,2018,11.39,True
MEX,ANY,ALL,2018,1.21,True
MKD,ANY,ALL,2018,1.94,True
MLI,ANY,ALL,2018,9.42,True
MLT,ANY,ALL,2018,1.83,True
MNE,ANY,ALL,2018,2.84,True
MNG,ANY,ALL,2018,5.26,True
MOZ,ANY,ALL,2018,4.18,True
MRT,ANY,ALL,2018,8.03,True
MUS,ANY,ALL,2018,0.81,True
NAM,ANY,ALL,2018,1.0,True
NER,ANY,ALL,2018,11.02,True
NIC,ANY,ALL,2018,1.95,True
NLD,ANY,ALL,2018,1.83,True
NOR,ANY,ALL,2018,3.2,True
NPL,ANY,ALL,2018,12.36,True
NRU,ANY,ALL,2018,10.51,True
OMN,ANY,ALL,2018,1.73,True
PAK,ANY,ALL,2018,9.45,True
PER,ANY,ALL,2018,0.71,True
PHL,ANY,ALL,2018,2.11,True
PLW,ANY,ALL,2018,34.63,True
PNG,ANY,ALL,2018,4.58,True
POL,ANY,ALL,2018,1.83,True
PRT,ANY,ALL,2018,1.83,True
PRY,ANY,ALL,2018,4.98,True
PYF,ANY,ALL,2018,5.05,True
QAT,ANY,ALL,2018,3.68,True
ROU,ANY,ALL,2018,1.83,True
RUS,ANY,ALL,2018,3.51,True
RWA,ANY,ALL,2018,4.08,True
SEN,ANY,ALL,2018,11.52,True
SGP,ANY,ALL,2018,0.24,True
SLB,ANY,ALL,2018,30.28,True
SLV,ANY,ALL,2018,1.94,True
SRB,ANY,ALL,2018,1.44,True
STP,ANY,ALL,2018,9.46,True
SUR,ANY,ALL,2018,10.54,True
SVK,ANY,ALL,2018,1.83,True
SVN,ANY,ALL,2018,1.83,True
SWE,ANY,ALL,2018,1.83,True
SWZ,ANY,ALL,2018,1.48,True
SYC,ANY,ALL,2018,2.09,True
TGO,ANY,ALL,2018,12.85,True
TUR,ANY,ALL,2018,2.5,True
TZA,ANY,ALL,2018,8.55,True
UGA,ANY,ALL,2018,8.01,True
UKR,ANY,ALL,2018,1.56,True
URY,ANY,ALL,2018,5.35,True
USA,ANY,ALL,2018,1.59,True
VCT,ANY,ALL,2018,8.92,True
VEN,ANY,ALL,2018,8.87,True
VNM,ANY,ALL,2018,4.39,True
WSM,ANY,ALL,2018,10.85,True
ZAF,ANY,ALL,2018,4.32,True
ZMB,ANY,ALL,2018,3.39,True
ABW,ANY,ALL,2019,12.12,True
AGO,ANY,ALL,2019,6.52,True
ALB,ANY,ALL,2019,1.02,True
ARE,ANY,ALL,2019,3.94,True
ARG,ANY,ALL,2019,7.26,True
ARM,ANY,ALL,2019,4.09,True
ATG,ANY,ALL,2019,13.07,True
AUS,ANY,ALL,2019,0.77,True
AUT,ANY,ALL,2019,1.84,True
AZE,ANY,ALL,2019,11.98,True
BDI,ANY,ALL,2019,8.52,True
BEL,ANY,ALL,2019,1.84,True
BEN,ANY,ALL,2019,9.86,True
BFA,ANY,ALL,2019,5.84,True
BGD,ANY,ALL,2019,8.64,True
BGR,ANY,ALL,2019,1.84,True
BHR,ANY,ALL,2019,3.5,True
BIH,ANY,ALL,2019,17.89,True
BLR,ANY,ALL,2019,2.82,True
BLZ,ANY,ALL,2019,11.17,True
BMU,ANY,ALL,2019,103.17,True
BOL,ANY,ALL,2019,4.73,True
BRA,ANY,ALL,2019,7.97,True
BRN,ANY,ALL,2019,0.02,True
BTN,ANY,ALL,2019,4.13,True
BWA,ANY,ALL,2019,0.96,True
CAN,ANY,ALL,2019,1.51,True
CHE,ANY,ALL,2019,6.12,True
CHL,ANY,ALL,2019,0.43,True
CHN,ANY,ALL,2019,2.53,True
CIV,ANY,ALL,2019,7.69,True
CMR,ANY,ALL,2019,15.46,True
COD,ANY,ALL,2019,10.83,True
COL,ANY,ALL,2019,2.92,True
COM,ANY,ALL,2019,4.24,True
CPV,ANY,ALL,2019,11.55,True
CRI,ANY,ALL,2019,1.62,True
CUB,ANY,ALL,2019,8.54,True
CYP,ANY,ALL,2019,1.84,True
CZE,ANY,ALL,2019,1.84,True
DEU,ANY,ALL,2019,1.84,True
DNK,ANY,ALL,2019,1.84,True
DZA,ANY,ALL,2019,9.99,True
ECU,ANY,ALL,2019,8.11,True
EGY,ANY,ALL,2019,10.43,True
ESP,ANY,ALL,2019,1.84,True
EST,ANY,ALL,2019,1.84,True
FIN,ANY,ALL,2019,1.84,True
FJI,ANY,ALL,2019,23.97,True
FRA,ANY,ALL,2019,1.84,True
GAB,ANY,ALL,2019,14.5,True
GBR,ANY,ALL,2019,1.84,True
GHA,ANY,ALL,2019,10.02,True
GIN,ANY,ALL,2019,10.9,True
GNB,ANY,ALL,2019,11.28,True
GRC,ANY,ALL,2019,1.84,True
GRD,ANY,ALL,2019,10.79,True
GUY,ANY,ALL,2019,9.55,True
HKG,ANY,ALL,2019,0.0,True
HRV,ANY,ALL,2019,1.84,True
HUN,ANY,ALL,2019,1.84,True
IDN,ANY,ALL,2019,2.0,True
IND,ANY,ALL,2019,6.59,True
IRL,ANY,ALL,2019,1.84,True
IRN,ANY,ALL,2019,15.43,True
ISL,ANY,ALL,2019,1.53,True
ITA,ANY,ALL,2019,1.84,True
JPN,ANY,ALL,2019,3.53,True
KAZ,ANY,ALL,2019,2.32,True
KEN,ANY,ALL,2019,11.48,True
KGZ,ANY,ALL,2019,3.09,True
KNA,ANY,ALL,2019,21.09,True
KWT,ANY,ALL,2019,4.51,True
LAO,ANY,ALL,2019,0.76,True
LBN,ANY,ALL,2019,3.33,True
LCA,ANY,ALL,2019,16.7,True
LKA,ANY,ALL,2019,13.3,True
LSO,ANY,ALL,2019,3.35,True
LTU,ANY,ALL,2019,1.84,True
LVA,ANY,ALL,2019,1.84,True
MAC,ANY,ALL,2019,0.0,True
MAR,ANY,ALL,2019,3.6,True
MDG,ANY,ALL,2019,7.54,True
MDV,ANY,ALL,2019,18.39,True
MKD,ANY,ALL,2019,1.94,True
MLI,ANY,ALL,2019,7.23,True
MLT,ANY,ALL,2019,1.84,True
MMR,ANY,ALL,2019,1.81,True
MNE,ANY,ALL,2019,0.99,True
MNG,ANY,ALL,2019,5.31,True
MRT,ANY,ALL,2019,8.03,True
MUS,ANY,ALL,2019,1.1,True
MWI,ANY,ALL,2019,4.24,True
NAM,ANY,ALL,2019,1.1,True
NER,ANY,ALL,2019,9.27,True
NIC,ANY,ALL,2019,1.86,True
NLD,ANY,ALL,2019,1.84,True
NOR,ANY,ALL,2019,2.62,True
NPL,ANY,ALL,2019,14.22,True
NRU,ANY,ALL,2019,15.59,True
NZL,ANY,ALL,2019,0.91,True
OMN,ANY,ALL,2019,1.71,True
PAK,ANY,ALL,2019,8.69,True
PER,ANY,ALL,2019,0.73,True
PHL,ANY,ALL,2019,1.68,True
PLW,ANY,ALL,2019,118.21,True
PNG,ANY,ALL,2019,7.75,True
POL,ANY,ALL,2019,1.84,True
PRT,ANY,ALL,2019,1.84,True
PRY,ANY,ALL,2019,4.98,True
PYF,ANY,ALL,2019,4.62,True
QAT,ANY,ALL,2019,3.47,True
ROU,ANY,ALL,2019,1.84,True
RUS,ANY,ALL,2019,5.34,True
RWA,ANY,ALL,2019,9.55,True
SEN,ANY,ALL,2019,9.12,True
SGP,ANY,ALL,2019,0.39,True
SLB,ANY,ALL,2019,17.52,True
SLV,ANY,ALL,2019,2.04,True
STP,ANY,ALL,2019,9.97,True
SUR,ANY,ALL,2019,8.72,True
SVK,ANY,ALL,2019,1.84,True
SVN,ANY,ALL,2019,1.84,True
SWE,ANY,ALL,2019,1.84,True
SWZ,ANY,ALL,2019,2.38,True
SYC,ANY,ALL,2019,20.28,True
TGO,ANY,ALL,2019,10.98,True
TUR,ANY,ALL,2019,3.13,True
TZA,ANY,ALL,2019,8.37,True
UGA,ANY,ALL,2019,8.05,True
UKR,ANY,ALL,2019,5.33,True
URY,ANY,ALL,2019,5.33,True
USA,ANY,ALL,2019,13.78,True
VCT,ANY,ALL,2019,8.84,True
VEN,ANY,ALL,2019,10.19,True
VNM,ANY,ALL,2019,1.66,True
ZAF,ANY,ALL,2019,5.37,True
AGO,ANY,ALL,2020,9.23,True
ALB,ANY,ALL,2020,1.1,True
ARE,ANY,ALL,2020,3.28,True
ARG,ANY,ALL,2020,6.88,True
ARM,ANY,ALL,2020,3.11,True
ATG,ANY,ALL,2020,13.07,True
AUS,ANY,ALL,2020,0.71,True
AUT,ANY,ALL,2020,1.48,True
AZE,ANY,ALL,2020,5.93,True
BDI,ANY,ALL,2020,11.31,True
BEL,ANY,ALL,2020,1.48,True
BEN,ANY,ALL,2020,9.86,True
BFA,ANY,ALL,2020,7.15,True
BGD,ANY,ALL,2020,10.99,True
BHR,ANY,ALL,2020,2.02,True
BIH,ANY,ALL,2020,2.86,True
BLR,ANY,ALL,2020,1.76,True
BLZ,ANY,ALL,2020,18.69,True
BMU,ANY,ALL,2020,24.07,True
BOL,ANY,ALL,2020,5.18,True
BRA,ANY,ALL,2020,8.41,True
BRB,ANY,ALL,2020,11.82,True
BRN,ANY,ALL,2020,0.02,True
BTN,ANY,ALL,2020,6.6,True
BWA,ANY,ALL,2020,0.8,True
CAN,ANY,ALL,2020,1.49,True
CHE,ANY,ALL,2020,1.36,True
CHL,ANY,ALL,2020,0.43,True
CHN,ANY,ALL,2020,2.47,True
CIV,ANY,ALL,2020,7.63,True
COD,ANY,ALL,2020,8.4,True
COL,ANY,ALL,2020,2.4,True
COM,ANY,ALL,2020,4.58,True
CPV,ANY,ALL,2020,12.18,True
CRI,ANY,ALL,2020,1.51,True
CUB,ANY,ALL,2020,8.83,True
CYP,ANY,ALL,2020,1.48,True
CZE,ANY,ALL,2020,1.48,True
DEU,ANY,ALL,2020,1.48,True
DMA,ANY,ALL,2020,7.84,True
DNK,ANY,ALL,2020,1.48,True
DOM,ANY,ALL,2020,3.9,True
DZA,ANY,ALL,2020,10.16,True
ECU,ANY,ALL,2020,6.21,True
ESP,ANY,ALL,2020,1.48,True
EST,ANY,ALL,2020,1.48,True
FIN,ANY,ALL,2020,1.48,True
FJI,ANY,ALL,2020,16.62,True
FRA,ANY,ALL,2020,1.48,True
GBR,ANY,ALL,2020,1.28,True
GEO,ANY,ALL,2020,0.21,True
GHA,ANY,ALL,2020,10.51,True
GIN,ANY,ALL,2020,12.23,True
GMB,ANY,ALL,2020,17.82,True
GNB,ANY,ALL,2020,11.65,True
GRC,ANY,ALL,2020,1.48,True
GTM,ANY,ALL,2020,1.59,True
GUY,ANY,ALL,2020,6.51,True
HKG,ANY,ALL,2020,0.0,True
HND,ANY,ALL,2020,3.31,True
HRV,ANY,ALL,2020,1.48,True
HTI,ANY,ALL,2020,6.76,True
HUN,ANY,ALL,2020,1.48,True
IDN,ANY,ALL,2020,2.04,True
IND,ANY,ALL,2020,6.19,True
IRL,ANY,ALL,2020,1.48,True
IRN,ANY,ALL,2020,12.09,True
ITA,ANY,ALL,2020,1.48,True
JAM,ANY,ALL,2020,8.41,True
JOR,ANY,ALL,2020,3.98,True
JPN,ANY,ALL,2020,2.22,True
KAZ,ANY,ALL,2020,1.96,True
KEN,ANY,ALL,2020,9.32,True
KGZ,ANY,ALL,2020,2.33,True
KHM,ANY,ALL,2020,6.21,True
KNA,ANY,ALL,2020,8.84,True
KOR,ANY,ALL,2020,5.48,True
KWT,ANY,ALL,2020,3.01,True
LAO,ANY,ALL,2020,0.97,True
LBN,ANY,ALL,2020,2.83,True
LBR,ANY,ALL,2020,6.6,True
LBY,ANY,ALL,2020,4.54,True
LCA,ANY,ALL,2020,9.08,True
LKA,ANY,ALL,2020,6.28,True
LSO,ANY,ALL,2020,3.31,True
LTU,ANY,ALL,2020,1.48,True
LVA,ANY,ALL,2020,1.48,True
MAC,ANY,ALL,2020,0.0,True
MAR,ANY,ALL,2020,3.61,True
MDA,ANY,ALL,2020,1.26,True
MDG,ANY,ALL,2020,7.2,True
MDV,ANY,ALL,2020,11.55,True
MKD,ANY,ALL,2020,1.74,True
MLI,ANY,ALL,2020,9.24,True
MNE,ANY,ALL,2020,2.59,True
MNG,ANY,ALL,2020,5.3,True
MOZ,ANY,ALL,2020,4.14,True
MRT,ANY,ALL,2020,12.19,True
MUS,ANY,ALL,2020,0.92,True
MWI,ANY,ALL,2020,6.18,True
MYS,ANY,ALL,2020,3.6,True
NAM,ANY,ALL,2020,1.26,True
NER,ANY,ALL,2020,8.06,True
NGA,ANY,ALL,2020,12.37,True
NIC,ANY,ALL,2020,1.84,True
NLD,ANY,ALL,2020,1.48,True
NOR,ANY,ALL,2020,2.8,True
NPL,ANY,ALL,2020,11.6,True
NRU,ANY,ALL,2020,14.39,True
NZL,ANY,ALL,2020,0.85,True
OMN,ANY,ALL,2020,1.71,True
PAK,ANY,ALL,2020,8.67,True
PAN,ANY,ALL,2020,5.77,True
PER,ANY,ALL,2020,0.66,True
PHL,ANY,ALL,2020,1.67,True
PLW,ANY,ALL,2020,9.6,True
PNG,ANY,ALL,2020,3.63,True
POL,ANY,ALL,2020,1.48,True
PRT,ANY,ALL,2020,1.48,True
PRY,ANY,ALL,2020,4.05,True
PYF,ANY,ALL,2020,4.83,True
QAT,ANY,ALL,2020,3.55,True
ROU,ANY,ALL,2020,1.48,True
RUS,ANY,ALL,2020,4.07,True
RWA,ANY,ALL,2020,10.19,True
SAU,ANY,ALL,2020,4.23,True
SDN,ANY,ALL,2020,0.0,True
SEN,ANY,ALL,2020,9.07,True
SGP,ANY,ALL,2020,0.05,True
SLB,ANY,ALL,2020,13.62,True
SLE,ANY,ALL,2020,14.05,True
SLV,ANY,ALL,2020,1.91,True
SUR,ANY,ALL,2020,8.72,True
SVK,ANY,ALL,2020,1.48,True
SVN,ANY,ALL,2020,1.48,True
SWE,ANY,ALL,2020,1.48,True
SWZ,ANY,ALL,2020,2.27,True
SYC,ANY,ALL,2020,1.47,True
SYR,ANY,ALL,2020,9.21,True
TGO,ANY,ALL,2020,10.98,True
TJK,ANY,ALL,2020,3.93,True
TLS,ANY,ALL,2020,2.53,True
TON,ANY,ALL,2020,6.56,True
TUR,ANY,ALL,2020,2.85,True
TZA,ANY,ALL,2020,8.94,True
UGA,ANY,ALL,2020,8.09,True
UKR,ANY,ALL,2020,1.67,True
URY,ANY,ALL,2020,5.29,True
USA,ANY,ALL,2020,1.52,True
UZB,ANY,ALL,2020,2.63,True
VCT,ANY,ALL,2020,8.97,True
VEN,ANY,ALL,2020,14.06,True
VNM,ANY,ALL,2020,1.34,True
VUT,ANY,ALL,2020,12.66,True
WSM,ANY,ALL,2020,10.38,True
ZAF,ANY,ALL,2020,4.4,True
ZMB,ANY,ALL,2020,4.82,True
ABW,ANY,ALL,2021,9.66,True
AGO,ANY,ALL,2021,11.33,True
ALB,ANY,ALL,2021,1.13,True
ARE,ANY,ALL,2021,2.63,True
ARG,ANY,ALL,2021,6.51,True
ARM,ANY,ALL,2021,3.61,True
ATG,ANY,ALL,2021,13.07,True
AUS,ANY,ALL,2021,0.81,True
AUT,ANY,ALL,2021,1.39,True
AZE,ANY,ALL,2021,6.01,True
BDI,ANY,ALL,2021,8.53,True
BEL,ANY,ALL,2021,1.39,True
BEN,ANY,ALL,2021,10.89,True
BFA,ANY,ALL,2021,7.3,True
BGD,ANY,ALL,2021,10.95,True
BGR,ANY,ALL,2021,1.39,True
BHR,ANY,ALL,2021,2.09,True
BIH,ANY,ALL,2021,2.8,True
BLR,ANY,ALL,2021,2.27,True
BLZ,ANY,ALL,2021,17.79,True
BMU,ANY,ALL,2021,23.84,True
BOL,ANY,ALL,2021,5.12,True
BRA,ANY,ALL,2021,7.76,True
BRB,ANY,ALL,2021,12.24,True
BRN,ANY,ALL,2021,0.02,True
BTN,ANY,ALL,2021,3.33,True
BWA,ANY,ALL,2021,0.95,True
CAN,ANY,ALL,2021,2.35,True
CHE,ANY,ALL,2021,1.4,True
CHL,ANY,ALL,2021,0.43,True
CHN,ANY,ALL,2021,2.31,True
CIV,ANY,ALL,2021,7.63,True
COL,ANY,ALL,2021,2.58,True
COM,ANY,ALL,2021,4.34,True
CPV,ANY,ALL,2021,9.96,True
CRI,ANY,ALL,2021,1.43,True
CUB,ANY,ALL,2021,8.91,True
CYM,ANY,ALL,2021,20.39,True
CYP,ANY,ALL,2021,1.39,True
CZE,ANY,ALL,2021,1.39,True
DEU,ANY,ALL,2021,1.39,True
DNK,ANY,ALL,2021,1.39,True
DOM,ANY,ALL,2021,3.8,True
DZA,ANY,ALL,2021,10.29,True
ECU,ANY,ALL,2021,4.63,True
ESP,ANY,ALL,2021,1.39,True
EST,ANY,ALL,2021,1.39,True
ETH,ANY,ALL,2021,12.66,True
FIN,ANY,ALL,2021,1.39,True
FJI,ANY,ALL,2021,8.35,True
FRA,ANY,ALL,2021,1.39,True
GBR,ANY,ALL,2021,0.72,True
GEO,ANY,ALL,2021,0.34,True
GHA,ANY,ALL,2021,10.51,True
GIN,ANY,ALL,2021,12.26,True
GMB,ANY,ALL,2021,17.69,True
GNB,ANY,ALL,2021,11.82,True
GRC,ANY,ALL,2021,1.39,True
GTM,ANY,ALL,2021,1.72,True
GUY,ANY,ALL,2021,4.73,True
HKG,ANY,ALL,2021,0.0,True
HND,ANY,ALL,2021,2.85,True
HRV,ANY,ALL,2021,1.39,True
HUN,ANY,ALL,2021,1.39,True
IDN,ANY,ALL,2021,1.83,True
IND,ANY,ALL,2021,5.87,True
IRL,ANY,ALL,2021,1.39,True
ISL,ANY,ALL,2021,1.51,True
ISR,ANY,ALL,2021,2.88,True
ITA,ANY,ALL,2021,1.39,True
JAM,ANY,ALL,2021,8.61,True
JPN,ANY,ALL,2021,1.84,True
KAZ,ANY,ALL,2021,2.17,True
KEN,ANY,ALL,2021,9.3,True
KGZ,ANY,ALL,2021,3.01,True
KHM,ANY,ALL,2021,5.37,True
KOR,ANY,ALL,2021,4.85,True
KWT,ANY,ALL,2021,2.85,True
LAO,ANY,ALL,2021,1.12,True
LBR,ANY,ALL,2021,6.64,True
LBY,ANY,ALL,2021,4.03,True
LKA,ANY,ALL,2021,4.36,True
LSO,ANY,ALL,2021,3.35,True
LTU,ANY,ALL,2021,1.39,True
LVA,ANY,ALL,2021,1.39,True
MAC,ANY,ALL,2021,0.0,True
MAR,ANY,ALL,2021,4.23,True
MDA,ANY,ALL,2021,1.2,True
MDG,ANY,ALL,2021,7.51,True
MDV,ANY,ALL,2021,10.55,True
MKD,ANY,ALL,2021,2.38,True
MLI,ANY,ALL,2021,7.88,True
MLT,ANY,ALL,2021,1.39,True
MMR,ANY,ALL,2021,1.04,True
MNE,ANY,ALL,2021,3.19,True
MNG,ANY,ALL,2021,5.28,True
MOZ,ANY,ALL,2021,4.19,True
MRT,ANY,ALL,2021,8.32,True
MUS,ANY,ALL,2021,1.27,True
MWI,ANY,ALL,2021,5.95,True
MYS,ANY,ALL,2021,3.62,True
NAM,ANY,ALL,2021,1.32,True
NER,ANY,ALL,2021,8.46,True
NGA,ANY,ALL,2021,12.2,True
NIC,ANY,ALL,2021,1.96,True
NLD,ANY,ALL,2021,1.39,True
NOR,ANY,ALL,2021,3.0,True
NPL,ANY,ALL,2021,11.99,True
NRU,ANY,ALL,2021,14.07,True
NZL,ANY,ALL,2021,0.86,True
OMN,ANY,ALL,2021,2.0,True
PAK,ANY,ALL,2021,9.03,True
PAN,ANY,ALL,2021,6.43,True
PER,ANY,ALL,2021,0.65,True
PHL,ANY,ALL,2021,1.73,True
PLW,ANY,ALL,2021,9.49,True
PNG,ANY,ALL,2021,3.58,True
POL,ANY,ALL,2021,1.39,True
PRT,ANY,ALL,2021,1.39,True
PRY,ANY,ALL,2021,4.49,True
PYF,ANY,ALL,2021,5.75,True
QAT,ANY,ALL,2021,3.53,True
ROU,ANY,ALL,2021,1.39,True
RUS,ANY,ALL,2021,4.17,True
RWA,ANY,ALL,2021,11.97,True
SDN,ANY,ALL,2021,0.0,True
SEN,ANY,ALL,2021,8.88,True
SGP,ANY,ALL,2021,0.0,True
SLB,ANY,ALL,2021,14.31,True
SLE,ANY,ALL,2021,14.22,True
SLV,ANY,ALL,2021,1.88,True
SRB,ANY,ALL,2021,1.72,True
SUR,ANY,ALL,2021,8.43,True
SVK,ANY,ALL,2021,1.39,True
SVN,ANY,ALL,2021,1.39,True
SWE,ANY,ALL,2021,1.39,True
SWZ,ANY,ALL,2021,2.14,True
SYC,ANY,ALL,2021,1.07,True
TGO,ANY,ALL,2021,10.73,True
THA,ANY,ALL,2021,3.15,True
TJK,ANY,ALL,2021,2.31,True
TLS,ANY,ALL,2021,2.53,True
TON,ANY,ALL,2021,6.59,True
TTO,ANY,ALL,2021,8.87,True
TUR,ANY,ALL,2021,3.22,True
TZA,ANY,ALL,2021,8.67,True
UGA,ANY,ALL,2021,8.67,True
UKR,ANY,ALL,2021,1.71,True
URY,ANY,ALL,2021,5.25,True
USA,ANY,ALL,2021,1.47,True
UZB,ANY,ALL,2021,2.56,True
VCT,ANY,ALL,2021,9.06,True
VEN,ANY,ALL,2021,13.61,True
VNM,ANY,ALL,2021,1.17,True
VUT,ANY,ALL,2021,11.08,True
ZAF,ANY,ALL,2021,4.46,True
ZMB,ANY,ALL,2021,4.81,True
ZWE,ANY,ALL,2021,11.37,True
AGO,ANY,ALL,2022,8.85,True
ALB,ANY,ALL,2022,0.26,True
ARG,ANY,ALL,2022,6.45,True
AUS,ANY,ALL,2022,0.99,True
AUT,ANY,ALL,2022,1.33,True
AZE,ANY,ALL,2022,5.45,True
BDI,ANY,ALL,2022,8.96,True
BEL,ANY,ALL,2022,1.33,True
BEN,ANY,ALL,2022,10.16,True
BFA,ANY,ALL,2022,7.25,True
BGD,ANY,ALL,2022,10.56,True
BGR,ANY,ALL,2022,1.33,True
BHR,ANY,ALL,2022,3.66,True
BHS,ANY,ALL,2022,16.34,True
BIH,ANY,ALL,2022,4.04,True
BLZ,ANY,ALL,2022,18.05,True
BMU,ANY,ALL,2022,29.52,True
BOL,ANY,ALL,2022,5.08,True
BRA,ANY,ALL,2022,7.26,True
BRB,ANY,ALL,2022,14.58,True
BRN,ANY,ALL,2022,0.01,True
BTN,ANY,ALL,2022,4.79,True
BWA,ANY,ALL,2022,3.23,True
CAF,ANY,ALL,2022,14.48,True
CAN,ANY,ALL,2022,1.37,True
CHE,ANY,ALL,2022,1.3,True
CHL,ANY,ALL,2022,0.46,True
CHN,ANY,ALL,2022,2.18,True
CIV,ANY,ALL,2022,7.25,True
CMR,ANY,ALL,2022,18.08,True
COG,ANY,ALL,2022,18.18,True
COL,ANY,ALL,2022,2.83,True
CPV,ANY,ALL,2022,12.56,True
CRI,ANY,ALL,2022,1.3,True
CUB,ANY,ALL,2022,9.16,True
CYP,ANY,ALL,2022,1.33,True
CZE,ANY,ALL,2022,1.33,True
DEU,ANY,ALL,2022,1.33,True
DNK,ANY,ALL,2022,1.33,True
DOM,ANY,ALL,2022,3.97,True
DZA,ANY,ALL,2022,9.25,True
ECU,ANY,ALL,2022,5.19,True
ESP,ANY,ALL,2022,1.33,True
EST,ANY,ALL,2022,1.33,True
FIN,ANY,ALL,2022,1.33,True
FRA,ANY,ALL,2022,1.33,True
GAB,ANY,ALL,2022,16.57,True
GBR,ANY,ALL,2022,1.0,True
GEO,ANY,ALL,2022,0.42,True
GHA,ANY,ALL,2022,12.51,True
GIN,ANY,ALL,2022,12.6,True
GMB,ANY,ALL,2022,16.44,True
GNB,ANY,ALL,2022,11.7,True
GNQ,ANY,ALL,2022,18.18,True
GRC,ANY,ALL,2022,1.33,True
GRD,ANY,ALL,2022,12.98,True
GTM,ANY,ALL,2022,2.39,True
GUY,ANY,ALL,2022,9.27,True
HKG,ANY,ALL,2022,0.0,True
HND,ANY,ALL,2022,2.11,True
HRV,ANY,ALL,2022,1.33,True
HUN,ANY,ALL,2022,1.33,True
IDN,ANY,ALL,2022,1.83,True
IND,ANY,ALL,2022,4.59,True
IRL,ANY,ALL,2022,1.33,True
ISL,ANY,ALL,2022,1.63,True
ISR,ANY,ALL,2022,2.62,True
ITA,ANY,ALL,2022,1.33,True
JAM,ANY,ALL,2022,9.24,True
JOR,ANY,ALL,2022,3.2,True
JPN,ANY,ALL,2022,1.64,True
KAZ,ANY,ALL,2022,2.9,True
KEN,ANY,ALL,2022,11.7,True
KHM,ANY,ALL,2022,7.2,True
KOR,ANY,ALL,2022,5.66,True
KWT,ANY,ALL,2022,4.01,True
LAO,ANY,ALL,2022,1.41,True
LBR,ANY,ALL,2022,6.22,True
LSO,ANY,ALL,2022,3.36,True
LTU,ANY,ALL,2022,1.33,True
LVA,ANY,ALL,2022,1.33,True
MAC,ANY,ALL,2022,0.0,True
MDA,ANY,ALL,2022,1.16,True
MDG,ANY,ALL,2022,8.74,True
MDV,ANY,ALL,2022,11.12,True
MEX,ANY,ALL,2022,1.62,True
MKD,ANY,ALL,2022,2.34,True
MLI,ANY,ALL,2022,8.9,True
MLT,ANY,ALL,2022,1.33,True
MMR,ANY,ALL,2022,0.82,True
MNE,ANY,ALL,2022,2.9,True
MNG,ANY,ALL,2022,5.35,True
MRT,ANY,ALL,2022,8.68,True
MUS,ANY,ALL,2022,1.2,True
MYS,ANY,ALL,2022,3.42,True
NAM,ANY,ALL,2022,3.58,True
NER,ANY,ALL,2022,8.36,True
NGA,ANY,ALL,2022,9.34,True
NIC,ANY,ALL,2022,2.04,True
NLD,ANY,ALL,2022,1.33,True
NOR,ANY,ALL,2022,2.31,True
NPL,ANY,ALL,2022,11.2,True
NZL,ANY,ALL,2022,1.7,True
OMN,ANY,ALL,2022,2.14,True
PAK,ANY,ALL,2022,7.61,True
PAN,ANY,ALL,2022,5.93,True
PER,ANY,ALL,2022,0.66,True
PHL,ANY,ALL,2022,1.76,True
POL,ANY,ALL,2022,1.33,True
PRT,ANY,ALL,2022,1.33,True
PRY,ANY,ALL,2022,4.63,True
QAT,ANY,ALL,2022,3.69,True
ROU,ANY,ALL,2022,1.33,True
RWA,ANY,ALL,2022,11.11,True
SAU,ANY,ALL,2022,5.4,True
SEN,ANY,ALL,2022,8.4,True
SGP,ANY,ALL,2022,0.0,True
SLB,ANY,ALL,2022,20.66,True
SLE,ANY,ALL,2022,13.65,True
SLV,ANY,ALL,2022,2.16,True
SUR,ANY,ALL,2022,7.8,True
SVK,ANY,ALL,2022,1.33,True
SVN,ANY,ALL,2022,1.33,True
SWE,ANY,ALL,2022,1.33,True
SWZ,ANY,ALL,2022,2.98,True
SYC,ANY,ALL,2022,1.27,True
TCD,ANY,ALL,2022,16.8,True
TGO,ANY,ALL,2022,13.56,True
THA,ANY,ALL,2022,3.67,True
TON,ANY,ALL,2022,6.44,True
TTO,ANY,ALL,2022,7.51,True
TUR,ANY,ALL,2022,4.31,True
TZA,ANY,ALL,2022,8.64,True
UGA,ANY,ALL,2022,7.86,True
UKR,ANY,ALL,2022,1.86,True
URY,ANY,ALL,2022,4.85,True
USA,ANY,ALL,2022,1.49,True
VCT,ANY,ALL,2022,9.17,True
VEN,ANY,ALL,2022,12.84,True
VNM,ANY,ALL,2022,1.07,True
VUT,ANY,ALL,2022,11.48,True
ZAF,ANY,ALL,2022,4.66,True
ZMB,ANY,ALL,2022,4.08,True
